
 source   = pom2k  2006-05-03                       
 title      = Run 1                                   

 iproblem   =          1
 mode       =          3
 nadv       =          2
 nitera     =          2
 sw         =     0.5000
 nread      =          0
 dte        =       6.00
 dti        =      180.0
 isplit     =         30
 time_start = 2000-01-01 00:00:00 +00:00
 days       =     0.0250
 iend       =         12
 prtd1      =     0.0125
 iprint     =          6
 prtd2      =     1.0000
 swtch      =    1000.00
 iswtch     =     480000
 iskp, jskp =     4,    3
 lramp      =          F
 rhoref     =   1025.000
 tbias      =      0.000
 sbias      =      0.000
 grav       =     9.8060
 kappa      =     0.4000
 z0b        =   0.010000
 cbcmin     =   0.002500
 cbcmax     =   1.000000
 horcon     =      0.200
 tprni      =     0.2000
 umol       =     0.0000
 hmax       =    4500.00
 vmaxl      =   100.0000
 slmax      =     2.0000
 kl1, kl2   =     6,   19
 ntp        =          2
 nbct       =          1
 nbcs       =          1
 ispadv     =          5
 smoth      =     0.1000
 alpha      =     0.2250

  k       z         zz         dz         dzz

     1    -0.000    -0.004     0.007     0.007
     2    -0.007    -0.011     0.007     0.011
     3    -0.015    -0.022     0.015     0.022
     4    -0.029    -0.044     0.029     0.044
     5    -0.059    -0.088     0.059     0.059
     6    -0.118    -0.147     0.059     0.059
     7    -0.176    -0.206     0.059     0.059
     8    -0.235    -0.265     0.059     0.059
     9    -0.294    -0.324     0.059     0.059
    10    -0.353    -0.382     0.059     0.059
    11    -0.412    -0.441     0.059     0.059
    12    -0.471    -0.500     0.059     0.059
    13    -0.529    -0.559     0.059     0.059
    14    -0.588    -0.618     0.059     0.059
    15    -0.647    -0.676     0.059     0.059
    16    -0.706    -0.735     0.059     0.059
    17    -0.765    -0.794     0.059     0.059
    18    -0.824    -0.853     0.059     0.059
    19    -0.882    -0.912     0.059     0.059
    20    -0.941    -0.971     0.059     0.059
    21    -1.000    -1.029     0.000     0.000



 grid increment in x, dx                 

 Time =    0.0000 days    multiply all values by 1.00E+00

      1    5    9   13   17   21   25   29   33   37   41   45   49   53   57   61   65
  49 7807 7043 6314 5649 5071 4602 4260 4057 4001 4094 4333 4708 5206 5808 6492 7231 8000
  46 7807 7043 6314 5649 5071 4602 4260 4057 4001 4094 4333 4708 5206 5808 6492 7231 8000
  43 7807 7043 6314 5649 5071 4602 4260 4057 4001 4094 4333 4708 5206 5808 6492 7231 8000
  40 7807 7043 6314 5649 5071 4602 4260 4057 4001 4094 4333 4708 5206 5808 6492 7231 8000
  37 7807 7043 6314 5649 5071 4602 4260 4057 4001 4094 4333 4708 5206 5808 6492 7231 8000
  34 7807 7043 6314 5649 5071 4602 4260 4057 4001 4094 4333 4708 5206 5808 6492 7231 8000
  31 7807 7043 6314 5649 5071 4602 4260 4057 4001 4094 4333 4708 5206 5808 6492 7231 8000
  28 7807 7043 6314 5649 5071 4602 4260 4057 4001 4094 4333 4708 5206 5808 6492 7231 8000
  25 7807 7043 6314 5649 5071 4602 4260 4057 4001 4094 4333 4708 5206 5808 6492 7231 8000
  22 7807 7043 6314 5649 5071 4602 4260 4057 4001 4094 4333 4708 5206 5808 6492 7231 8000
  19 7807 7043 6314 5649 5071 4602 4260 4057 4001 4094 4333 4708 5206 5808 6492 7231 8000
  16 7807 7043 6314 5649 5071 4602 4260 4057 4001 4094 4333 4708 5206 5808 6492 7231 8000
  13 7807 7043 6314 5649 5071 4602 4260 4057 4001 4094 4333 4708 5206 5808 6492 7231 8000
  10 7807 7043 6314 5649 5071 4602 4260 4057 4001 4094 4333 4708 5206 5808 6492 7231 8000
   7 7807 7043 6314 5649 5071 4602 4260 4057 4001 4094 4333 4708 5206 5808 6492 7231 8000
   4 7807 7043 6314 5649 5071 4602 4260 4057 4001 4094 4333 4708 5206 5808 6492 7231 8000
   1 7807 7043 6314 5649 5071 4602 4260 4057 4001 4094 4333 4708 5206 5808 6492 7231 8000



 grid increment in y, dy                 

 Time =    0.0000 days    multiply all values by 1.00E+00

      1    5    9   13   17   21   25   29   33   37   41   45   49   53   57   61   65
  49 8000 8000 8000 8000 8000 8000 8000 8000 8000 8000 8000 8000 8000 8000 8000 8000 8000
  46 7235 7235 7235 7235 7235 7235 7235 7235 7235 7235 7235 7235 7235 7235 7235 7235 7235
  43 6499 6499 6499 6499 6499 6499 6499 6499 6499 6499 6499 6499 6499 6499 6499 6499 6499
  40 5818 5818 5818 5818 5818 5818 5818 5818 5818 5818 5818 5818 5818 5818 5818 5818 5818
  37 5217 5217 5217 5217 5217 5217 5217 5217 5217 5217 5217 5217 5217 5217 5217 5217 5217
  34 4719 4719 4719 4719 4719 4719 4719 4719 4719 4719 4719 4719 4719 4719 4719 4719 4719
  31 4342 4342 4342 4342 4342 4342 4342 4342 4342 4342 4342 4342 4342 4342 4342 4342 4342
  28 4100 4100 4100 4100 4100 4100 4100 4100 4100 4100 4100 4100 4100 4100 4100 4100 4100
  25 4002 4002 4002 4002 4002 4002 4002 4002 4002 4002 4002 4002 4002 4002 4002 4002 4002
  22 4051 4051 4051 4051 4051 4051 4051 4051 4051 4051 4051 4051 4051 4051 4051 4051 4051
  19 4246 4246 4246 4246 4246 4246 4246 4246 4246 4246 4246 4246 4246 4246 4246 4246 4246
  16 4579 4579 4579 4579 4579 4579 4579 4579 4579 4579 4579 4579 4579 4579 4579 4579 4579
  13 5039 5039 5039 5039 5039 5039 5039 5039 5039 5039 5039 5039 5039 5039 5039 5039 5039
  10 5608 5608 5608 5608 5608 5608 5608 5608 5608 5608 5608 5608 5608 5608 5608 5608 5608
   7 6264 6264 6264 6264 6264 6264 6264 6264 6264 6264 6264 6264 6264 6264 6264 6264 6264
   4 6985 6985 6985 6985 6985 6985 6985 6985 6985 6985 6985 6985 6985 6985 6985 6985 6985
   1 7744 7744 7744 7744 7744 7744 7744 7744 7744 7744 7744 7744 7744 7744 7744 7744 7744



 Easting of elevation points, east_e     

 Time =    0.0000 days    multiply all values by 1.00E+02

      1    5    9   13   17   21   25   29   33   37   41   45   49   53   57   61   65
  49   39  336  603  842 1056 1249 1426 1592 1753 1914 2082 2263 2460 2680 2926 3201 3504
  46   39  336  603  842 1056 1249 1426 1592 1753 1914 2082 2263 2460 2680 2926 3201 3504
  43   39  336  603  842 1056 1249 1426 1592 1753 1914 2082 2263 2460 2680 2926 3201 3504
  40   39  336  603  842 1056 1249 1426 1592 1753 1914 2082 2263 2460 2680 2926 3201 3504
  37   39  336  603  842 1056 1249 1426 1592 1753 1914 2082 2263 2460 2680 2926 3201 3504
  34   39  336  603  842 1056 1249 1426 1592 1753 1914 2082 2263 2460 2680 2926 3201 3504
  31   39  336  603  842 1056 1249 1426 1592 1753 1914 2082 2263 2460 2680 2926 3201 3504
  28   39  336  603  842 1056 1249 1426 1592 1753 1914 2082 2263 2460 2680 2926 3201 3504
  25   39  336  603  842 1056 1249 1426 1592 1753 1914 2082 2263 2460 2680 2926 3201 3504
  22   39  336  603  842 1056 1249 1426 1592 1753 1914 2082 2263 2460 2680 2926 3201 3504
  19   39  336  603  842 1056 1249 1426 1592 1753 1914 2082 2263 2460 2680 2926 3201 3504
  16   39  336  603  842 1056 1249 1426 1592 1753 1914 2082 2263 2460 2680 2926 3201 3504
  13   39  336  603  842 1056 1249 1426 1592 1753 1914 2082 2263 2460 2680 2926 3201 3504
  10   39  336  603  842 1056 1249 1426 1592 1753 1914 2082 2263 2460 2680 2926 3201 3504
   7   39  336  603  842 1056 1249 1426 1592 1753 1914 2082 2263 2460 2680 2926 3201 3504
   4   39  336  603  842 1056 1249 1426 1592 1753 1914 2082 2263 2460 2680 2926 3201 3504
   1   39  336  603  842 1056 1249 1426 1592 1753 1914 2082 2263 2460 2680 2926 3201 3504



 Northing of elevation points, north_e   

 Time =    0.0000 days    multiply all values by 1.00E+02

      1    5    9   13   17   21   25   29   33   37   41   45   49   53   57   61   65
  49 2631 2631 2631 2631 2631 2631 2631 2631 2631 2631 2631 2631 2631 2631 2631 2631 2631
  46 2404 2404 2404 2404 2404 2404 2404 2404 2404 2404 2404 2404 2404 2404 2404 2404 2404
  43 2198 2198 2198 2198 2198 2198 2198 2198 2198 2198 2198 2198 2198 2198 2198 2198 2198
  40 2014 2014 2014 2014 2014 2014 2014 2014 2014 2014 2014 2014 2014 2014 2014 2014 2014
  37 1848 1848 1848 1848 1848 1848 1848 1848 1848 1848 1848 1848 1848 1848 1848 1848 1848
  34 1700 1700 1700 1700 1700 1700 1700 1700 1700 1700 1700 1700 1700 1700 1700 1700 1700
  31 1564 1564 1564 1564 1564 1564 1564 1564 1564 1564 1564 1564 1564 1564 1564 1564 1564
  28 1438 1438 1438 1438 1438 1438 1438 1438 1438 1438 1438 1438 1438 1438 1438 1438 1438
  25 1316 1316 1316 1316 1316 1316 1316 1316 1316 1316 1316 1316 1316 1316 1316 1316 1316
  22 1196 1196 1196 1196 1196 1196 1196 1196 1196 1196 1196 1196 1196 1196 1196 1196 1196
  19 1072 1072 1072 1072 1072 1072 1072 1072 1072 1072 1072 1072 1072 1072 1072 1072 1072
  16  940  940  940  940  940  940  940  940  940  940  940  940  940  940  940  940  940
  13  796  796  796  796  796  796  796  796  796  796  796  796  796  796  796  796  796
  10  636  636  636  636  636  636  636  636  636  636  636  636  636  636  636  636  636
   7  458  458  458  458  458  458  458  458  458  458  458  458  458  458  458  458  458
   4  260  260  260  260  260  260  260  260  260  260  260  260  260  260  260  260  260
   1   39   39   39   39   39   39   39   39   39   39   39   39   39   39   39   39   39



 Easting of cell corners, east_c         

 Time =    0.0000 days    multiply all values by 1.00E+02

      1    5    9   13   17   21   25   29   33   37   41   45   49   53   57   61   65
  49    0  301  571  814 1031 1226 1405 1572 1733 1894 2060 2239 2434 2651 2894 3164 3465
  46    0  301  571  814 1031 1226 1405 1572 1733 1894 2060 2239 2434 2651 2894 3164 3465
  43    0  301  571  814 1031 1226 1405 1572 1733 1894 2060 2239 2434 2651 2894 3164 3465
  40    0  301  571  814 1031 1226 1405 1572 1733 1894 2060 2239 2434 2651 2894 3164 3465
  37    0  301  571  814 1031 1226 1405 1572 1733 1894 2060 2239 2434 2651 2894 3164 3465
  34    0  301  571  814 1031 1226 1405 1572 1733 1894 2060 2239 2434 2651 2894 3164 3465
  31    0  301  571  814 1031 1226 1405 1572 1733 1894 2060 2239 2434 2651 2894 3164 3465
  28    0  301  571  814 1031 1226 1405 1572 1733 1894 2060 2239 2434 2651 2894 3164 3465
  25    0  301  571  814 1031 1226 1405 1572 1733 1894 2060 2239 2434 2651 2894 3164 3465
  22    0  301  571  814 1031 1226 1405 1572 1733 1894 2060 2239 2434 2651 2894 3164 3465
  19    0  301  571  814 1031 1226 1405 1572 1733 1894 2060 2239 2434 2651 2894 3164 3465
  16    0  301  571  814 1031 1226 1405 1572 1733 1894 2060 2239 2434 2651 2894 3164 3465
  13    0  301  571  814 1031 1226 1405 1572 1733 1894 2060 2239 2434 2651 2894 3164 3465
  10    0  301  571  814 1031 1226 1405 1572 1733 1894 2060 2239 2434 2651 2894 3164 3465
   7    0  301  571  814 1031 1226 1405 1572 1733 1894 2060 2239 2434 2651 2894 3164 3465
   4    0  301  571  814 1031 1226 1405 1572 1733 1894 2060 2239 2434 2651 2894 3164 3465
   1    0  301  571  814 1031 1226 1405 1572 1733 1894 2060 2239 2434 2651 2894 3164 3465



 Northing of cell corners, north_c       

 Time =    0.0000 days    multiply all values by 1.00E+02

      1    5    9   13   17   21   25   29   33   37   41   45   49   53   57   61   65
  49 2593 2593 2593 2593 2593 2593 2593 2593 2593 2593 2593 2593 2593 2593 2593 2593 2593
  46 2368 2368 2368 2368 2368 2368 2368 2368 2368 2368 2368 2368 2368 2368 2368 2368 2368
  43 2166 2166 2166 2166 2166 2166 2166 2166 2166 2166 2166 2166 2166 2166 2166 2166 2166
  40 1985 1985 1985 1985 1985 1985 1985 1985 1985 1985 1985 1985 1985 1985 1985 1985 1985
  37 1822 1822 1822 1822 1822 1822 1822 1822 1822 1822 1822 1822 1822 1822 1822 1822 1822
  34 1676 1676 1676 1676 1676 1676 1676 1676 1676 1676 1676 1676 1676 1676 1676 1676 1676
  31 1542 1542 1542 1542 1542 1542 1542 1542 1542 1542 1542 1542 1542 1542 1542 1542 1542
  28 1417 1417 1417 1417 1417 1417 1417 1417 1417 1417 1417 1417 1417 1417 1417 1417 1417
  25 1296 1296 1296 1296 1296 1296 1296 1296 1296 1296 1296 1296 1296 1296 1296 1296 1296
  22 1176 1176 1176 1176 1176 1176 1176 1176 1176 1176 1176 1176 1176 1176 1176 1176 1176
  19 1050 1050 1050 1050 1050 1050 1050 1050 1050 1050 1050 1050 1050 1050 1050 1050 1050
  16  917  917  917  917  917  917  917  917  917  917  917  917  917  917  917  917  917
  13  770  770  770  770  770  770  770  770  770  770  770  770  770  770  770  770  770
  10  608  608  608  608  608  608  608  608  608  608  608  608  608  608  608  608  608
   7  427  427  427  427  427  427  427  427  427  427  427  427  427  427  427  427  427
   4  225  225  225  225  225  225  225  225  225  225  225  225  225  225  225  225  225
   1    0    0    0    0    0    0    0    0    0    0    0    0    0    0    0    0    0



 Rotation angle of x-axis wrt. east, rot 

 Time =    0.0000 days    multiply all values by 1.00E-15

      1    5    9   13   17   21   25   29   33   37   41   45   49   53   57   61   65
  49    0    0    0    0    0    0    0    0    0    0    0    0    0    0    0    0    0
  46    0    0    0    0    0    0    0    0    0    0    0    0    0    0    0    0    0
  43    0    0    0    0    0    0    0    0    0    0    0    0    0    0    0    0    0
  40    0    0    0    0    0    0    0    0    0    0    0    0    0    0    0    0    0
  37    0    0    0    0    0    0    0    0    0    0    0    0    0    0    0    0    0
  34    0    0    0    0    0    0    0    0    0    0    0    0    0    0    0    0    0
  31    0    0    0    0    0    0    0    0    0    0    0    0    0    0    0    0    0
  28    0    0    0    0    0    0    0    0    0    0    0    0    0    0    0    0    0
  25    0    0    0    0    0    0    0    0    0    0    0    0    0    0    0    0    0
  22    0    0    0    0    0    0    0    0    0    0    0    0    0    0    0    0    0
  19    0    0    0    0    0    0    0    0    0    0    0    0    0    0    0    0    0
  16    0    0    0    0    0    0    0    0    0    0    0    0    0    0    0    0    0
  13    0    0    0    0    0    0    0    0    0    0    0    0    0    0    0    0    0
  10    0    0    0    0    0    0    0    0    0    0    0    0    0    0    0    0    0
   7    0    0    0    0    0    0    0    0    0    0    0    0    0    0    0    0    0
   4    0    0    0    0    0    0    0    0    0    0    0    0    0    0    0    0    0
   1    0    0    0    0    0    0    0    0    0    0    0    0    0    0    0    0    0



 Undisturbed water depth, h              

 Time =    0.0000 days    multiply all values by 1.00E+01

      1    5    9   13   17   21   25   29   33   37   41   45   49   53   57   61   65
  49    0    0    0    0    0    0    0    0    0    0    0    0    0    0    0    0    0
  46  450  450  450  450  450  450  450  450  450  450  450  450  450  450  450  450  450
  43  450  450  450  450  450  450  450  450  450  450  450  450  450  450  450  450  450
  40  450  450  450  450  450  450  450  450  450  450  450  450  450  450  450  450  450
  37  450  450  450  450  450  450  449  447  445  447  449  450  450  450  450  450  450
  34  450  450  450  450  450  449  443  423  410  423  443  449  450  450  450  450  450
  31  450  450  450  450  450  447  422  348  296  348  422  447  450  450  450  450  450
  28  450  450  450  450  450  445  393  238  129  238  393  445  450  450  450  450  450
  25  450  450  450  450  450  443  377  182   45  182  377  443  450  450  450  450  450
  22  450  450  450  450  450  445  393  238  129  238  393  445  450  450  450  450  450
  19  450  450  450  450  450  447  422  348  296  348  422  447  450  450  450  450  450
  16  450  450  450  450  450  449  443  423  410  423  443  449  450  450  450  450  450
  13  450  450  450  450  450  450  449  447  445  447  449  450  450  450  450  450  450
  10  450  450  450  450  450  450  450  450  450  450  450  450  450  450  450  450  450
   7  450  450  450  450  450  450  450  450  450  450  450  450  450  450  450  450  450
   4  450  450  450  450  450  450  450  450  450  450  450  450  450  450  450  450  450
   1    0    0    0    0    0    0    0    0    0    0    0    0    0    0    0    0    0



 Free surface mask, fsm                  

 Time =    0.0000 days    multiply all values by 1.00E+00

      1    5    9   13   17   21   25   29   33   37   41   45   49   53   57   61   65
  49    0    0    0    0    0    0    0    0    0    0    0    0    0    0    0    0    0
  46    1    1    1    1    1    1    1    1    1    1    1    1    1    1    1    1    1
  43    1    1    1    1    1    1    1    1    1    1    1    1    1    1    1    1    1
  40    1    1    1    1    1    1    1    1    1    1    1    1    1    1    1    1    1
  37    1    1    1    1    1    1    1    1    1    1    1    1    1    1    1    1    1
  34    1    1    1    1    1    1    1    1    1    1    1    1    1    1    1    1    1
  31    1    1    1    1    1    1    1    1    1    1    1    1    1    1    1    1    1
  28    1    1    1    1    1    1    1    1    1    1    1    1    1    1    1    1    1
  25    1    1    1    1    1    1    1    1    1    1    1    1    1    1    1    1    1
  22    1    1    1    1    1    1    1    1    1    1    1    1    1    1    1    1    1
  19    1    1    1    1    1    1    1    1    1    1    1    1    1    1    1    1    1
  16    1    1    1    1    1    1    1    1    1    1    1    1    1    1    1    1    1
  13    1    1    1    1    1    1    1    1    1    1    1    1    1    1    1    1    1
  10    1    1    1    1    1    1    1    1    1    1    1    1    1    1    1    1    1
   7    1    1    1    1    1    1    1    1    1    1    1    1    1    1    1    1    1
   4    1    1    1    1    1    1    1    1    1    1    1    1    1    1    1    1    1
   1    0    0    0    0    0    0    0    0    0    0    0    0    0    0    0    0    0



 u-velocity mask, dum                    

 Time =    0.0000 days    multiply all values by 1.00E+00

      1    5    9   13   17   21   25   29   33   37   41   45   49   53   57   61   65
  49    0    0    0    0    0    0    0    0    0    0    0    0    0    0    0    0    0
  46    0    1    1    1    1    1    1    1    1    1    1    1    1    1    1    1    1
  43    0    1    1    1    1    1    1    1    1    1    1    1    1    1    1    1    1
  40    0    1    1    1    1    1    1    1    1    1    1    1    1    1    1    1    1
  37    0    1    1    1    1    1    1    1    1    1    1    1    1    1    1    1    1
  34    0    1    1    1    1    1    1    1    1    1    1    1    1    1    1    1    1
  31    0    1    1    1    1    1    1    1    1    1    1    1    1    1    1    1    1
  28    0    1    1    1    1    1    1    1    1    1    1    1    1    1    1    1    1
  25    0    1    1    1    1    1    1    1    1    1    1    1    1    1    1    1    1
  22    0    1    1    1    1    1    1    1    1    1    1    1    1    1    1    1    1
  19    0    1    1    1    1    1    1    1    1    1    1    1    1    1    1    1    1
  16    0    1    1    1    1    1    1    1    1    1    1    1    1    1    1    1    1
  13    0    1    1    1    1    1    1    1    1    1    1    1    1    1    1    1    1
  10    0    1    1    1    1    1    1    1    1    1    1    1    1    1    1    1    1
   7    0    1    1    1    1    1    1    1    1    1    1    1    1    1    1    1    1
   4    0    1    1    1    1    1    1    1    1    1    1    1    1    1    1    1    1
   1    0    0    0    0    0    0    0    0    0    0    0    0    0    0    0    0    0



 v-velocity mask, dvm                    

 Time =    0.0000 days    multiply all values by 1.00E+00

      1    5    9   13   17   21   25   29   33   37   41   45   49   53   57   61   65
  49    0    0    0    0    0    0    0    0    0    0    0    0    0    0    0    0    0
  46    0    1    1    1    1    1    1    1    1    1    1    1    1    1    1    1    1
  43    0    1    1    1    1    1    1    1    1    1    1    1    1    1    1    1    1
  40    0    1    1    1    1    1    1    1    1    1    1    1    1    1    1    1    1
  37    0    1    1    1    1    1    1    1    1    1    1    1    1    1    1    1    1
  34    0    1    1    1    1    1    1    1    1    1    1    1    1    1    1    1    1
  31    0    1    1    1    1    1    1    1    1    1    1    1    1    1    1    1    1
  28    0    1    1    1    1    1    1    1    1    1    1    1    1    1    1    1    1
  25    0    1    1    1    1    1    1    1    1    1    1    1    1    1    1    1    1
  22    0    1    1    1    1    1    1    1    1    1    1    1    1    1    1    1    1
  19    0    1    1    1    1    1    1    1    1    1    1    1    1    1    1    1    1
  16    0    1    1    1    1    1    1    1    1    1    1    1    1    1    1    1    1
  13    0    1    1    1    1    1    1    1    1    1    1    1    1    1    1    1    1
  10    0    1    1    1    1    1    1    1    1    1    1    1    1    1    1    1    1
   7    0    1    1    1    1    1    1    1    1    1    1    1    1    1    1    1    1
   4    0    1    1    1    1    1    1    1    1    1    1    1    1    1    1    1    1
   1    0    0    0    0    0    0    0    0    0    0    0    0    0    0    0    0    0



 External (2-D) CFL time step, tps       

 Time =    0.0000 days    multiply all values by 1.00E+00

      1    5    9   13   17   21   25   29   33   37   41   45   49   53   57   61   65
  49    0    0    0    0    0    0    0    0    0    0    0    0    0    0    0    0    0
  46   13   12   11   11   10    9    9    8    8    8    9    9   10   11   12   12   13
  43   12   11   11   10   10    9    8    8    8    8    9    9   10   10   11   12   12
  40   11   11   10   10    9    9    8    8    8    8    8    9    9   10   10   11   11
  37   10   10   10    9    9    8    8    8    8    8    8    8    9    9   10   10   10
  34   10    9    9    9    8    8    8    8    8    8    8    8    8    9    9    9   10
  31    9    9    9    8    8    8    7    8    9    8    8    8    8    8    9    9    9
  28    9    8    8    8    8    7    8    9   13    9    8    7    8    8    8    8    9
  25    8    8    8    8    7    7    8   11   21   11    8    7    8    8    8    8    9
  22    9    8    8    8    8    7    7    9   13    9    8    7    8    8    8    8    9
  19    9    9    8    8    8    7    7    8    9    8    7    8    8    8    8    9    9
  16    9    9    9    8    8    8    7    7    8    7    8    8    8    9    9    9    9
  13   10   10    9    9    9    8    8    8    7    8    8    8    9    9    9   10   10
  10   11   10   10    9    9    8    8    8    8    8    8    9    9   10   10   11   11
   7   12   11   11   10    9    9    8    8    8    8    8    9   10   10   11   11   12
   4   12   12   11   10   10    9    9    8    8    8    9    9   10   11   11   12   13
   1    0    0    0    0    0    0    0    0    0    0    0    0    0    0    0    0    0



 Horizontally-averaged rho, rmean        

 Time =    0.0000 days    multiply all values by 1.00E-05

 Layer k =  1

      1    5    9   13   17   21   25   29   33   37   41   45   49   53   57   61   65
  49    0    0    0    0    0    0    0    0    0    0    0    0    0    0    0    0    0
  46 2429 2429 2429 2429 2429 2429 2429 2429 2429 2429 2429 2429 2429 2429 2429 2429 2429
  43 2429 2429 2429 2429 2429 2429 2429 2429 2429 2429 2429 2429 2429 2429 2429 2429 2429
  40 2429 2429 2429 2429 2429 2429 2429 2429 2429 2429 2429 2429 2429 2429 2429 2429 2429
  37 2429 2429 2429 2429 2429 2429 2429 2429 2429 2429 2429 2429 2429 2429 2429 2429 2429
  34 2429 2429 2429 2429 2429 2429 2429 2428 2428 2428 2429 2429 2429 2429 2429 2429 2429
  31 2429 2429 2429 2429 2429 2429 2428 2426 2425 2426 2428 2429 2429 2429 2429 2429 2429
  28 2429 2429 2429 2429 2429 2429 2428 2423 2420 2423 2428 2429 2429 2429 2429 2429 2429
  25 2429 2429 2429 2429 2429 2429 2427 2421 2417 2421 2427 2429 2429 2429 2429 2429 2429
  22 2429 2429 2429 2429 2429 2429 2428 2423 2420 2423 2428 2429 2429 2429 2429 2429 2429
  19 2429 2429 2429 2429 2429 2429 2428 2426 2425 2426 2428 2429 2429 2429 2429 2429 2429
  16 2429 2429 2429 2429 2429 2429 2429 2428 2428 2428 2429 2429 2429 2429 2429 2429 2429
  13 2429 2429 2429 2429 2429 2429 2429 2429 2429 2429 2429 2429 2429 2429 2429 2429 2429
  10 2429 2429 2429 2429 2429 2429 2429 2429 2429 2429 2429 2429 2429 2429 2429 2429 2429
   7 2429 2429 2429 2429 2429 2429 2429 2429 2429 2429 2429 2429 2429 2429 2429 2429 2429
   4 2429 2429 2429 2429 2429 2429 2429 2429 2429 2429 2429 2429 2429 2429 2429 2429 2429
   1    0    0    0    0    0    0    0    0    0    0    0    0    0    0    0    0    0




 Layer k = 10

      1    5    9   13   17   21   25   29   33   37   41   45   49   53   57   61   65
  49    0    0    0    0    0    0    0    0    0    0    0    0    0    0    0    0    0
  46 3420 3420 3420 3420 3420 3420 3420 3420 3420 3420 3420 3420 3420 3420 3420 3420 3420
  43 3420 3420 3420 3420 3420 3420 3420 3420 3420 3420 3420 3420 3420 3420 3420 3420 3420
  40 3420 3420 3420 3420 3420 3420 3420 3419 3419 3419 3420 3420 3420 3420 3420 3420 3420
  37 3420 3420 3420 3420 3420 3419 3418 3414 3411 3414 3418 3419 3420 3420 3420 3420 3420
  34 3420 3420 3420 3420 3420 3418 3406 3371 3345 3371 3406 3418 3420 3420 3420 3420 3420
  31 3420 3420 3420 3420 3420 3415 3369 3229 3126 3229 3369 3415 3420 3420 3420 3420 3420
  28 3420 3420 3420 3420 3419 3410 3313 3008 2765 3008 3313 3410 3419 3420 3420 3420 3420
  25 3420 3420 3420 3420 3419 3407 3285 2887 2548 2887 3285 3407 3419 3420 3420 3420 3420
  22 3420 3420 3420 3420 3419 3410 3313 3008 2765 3008 3313 3410 3419 3420 3420 3420 3420
  19 3420 3420 3420 3420 3420 3415 3369 3229 3126 3229 3369 3415 3420 3420 3420 3420 3420
  16 3420 3420 3420 3420 3420 3418 3406 3371 3345 3371 3406 3418 3420 3420 3420 3420 3420
  13 3420 3420 3420 3420 3420 3419 3418 3414 3411 3414 3418 3419 3420 3420 3420 3420 3420
  10 3420 3420 3420 3420 3420 3420 3420 3419 3419 3419 3420 3420 3420 3420 3420 3420 3420
   7 3420 3420 3420 3420 3420 3420 3420 3420 3420 3420 3420 3420 3420 3420 3420 3420 3420
   4 3420 3420 3420 3420 3420 3420 3420 3420 3420 3420 3420 3420 3420 3420 3420 3420 3420
   1    0    0    0    0    0    0    0    0    0    0    0    0    0    0    0    0    0




 Layer k = 20

      1    5    9   13   17   21   25   29   33   37   41   45   49   53   57   61   65
  49    0    0    0    0    0    0    0    0    0    0    0    0    0    0    0    0    0
  46 4582 4582 4582 4582 4582 4582 4582 4582 4582 4582 4582 4582 4582 4582 4582 4582 4582
  43 4582 4582 4582 4582 4582 4582 4582 4582 4582 4582 4582 4582 4582 4582 4582 4582 4582
  40 4582 4582 4582 4582 4582 4582 4581 4581 4581 4581 4581 4582 4582 4582 4582 4582 4582
  37 4582 4582 4582 4582 4582 4581 4578 4569 4562 4569 4578 4581 4582 4582 4582 4582 4582
  34 4582 4582 4582 4582 4582 4579 4553 4474 4418 4474 4553 4579 4582 4582 4582 4582 4582
  31 4582 4582 4582 4582 4581 4571 4470 4165 3945 4165 4470 4571 4581 4582 4582 4582 4582
  28 4582 4582 4582 4582 4581 4560 4348 3695 3189 3695 4348 4560 4581 4582 4582 4582 4582
  25 4582 4582 4582 4582 4581 4555 4286 3444 2728 3444 4286 4555 4581 4582 4582 4582 4582
  22 4582 4582 4582 4582 4581 4560 4348 3695 3189 3695 4348 4560 4581 4582 4582 4582 4582
  19 4582 4582 4582 4582 4581 4571 4470 4165 3945 4165 4470 4571 4581 4582 4582 4582 4582
  16 4582 4582 4582 4582 4582 4579 4553 4474 4418 4474 4553 4579 4582 4582 4582 4582 4582
  13 4582 4582 4582 4582 4582 4581 4578 4569 4562 4569 4578 4581 4582 4582 4582 4582 4582
  10 4582 4582 4582 4582 4582 4582 4581 4581 4581 4581 4581 4582 4582 4582 4582 4582 4582
   7 4582 4582 4582 4582 4582 4582 4582 4582 4582 4582 4582 4582 4582 4582 4582 4582 4582
   4 4582 4582 4582 4582 4582 4582 4582 4582 4582 4582 4582 4582 4582 4582 4582 4582 4582
   1    0    0    0    0    0    0    0    0    0    0    0    0    0    0    0    0    0



 Horizontally-averaged rho, rmean        

 Time =    0.0000 days    multiply all values by 1.00E-05

 Section j =  1

    i =      1    5    9   13   17   21   25   29   33   37   41   45   49   53   57   61   65
        d =    1    1    1    1    1    1    1    1    1    1    1    1    1    1    1    1    1
  1  -0.004    0    0    0    0    0    0    0    0    0    0    0    0    0    0    0    0    0
  2  -0.011    0    0    0    0    0    0    0    0    0    0    0    0    0    0    0    0    0
  3  -0.022    0    0    0    0    0    0    0    0    0    0    0    0    0    0    0    0    0
  4  -0.044    0    0    0    0    0    0    0    0    0    0    0    0    0    0    0    0    0
  5  -0.088    0    0    0    0    0    0    0    0    0    0    0    0    0    0    0    0    0
  6  -0.147    0    0    0    0    0    0    0    0    0    0    0    0    0    0    0    0    0
  7  -0.206    0    0    0    0    0    0    0    0    0    0    0    0    0    0    0    0    0
  8  -0.265    0    0    0    0    0    0    0    0    0    0    0    0    0    0    0    0    0
  9  -0.324    0    0    0    0    0    0    0    0    0    0    0    0    0    0    0    0    0
 10  -0.382    0    0    0    0    0    0    0    0    0    0    0    0    0    0    0    0    0
 11  -0.441    0    0    0    0    0    0    0    0    0    0    0    0    0    0    0    0    0
 12  -0.500    0    0    0    0    0    0    0    0    0    0    0    0    0    0    0    0    0
 13  -0.559    0    0    0    0    0    0    0    0    0    0    0    0    0    0    0    0    0
 14  -0.618    0    0    0    0    0    0    0    0    0    0    0    0    0    0    0    0    0
 15  -0.676    0    0    0    0    0    0    0    0    0    0    0    0    0    0    0    0    0
 16  -0.735    0    0    0    0    0    0    0    0    0    0    0    0    0    0    0    0    0
 17  -0.794    0    0    0    0    0    0    0    0    0    0    0    0    0    0    0    0    0
 18  -0.853    0    0    0    0    0    0    0    0    0    0    0    0    0    0    0    0    0
 19  -0.912    0    0    0    0    0    0    0    0    0    0    0    0    0    0    0    0    0
 20  -0.971    0    0    0    0    0    0    0    0    0    0    0    0    0    0    0    0    0
 21  -1.029    0    0    0    0    0    0    0    0    0    0    0    0    0    0    0    0    0




 Section j = 24

    i =      1    5    9   13   17   21   25   29   33   37   41   45   49   53   57   61   65
        d = 4500 4500 4500 4500 4499 4435 3793 1892  552 1892 3793 4435 4499 4500 4500 4500 4500
  1  -0.004 2429 2429 2429 2429 2429 2429 2427 2422 2418 2422 2427 2429 2429 2429 2429 2429 2429
  2  -0.011 2455 2455 2455 2455 2455 2455 2449 2433 2421 2433 2449 2455 2455 2455 2455 2455 2455
  3  -0.022 2494 2494 2494 2494 2494 2493 2482 2449 2426 2449 2482 2493 2494 2494 2494 2494 2494
  4  -0.044 2567 2567 2567 2567 2567 2565 2544 2482 2435 2482 2544 2565 2567 2567 2567 2567 2567
  5  -0.088 2703 2703 2703 2703 2703 2699 2661 2544 2455 2544 2661 2699 2703 2703 2703 2703 2703
  6  -0.147 2866 2866 2866 2866 2866 2861 2804 2623 2480 2623 2804 2861 2866 2866 2866 2866 2866
  7  -0.206 3017 3017 3017 3017 3016 3009 2935 2698 2505 2698 2935 3009 3016 3017 3017 3017 3017
  8  -0.265 3157 3157 3157 3157 3157 3148 3059 2769 2529 2769 3059 3148 3157 3157 3157 3157 3157
  9  -0.324 3291 3291 3291 3291 3291 3280 3176 2837 2553 2837 3176 3280 3291 3291 3291 3291 3291
 10  -0.382 3420 3420 3420 3420 3419 3408 3288 2903 2576 2903 3288 3408 3419 3420 3420 3420 3420
 11  -0.441 3545 3545 3545 3545 3544 3531 3397 2966 2599 2966 3397 3531 3544 3545 3545 3545 3545
 12  -0.500 3667 3667 3667 3667 3666 3652 3503 3027 2622 3027 3503 3652 3666 3667 3667 3667 3667
 13  -0.559 3786 3786 3786 3786 3786 3770 3607 3087 2644 3087 3607 3770 3786 3786 3786 3786 3786
 14  -0.618 3904 3904 3904 3904 3904 3886 3709 3145 2666 3145 3709 3886 3904 3904 3904 3904 3904
 15  -0.676 4020 4020 4020 4020 4020 4001 3809 3203 2687 3203 3809 4001 4020 4020 4020 4020 4020
 16  -0.735 4135 4135 4135 4135 4134 4114 3908 3259 2709 3259 3908 4114 4134 4135 4135 4135 4135
 17  -0.794 4248 4248 4248 4248 4248 4226 4006 3314 2730 3314 4006 4226 4248 4248 4248 4248 4248
 18  -0.853 4360 4360 4360 4360 4360 4337 4103 3368 2750 3368 4103 4337 4360 4360 4360 4360 4360
 19  -0.912 4471 4471 4471 4471 4471 4447 4199 3422 2771 3422 4199 4447 4471 4471 4471 4471 4471
 20  -0.971 4582 4582 4582 4582 4581 4555 4294 3475 2791 3475 4294 4555 4581 4582 4582 4582 4582
 21  -1.029    0    0    0    0    0    0    0    0    0    0    0    0    0    0    0    0    0




 Section j = 48

    i =      1    5    9   13   17   21   25   29   33   37   41   45   49   53   57   61   65
        d = 4500 4500 4500 4500 4500 4500 4500 4500 4500 4500 4500 4500 4500 4500 4500 4500 4500
  1  -0.004 2429 2429 2429 2429 2429 2429 2429 2429 2429 2429 2429 2429 2429 2429 2429 2429 2429
  2  -0.011 2455 2455 2455 2455 2455 2455 2455 2455 2455 2455 2455 2455 2455 2455 2455 2455 2455
  3  -0.022 2494 2494 2494 2494 2494 2494 2494 2494 2494 2494 2494 2494 2494 2494 2494 2494 2494
  4  -0.044 2567 2567 2567 2567 2567 2567 2567 2567 2567 2567 2567 2567 2567 2567 2567 2567 2567
  5  -0.088 2703 2703 2703 2703 2703 2703 2703 2703 2703 2703 2703 2703 2703 2703 2703 2703 2703
  6  -0.147 2866 2866 2866 2866 2866 2866 2866 2866 2866 2866 2866 2866 2866 2866 2866 2866 2866
  7  -0.206 3017 3017 3017 3017 3017 3017 3017 3017 3017 3017 3017 3017 3017 3017 3017 3017 3017
  8  -0.265 3157 3157 3157 3157 3157 3157 3157 3157 3157 3157 3157 3157 3157 3157 3157 3157 3157
  9  -0.324 3291 3291 3291 3291 3291 3291 3291 3291 3291 3291 3291 3291 3291 3291 3291 3291 3291
 10  -0.382 3420 3420 3420 3420 3420 3420 3420 3420 3420 3420 3420 3420 3420 3420 3420 3420 3420
 11  -0.441 3545 3545 3545 3545 3545 3545 3545 3545 3545 3545 3545 3545 3545 3545 3545 3545 3545
 12  -0.500 3667 3667 3667 3667 3667 3667 3667 3667 3667 3667 3667 3667 3667 3667 3667 3667 3667
 13  -0.559 3786 3786 3786 3786 3786 3786 3786 3786 3786 3786 3786 3786 3786 3786 3786 3786 3786
 14  -0.618 3904 3904 3904 3904 3904 3904 3904 3904 3904 3904 3904 3904 3904 3904 3904 3904 3904
 15  -0.676 4020 4020 4020 4020 4020 4020 4020 4020 4020 4020 4020 4020 4020 4020 4020 4020 4020
 16  -0.735 4135 4135 4135 4135 4135 4135 4135 4135 4135 4135 4135 4135 4135 4135 4135 4135 4135
 17  -0.794 4248 4248 4248 4248 4248 4248 4248 4248 4248 4248 4248 4248 4248 4248 4248 4248 4248
 18  -0.853 4360 4360 4360 4360 4360 4360 4360 4360 4360 4360 4360 4360 4360 4360 4360 4360 4360
 19  -0.912 4471 4471 4471 4471 4471 4471 4471 4471 4471 4471 4471 4471 4471 4471 4471 4471 4471
 20  -0.971 4582 4582 4582 4582 4582 4582 4582 4582 4582 4582 4582 4582 4582 4582 4582 4582 4582
 21  -1.029    0    0    0    0    0    0    0    0    0    0    0    0    0    0    0    0    0



 Horizontally-averaged rho, rmean        

 Time =    0.0000 days    multiply all values by 1.00E-05

 Section i =  1

    j =      1    4    7   10   13   16   19   22   25   28   31   34   37   40   43   46   49
        d =    1 4500 4500 4500 4500 4500 4500 4500 4500 4500 4500 4500 4500 4500 4500 4500    1
  1  -0.004    0 2429 2429 2429 2429 2429 2429 2429 2429 2429 2429 2429 2429 2429 2429 2429    0
  2  -0.011    0 2455 2455 2455 2455 2455 2455 2455 2455 2455 2455 2455 2455 2455 2455 2455    0
  3  -0.022    0 2494 2494 2494 2494 2494 2494 2494 2494 2494 2494 2494 2494 2494 2494 2494    0
  4  -0.044    0 2567 2567 2567 2567 2567 2567 2567 2567 2567 2567 2567 2567 2567 2567 2567    0
  5  -0.088    0 2703 2703 2703 2703 2703 2703 2703 2703 2703 2703 2703 2703 2703 2703 2703    0
  6  -0.147    0 2866 2866 2866 2866 2866 2866 2866 2866 2866 2866 2866 2866 2866 2866 2866    0
  7  -0.206    0 3017 3017 3017 3017 3017 3017 3017 3017 3017 3017 3017 3017 3017 3017 3017    0
  8  -0.265    0 3157 3157 3157 3157 3157 3157 3157 3157 3157 3157 3157 3157 3157 3157 3157    0
  9  -0.324    0 3291 3291 3291 3291 3291 3291 3291 3291 3291 3291 3291 3291 3291 3291 3291    0
 10  -0.382    0 3420 3420 3420 3420 3420 3420 3420 3420 3420 3420 3420 3420 3420 3420 3420    0
 11  -0.441    0 3545 3545 3545 3545 3545 3545 3545 3545 3545 3545 3545 3545 3545 3545 3545    0
 12  -0.500    0 3667 3667 3667 3667 3667 3667 3667 3667 3667 3667 3667 3667 3667 3667 3667    0
 13  -0.559    0 3786 3786 3786 3786 3786 3786 3786 3786 3786 3786 3786 3786 3786 3786 3786    0
 14  -0.618    0 3904 3904 3904 3904 3904 3904 3904 3904 3904 3904 3904 3904 3904 3904 3904    0
 15  -0.676    0 4020 4020 4020 4020 4020 4020 4020 4020 4020 4020 4020 4020 4020 4020 4020    0
 16  -0.735    0 4135 4135 4135 4135 4135 4135 4135 4135 4135 4135 4135 4135 4135 4135 4135    0
 17  -0.794    0 4248 4248 4248 4248 4248 4248 4248 4248 4248 4248 4248 4248 4248 4248 4248    0
 18  -0.853    0 4360 4360 4360 4360 4360 4360 4360 4360 4360 4360 4360 4360 4360 4360 4360    0
 19  -0.912    0 4471 4471 4471 4471 4471 4471 4471 4471 4471 4471 4471 4471 4471 4471 4471    0
 20  -0.971    0 4582 4582 4582 4582 4582 4582 4582 4582 4582 4582 4582 4582 4582 4582 4582    0
 21  -1.029    0    0    0    0    0    0    0    0    0    0    0    0    0    0    0    0    0




 Section i = 32

    j =      1    4    7   10   13   16   19   22   25   28   31   34   37   40   43   46   49
        d =    1 4500 4500 4498 4453 4106 2999 1373  552 1373 2999 4106 4453 4498 4500 4500    1
  1  -0.004    0 2429 2429 2429 2429 2428 2425 2420 2418 2420 2425 2428 2429 2429 2429 2429    0
  2  -0.011    0 2455 2455 2455 2455 2452 2442 2428 2421 2428 2442 2452 2455 2455 2455 2455    0
  3  -0.022    0 2494 2494 2494 2493 2487 2468 2440 2426 2440 2468 2487 2493 2494 2494 2494    0
  4  -0.044    0 2567 2567 2567 2566 2554 2519 2464 2435 2464 2519 2554 2566 2567 2567 2567    0
  5  -0.088    0 2703 2703 2703 2700 2680 2614 2510 2455 2510 2614 2680 2700 2703 2703 2703    0
  6  -0.147    0 2866 2866 2866 2862 2832 2731 2569 2480 2569 2731 2832 2862 2866 2866 2866    0
  7  -0.206    0 3017 3017 3016 3011 2972 2840 2626 2505 2626 2840 2972 3011 3016 3017 3017    0
  8  -0.265    0 3157 3157 3157 3151 3103 2943 2681 2529 2681 2943 3103 3151 3157 3157 3157    0
  9  -0.324    0 3291 3291 3291 3283 3227 3040 2733 2553 2733 3040 3227 3283 3291 3291 3291    0
 10  -0.382    0 3420 3420 3419 3411 3347 3134 2784 2576 2784 3134 3347 3411 3419 3420 3420    0
 11  -0.441    0 3545 3545 3544 3535 3463 3224 2833 2599 2833 3224 3463 3535 3544 3545 3545    0
 12  -0.500    0 3667 3667 3666 3656 3576 3312 2881 2622 2881 3312 3576 3656 3666 3667 3667    0
 13  -0.559    0 3786 3786 3786 3775 3687 3398 2928 2644 2928 3398 3687 3775 3786 3786 3786    0
 14  -0.618    0 3904 3904 3904 3891 3796 3482 2973 2666 2973 3482 3796 3891 3904 3904 3904    0
 15  -0.676    0 4020 4020 4020 4006 3903 3565 3018 2687 3018 3565 3903 4006 4020 4020 4020    0
 16  -0.735    0 4135 4135 4134 4120 4009 3646 3062 2709 3062 3646 4009 4120 4134 4135 4135    0
 17  -0.794    0 4248 4248 4247 4232 4114 3726 3105 2730 3105 3726 4114 4232 4247 4248 4248    0
 18  -0.853    0 4360 4360 4360 4343 4218 3806 3147 2750 3147 3806 4218 4343 4360 4360 4360    0
 19  -0.912    0 4471 4471 4471 4453 4320 3884 3188 2771 3188 3884 4320 4453 4471 4471 4471    0
 20  -0.971    0 4582 4582 4581 4563 4422 3962 3229 2791 3229 3962 4422 4563 4581 4582 4582    0
 21  -1.029    0    0    0    0    0    0    0    0    0    0    0    0    0    0    0    0    0




 Section i = 64

    j =      1    4    7   10   13   16   19   22   25   28   31   34   37   40   43   46   49
        d =    1 4500 4500 4500 4500 4500 4500 4500 4500 4500 4500 4500 4500 4500 4500 4500    1
  1  -0.004    0 2429 2429 2429 2429 2429 2429 2429 2429 2429 2429 2429 2429 2429 2429 2429    0
  2  -0.011    0 2455 2455 2455 2455 2455 2455 2455 2455 2455 2455 2455 2455 2455 2455 2455    0
  3  -0.022    0 2494 2494 2494 2494 2494 2494 2494 2494 2494 2494 2494 2494 2494 2494 2494    0
  4  -0.044    0 2567 2567 2567 2567 2567 2567 2567 2567 2567 2567 2567 2567 2567 2567 2567    0
  5  -0.088    0 2703 2703 2703 2703 2703 2703 2703 2703 2703 2703 2703 2703 2703 2703 2703    0
  6  -0.147    0 2866 2866 2866 2866 2866 2866 2866 2866 2866 2866 2866 2866 2866 2866 2866    0
  7  -0.206    0 3017 3017 3017 3017 3017 3017 3017 3017 3017 3017 3017 3017 3017 3017 3017    0
  8  -0.265    0 3157 3157 3157 3157 3157 3157 3157 3157 3157 3157 3157 3157 3157 3157 3157    0
  9  -0.324    0 3291 3291 3291 3291 3291 3291 3291 3291 3291 3291 3291 3291 3291 3291 3291    0
 10  -0.382    0 3420 3420 3420 3420 3420 3420 3420 3420 3420 3420 3420 3420 3420 3420 3420    0
 11  -0.441    0 3545 3545 3545 3545 3545 3545 3545 3545 3545 3545 3545 3545 3545 3545 3545    0
 12  -0.500    0 3667 3667 3667 3667 3667 3667 3667 3667 3667 3667 3667 3667 3667 3667 3667    0
 13  -0.559    0 3786 3786 3786 3786 3786 3786 3786 3786 3786 3786 3786 3786 3786 3786 3786    0
 14  -0.618    0 3904 3904 3904 3904 3904 3904 3904 3904 3904 3904 3904 3904 3904 3904 3904    0
 15  -0.676    0 4020 4020 4020 4020 4020 4020 4020 4020 4020 4020 4020 4020 4020 4020 4020    0
 16  -0.735    0 4135 4135 4135 4135 4135 4135 4135 4135 4135 4135 4135 4135 4135 4135 4135    0
 17  -0.794    0 4248 4248 4248 4248 4248 4248 4248 4248 4248 4248 4248 4248 4248 4248 4248    0
 18  -0.853    0 4360 4360 4360 4360 4360 4360 4360 4360 4360 4360 4360 4360 4360 4360 4360    0
 19  -0.912    0 4471 4471 4471 4471 4471 4471 4471 4471 4471 4471 4471 4471 4471 4471 4471    0
 20  -0.971    0 4582 4582 4582 4582 4582 4582 4582 4582 4582 4582 4582 4582 4582 4582 4582    0
 21  -1.029    0    0    0    0    0    0    0    0    0    0    0    0    0    0    0    0    0



 Depth-averaged u, uab                   

 Time =    0.0000 days    multiply all values by 1.00E-04

      1    5    9   13   17   21   25   29   33   37   41   45   49   53   57   61   65
  49    0    0    0    0    0    0    0    0    0    0    0    0    0    0    0    0    0
  46    0 2000 2000 2000 2000 2000 2000 2000 2000 2000 2000 2000 2000 2000 2000 2000 2000
  43    0 2000 2000 2000 2000 2000 2000 2000 2000 2000 2000 2000 2000 2000 2000 2000 2000
  40    0 2000 2000 2000 2000 2000 2000 2000 2000 2000 2000 2000 2000 2000 2000 2000 2000
  37    0 2000 2000 2000 2000 2000 2000 2000 2000 2000 2000 2000 2000 2000 2000 2000 2000
  34    0 2000 2000 2000 2000 2000 2000 2000 2000 2000 2000 2000 2000 2000 2000 2000 2000
  31    0 2000 2000 2000 2000 2000 2000 2000 2000 2000 2000 2000 2000 2000 2000 2000 2000
  28    0 2000 2000 2000 2000 2000 2000 2000 2000 2000 2000 2000 2000 2000 2000 2000 2000
  25    0 2000 2000 2000 2000 2000 2000 2000 2000 2000 2000 2000 2000 2000 2000 2000 2000
  22    0 2000 2000 2000 2000 2000 2000 2000 2000 2000 2000 2000 2000 2000 2000 2000 2000
  19    0 2000 2000 2000 2000 2000 2000 2000 2000 2000 2000 2000 2000 2000 2000 2000 2000
  16    0 2000 2000 2000 2000 2000 2000 2000 2000 2000 2000 2000 2000 2000 2000 2000 2000
  13    0 2000 2000 2000 2000 2000 2000 2000 2000 2000 2000 2000 2000 2000 2000 2000 2000
  10    0 2000 2000 2000 2000 2000 2000 2000 2000 2000 2000 2000 2000 2000 2000 2000 2000
   7    0 2000 2000 2000 2000 2000 2000 2000 2000 2000 2000 2000 2000 2000 2000 2000 2000
   4    0 2000 2000 2000 2000 2000 2000 2000 2000 2000 2000 2000 2000 2000 2000 2000 2000
   1    0    0    0    0    0    0    0    0    0    0    0    0    0    0    0    0    0



 Depth-averaged v, vab                   

 Time =    0.0000 days    multiply all values by 1.00E-15

      1    5    9   13   17   21   25   29   33   37   41   45   49   53   57   61   65
  49    0    0    0    0    0    0    0    0    0    0    0    0    0    0    0    0    0
  46    0    0    0    0    0    0    0    0    0    0    0    0    0    0    0    0    0
  43    0    0    0    0    0    0    0    0    0    0    0    0    0    0    0    0    0
  40    0    0    0    0    0    0    0    0    0    0    0    0    0    0    0    0    0
  37    0    0    0    0    0    0    0    0    0    0    0    0    0    0    0    0    0
  34    0    0    0    0    0    0    0    0    0    0    0    0    0    0    0    0    0
  31    0    0    0    0    0    0    0    0    0    0    0    0    0    0    0    0    0
  28    0    0    0    0    0    0    0    0    0    0    0    0    0    0    0    0    0
  25    0    0    0    0    0    0    0    0    0    0    0    0    0    0    0    0    0
  22    0    0    0    0    0    0    0    0    0    0    0    0    0    0    0    0    0
  19    0    0    0    0    0    0    0    0    0    0    0    0    0    0    0    0    0
  16    0    0    0    0    0    0    0    0    0    0    0    0    0    0    0    0    0
  13    0    0    0    0    0    0    0    0    0    0    0    0    0    0    0    0    0
  10    0    0    0    0    0    0    0    0    0    0    0    0    0    0    0    0    0
   7    0    0    0    0    0    0    0    0    0    0    0    0    0    0    0    0    0
   4    0    0    0    0    0    0    0    0    0    0    0    0    0    0    0    0    0
   1    0    0    0    0    0    0    0    0    0    0    0    0    0    0    0    0    0



 Surface elevation, elb                  

 Time =    0.0000 days    multiply all values by 1.00E-15

      1    5    9   13   17   21   25   29   33   37   41   45   49   53   57   61   65
  49    0    0    0    0    0    0    0    0    0    0    0    0    0    0    0    0    0
  46    0    0    0    0    0    0    0    0    0    0    0    0    0    0    0    0    0
  43    0    0    0    0    0    0    0    0    0    0    0    0    0    0    0    0    0
  40    0    0    0    0    0    0    0    0    0    0    0    0    0    0    0    0    0
  37    0    0    0    0    0    0    0    0    0    0    0    0    0    0    0    0    0
  34    0    0    0    0    0    0    0    0    0    0    0    0    0    0    0    0    0
  31    0    0    0    0    0    0    0    0    0    0    0    0    0    0    0    0    0
  28    0    0    0    0    0    0    0    0    0    0    0    0    0    0    0    0    0
  25    0    0    0    0    0    0    0    0    0    0    0    0    0    0    0    0    0
  22    0    0    0    0    0    0    0    0    0    0    0    0    0    0    0    0    0
  19    0    0    0    0    0    0    0    0    0    0    0    0    0    0    0    0    0
  16    0    0    0    0    0    0    0    0    0    0    0    0    0    0    0    0    0
  13    0    0    0    0    0    0    0    0    0    0    0    0    0    0    0    0    0
  10    0    0    0    0    0    0    0    0    0    0    0    0    0    0    0    0    0
   7    0    0    0    0    0    0    0    0    0    0    0    0    0    0    0    0    0
   4    0    0    0    0    0    0    0    0    0    0    0    0    0    0    0    0    0
   1    0    0    0    0    0    0    0    0    0    0    0    0    0    0    0    0    0



 Streamfunction, psi from u              

 Time =    0.0000 days    multiply all values by 1.00E+05

      1    5    9   13   17   21   25   29   33   37   41   45   49   53   57   61   65
  49    0 2264 2264 2264 2264 2259 2212 2052 1909 2003 2183 2255 2263 2264 2264 2264 2264
  46    0 2061 2061 2061 2061 2057 2010 1849 1707 1800 1981 2052 2061 2061 2061 2061 2061
  43    0 1879 1879 1879 1879 1875 1828 1667 1525 1618 1798 1870 1879 1879 1879 1879 1879
  40    0 1716 1716 1716 1716 1712 1664 1504 1362 1455 1635 1707 1716 1716 1716 1716 1716
  37    0 1570 1570 1570 1570 1566 1518 1359 1217 1310 1490 1561 1570 1570 1570 1570 1570
  34    0 1439 1439 1439 1439 1434 1388 1231 1092 1183 1359 1430 1438 1439 1439 1439 1439
  31    0 1318 1318 1318 1318 1314 1272 1128 1000 1084 1246 1310 1318 1318 1318 1318 1318
  28    0 1206 1206 1206 1206 1203 1169 1054  953 1020 1148 1199 1205 1206 1206 1206 1206
  25    0 1097 1097 1097 1097 1095 1074 1001  937  979 1060 1093 1097 1097 1097 1097 1097
  22    0  988  988  988  988  987  977  944  914  934  971  986  988  988  988  988  988
  19    0  876  876  876  876  875  872  862  853  859  871  875  876  876  876  876  876
  16    0  755  755  755  755  755  755  753  751  753  754  755  755  755  755  755  755
  13    0  624  624  624  624  624  624  624  623  623  624  624  624  624  624  624  624
  10    0  478  478  478  478  478  478  478  478  478  478  478  478  478  478  478  478
   7    0  315  315  315  315  315  315  315  315  315  315  315  315  315  315  315  315
   4    0  133  133  133  133  133  133  133  133  133  133  133  133  133  133  133  133
   1    0    0    0    0    0    0    0    0    0    0    0    0    0    0    0    0    0



 Streamfunction, psi from v              

 Time =    0.0000 days    multiply all values by 1.00E+05

      1    5    9   13   17   21   25   29   33   37   41   45   49   53   57   61   65
  49    0 2264 2264 2264 2264 2264 2264 2264 2264 2264 2264 2264 2264 2264 2264 2264 2264
  46    0 2061 2061 2061 2061 2061 2061 2061 2061 2061 2061 2061 2061 2061 2061 2061 2061
  43    0 1879 1879 1879 1879 1879 1879 1879 1879 1879 1879 1879 1879 1879 1879 1879 1879
  40    0 1716 1716 1716 1716 1716 1716 1716 1716 1716 1716 1716 1716 1716 1716 1716 1716
  37    0 1570 1570 1570 1570 1570 1570 1570 1570 1570 1570 1570 1570 1570 1570 1570 1570
  34    0 1439 1439 1439 1439 1439 1439 1439 1439 1439 1439 1439 1439 1439 1439 1439 1439
  31    0 1318 1318 1318 1318 1318 1318 1318 1318 1318 1318 1318 1318 1318 1318 1318 1318
  28    0 1206 1206 1206 1206 1206 1206 1206 1206 1206 1206 1206 1206 1206 1206 1206 1206
  25    0 1097 1097 1097 1097 1097 1097 1097 1097 1097 1097 1097 1097 1097 1097 1097 1097
  22    0  988  988  988  988  988  988  988  988  988  988  988  988  988  988  988  988
  19    0  876  876  876  876  876  876  876  876  876  876  876  876  876  876  876  876
  16    0  755  755  755  755  755  755  755  755  755  755  755  755  755  755  755  755
  13    0  624  624  624  624  624  624  624  624  624  624  624  624  624  624  624  624
  10    0  478  478  478  478  478  478  478  478  478  478  478  478  478  478  478  478
   7    0  315  315  315  315  315  315  315  315  315  315  315  315  315  315  315  315
   4    0  133  133  133  133  133  133  133  133  133  133  133  133  133  133  133  133
   1    0    0    0    0    0    0    0    0    0    0    0    0    0    0    0    0    0



 x-velocity, u                           

 Time =    0.0000 days    multiply all values by 1.00E-04

 Layer k =  1

      1    5    9   13   17   21   25   29   33   37   41   45   49   53   57   61   65
  49    0    0    0    0    0    0    0    0    0    0    0    0    0    0    0    0    0
  46    0 2000 2000 2000 2000 2000 2000 2000 2000 2000 2000 2000 2000 2000 2000 2000 2000
  43    0 2000 2000 2000 2000 2000 2000 2000 2000 2000 2000 2000 2000 2000 2000 2000 2000
  40    0 2000 2000 2000 2000 2000 2000 2000 2000 2000 2000 2000 2000 2000 2000 2000 2000
  37    0 2000 2000 2000 2000 2000 2000 2000 2000 2000 2000 2000 2000 2000 2000 2000 2000
  34    0 2000 2000 2000 2000 2000 2000 2000 2000 2000 2000 2000 2000 2000 2000 2000 2000
  31    0 2000 2000 2000 2000 2000 2000 2000 2000 2000 2000 2000 2000 2000 2000 2000 2000
  28    0 2000 2000 2000 2000 2000 2000 2000 2000 2000 2000 2000 2000 2000 2000 2000 2000
  25    0 2000 2000 2000 2000 2000 2000 2000 2000 2000 2000 2000 2000 2000 2000 2000 2000
  22    0 2000 2000 2000 2000 2000 2000 2000 2000 2000 2000 2000 2000 2000 2000 2000 2000
  19    0 2000 2000 2000 2000 2000 2000 2000 2000 2000 2000 2000 2000 2000 2000 2000 2000
  16    0 2000 2000 2000 2000 2000 2000 2000 2000 2000 2000 2000 2000 2000 2000 2000 2000
  13    0 2000 2000 2000 2000 2000 2000 2000 2000 2000 2000 2000 2000 2000 2000 2000 2000
  10    0 2000 2000 2000 2000 2000 2000 2000 2000 2000 2000 2000 2000 2000 2000 2000 2000
   7    0 2000 2000 2000 2000 2000 2000 2000 2000 2000 2000 2000 2000 2000 2000 2000 2000
   4    0 2000 2000 2000 2000 2000 2000 2000 2000 2000 2000 2000 2000 2000 2000 2000 2000
   1    0    0    0    0    0    0    0    0    0    0    0    0    0    0    0    0    0




 Layer k = 10

      1    5    9   13   17   21   25   29   33   37   41   45   49   53   57   61   65
  49    0    0    0    0    0    0    0    0    0    0    0    0    0    0    0    0    0
  46    0 2000 2000 2000 2000 2000 2000 2000 2000 2000 2000 2000 2000 2000 2000 2000 2000
  43    0 2000 2000 2000 2000 2000 2000 2000 2000 2000 2000 2000 2000 2000 2000 2000 2000
  40    0 2000 2000 2000 2000 2000 2000 2000 2000 2000 2000 2000 2000 2000 2000 2000 2000
  37    0 2000 2000 2000 2000 2000 2000 2000 2000 2000 2000 2000 2000 2000 2000 2000 2000
  34    0 2000 2000 2000 2000 2000 2000 2000 2000 2000 2000 2000 2000 2000 2000 2000 2000
  31    0 2000 2000 2000 2000 2000 2000 2000 2000 2000 2000 2000 2000 2000 2000 2000 2000
  28    0 2000 2000 2000 2000 2000 2000 2000 2000 2000 2000 2000 2000 2000 2000 2000 2000
  25    0 2000 2000 2000 2000 2000 2000 2000 2000 2000 2000 2000 2000 2000 2000 2000 2000
  22    0 2000 2000 2000 2000 2000 2000 2000 2000 2000 2000 2000 2000 2000 2000 2000 2000
  19    0 2000 2000 2000 2000 2000 2000 2000 2000 2000 2000 2000 2000 2000 2000 2000 2000
  16    0 2000 2000 2000 2000 2000 2000 2000 2000 2000 2000 2000 2000 2000 2000 2000 2000
  13    0 2000 2000 2000 2000 2000 2000 2000 2000 2000 2000 2000 2000 2000 2000 2000 2000
  10    0 2000 2000 2000 2000 2000 2000 2000 2000 2000 2000 2000 2000 2000 2000 2000 2000
   7    0 2000 2000 2000 2000 2000 2000 2000 2000 2000 2000 2000 2000 2000 2000 2000 2000
   4    0 2000 2000 2000 2000 2000 2000 2000 2000 2000 2000 2000 2000 2000 2000 2000 2000
   1    0    0    0    0    0    0    0    0    0    0    0    0    0    0    0    0    0




 Layer k = 20

      1    5    9   13   17   21   25   29   33   37   41   45   49   53   57   61   65
  49    0    0    0    0    0    0    0    0    0    0    0    0    0    0    0    0    0
  46    0 2000 2000 2000 2000 2000 2000 2000 2000 2000 2000 2000 2000 2000 2000 2000 2000
  43    0 2000 2000 2000 2000 2000 2000 2000 2000 2000 2000 2000 2000 2000 2000 2000 2000
  40    0 2000 2000 2000 2000 2000 2000 2000 2000 2000 2000 2000 2000 2000 2000 2000 2000
  37    0 2000 2000 2000 2000 2000 2000 2000 2000 2000 2000 2000 2000 2000 2000 2000 2000
  34    0 2000 2000 2000 2000 2000 2000 2000 2000 2000 2000 2000 2000 2000 2000 2000 2000
  31    0 2000 2000 2000 2000 2000 2000 2000 2000 2000 2000 2000 2000 2000 2000 2000 2000
  28    0 2000 2000 2000 2000 2000 2000 2000 2000 2000 2000 2000 2000 2000 2000 2000 2000
  25    0 2000 2000 2000 2000 2000 2000 2000 2000 2000 2000 2000 2000 2000 2000 2000 2000
  22    0 2000 2000 2000 2000 2000 2000 2000 2000 2000 2000 2000 2000 2000 2000 2000 2000
  19    0 2000 2000 2000 2000 2000 2000 2000 2000 2000 2000 2000 2000 2000 2000 2000 2000
  16    0 2000 2000 2000 2000 2000 2000 2000 2000 2000 2000 2000 2000 2000 2000 2000 2000
  13    0 2000 2000 2000 2000 2000 2000 2000 2000 2000 2000 2000 2000 2000 2000 2000 2000
  10    0 2000 2000 2000 2000 2000 2000 2000 2000 2000 2000 2000 2000 2000 2000 2000 2000
   7    0 2000 2000 2000 2000 2000 2000 2000 2000 2000 2000 2000 2000 2000 2000 2000 2000
   4    0 2000 2000 2000 2000 2000 2000 2000 2000 2000 2000 2000 2000 2000 2000 2000 2000
   1    0    0    0    0    0    0    0    0    0    0    0    0    0    0    0    0    0



 y-velocity, v                           

 Time =    0.0000 days    multiply all values by 1.00E-15

 Layer k =  1

      1    5    9   13   17   21   25   29   33   37   41   45   49   53   57   61   65
  49    0    0    0    0    0    0    0    0    0    0    0    0    0    0    0    0    0
  46    0    0    0    0    0    0    0    0    0    0    0    0    0    0    0    0    0
  43    0    0    0    0    0    0    0    0    0    0    0    0    0    0    0    0    0
  40    0    0    0    0    0    0    0    0    0    0    0    0    0    0    0    0    0
  37    0    0    0    0    0    0    0    0    0    0    0    0    0    0    0    0    0
  34    0    0    0    0    0    0    0    0    0    0    0    0    0    0    0    0    0
  31    0    0    0    0    0    0    0    0    0    0    0    0    0    0    0    0    0
  28    0    0    0    0    0    0    0    0    0    0    0    0    0    0    0    0    0
  25    0    0    0    0    0    0    0    0    0    0    0    0    0    0    0    0    0
  22    0    0    0    0    0    0    0    0    0    0    0    0    0    0    0    0    0
  19    0    0    0    0    0    0    0    0    0    0    0    0    0    0    0    0    0
  16    0    0    0    0    0    0    0    0    0    0    0    0    0    0    0    0    0
  13    0    0    0    0    0    0    0    0    0    0    0    0    0    0    0    0    0
  10    0    0    0    0    0    0    0    0    0    0    0    0    0    0    0    0    0
   7    0    0    0    0    0    0    0    0    0    0    0    0    0    0    0    0    0
   4    0    0    0    0    0    0    0    0    0    0    0    0    0    0    0    0    0
   1    0    0    0    0    0    0    0    0    0    0    0    0    0    0    0    0    0




 Layer k = 10

      1    5    9   13   17   21   25   29   33   37   41   45   49   53   57   61   65
  49    0    0    0    0    0    0    0    0    0    0    0    0    0    0    0    0    0
  46    0    0    0    0    0    0    0    0    0    0    0    0    0    0    0    0    0
  43    0    0    0    0    0    0    0    0    0    0    0    0    0    0    0    0    0
  40    0    0    0    0    0    0    0    0    0    0    0    0    0    0    0    0    0
  37    0    0    0    0    0    0    0    0    0    0    0    0    0    0    0    0    0
  34    0    0    0    0    0    0    0    0    0    0    0    0    0    0    0    0    0
  31    0    0    0    0    0    0    0    0    0    0    0    0    0    0    0    0    0
  28    0    0    0    0    0    0    0    0    0    0    0    0    0    0    0    0    0
  25    0    0    0    0    0    0    0    0    0    0    0    0    0    0    0    0    0
  22    0    0    0    0    0    0    0    0    0    0    0    0    0    0    0    0    0
  19    0    0    0    0    0    0    0    0    0    0    0    0    0    0    0    0    0
  16    0    0    0    0    0    0    0    0    0    0    0    0    0    0    0    0    0
  13    0    0    0    0    0    0    0    0    0    0    0    0    0    0    0    0    0
  10    0    0    0    0    0    0    0    0    0    0    0    0    0    0    0    0    0
   7    0    0    0    0    0    0    0    0    0    0    0    0    0    0    0    0    0
   4    0    0    0    0    0    0    0    0    0    0    0    0    0    0    0    0    0
   1    0    0    0    0    0    0    0    0    0    0    0    0    0    0    0    0    0




 Layer k = 20

      1    5    9   13   17   21   25   29   33   37   41   45   49   53   57   61   65
  49    0    0    0    0    0    0    0    0    0    0    0    0    0    0    0    0    0
  46    0    0    0    0    0    0    0    0    0    0    0    0    0    0    0    0    0
  43    0    0    0    0    0    0    0    0    0    0    0    0    0    0    0    0    0
  40    0    0    0    0    0    0    0    0    0    0    0    0    0    0    0    0    0
  37    0    0    0    0    0    0    0    0    0    0    0    0    0    0    0    0    0
  34    0    0    0    0    0    0    0    0    0    0    0    0    0    0    0    0    0
  31    0    0    0    0    0    0    0    0    0    0    0    0    0    0    0    0    0
  28    0    0    0    0    0    0    0    0    0    0    0    0    0    0    0    0    0
  25    0    0    0    0    0    0    0    0    0    0    0    0    0    0    0    0    0
  22    0    0    0    0    0    0    0    0    0    0    0    0    0    0    0    0    0
  19    0    0    0    0    0    0    0    0    0    0    0    0    0    0    0    0    0
  16    0    0    0    0    0    0    0    0    0    0    0    0    0    0    0    0    0
  13    0    0    0    0    0    0    0    0    0    0    0    0    0    0    0    0    0
  10    0    0    0    0    0    0    0    0    0    0    0    0    0    0    0    0    0
   7    0    0    0    0    0    0    0    0    0    0    0    0    0    0    0    0    0
   4    0    0    0    0    0    0    0    0    0    0    0    0    0    0    0    0    0
   1    0    0    0    0    0    0    0    0    0    0    0    0    0    0    0    0    0



 z-velocity, w                           

 Time =    0.0000 days    multiply all values by 1.00E-15

 Layer k =  2

      1    5    9   13   17   21   25   29   33   37   41   45   49   53   57   61   65
  49    0    0    0    0    0    0    0    0    0    0    0    0    0    0    0    0    0
  46    0    0    0    0    0    0    0    0    0    0    0    0    0    0    0    0    0
  43    0    0    0    0    0    0    0    0    0    0    0    0    0    0    0    0    0
  40    0    0    0    0    0    0    0    0    0    0    0    0    0    0    0    0    0
  37    0    0    0    0    0    0    0    0    0    0    0    0    0    0    0    0    0
  34    0    0    0    0    0    0    0    0    0    0    0    0    0    0    0    0    0
  31    0    0    0    0    0    0    0    0    0    0    0    0    0    0    0    0    0
  28    0    0    0    0    0    0    0    0    0    0    0    0    0    0    0    0    0
  25    0    0    0    0    0    0    0    0    0    0    0    0    0    0    0    0    0
  22    0    0    0    0    0    0    0    0    0    0    0    0    0    0    0    0    0
  19    0    0    0    0    0    0    0    0    0    0    0    0    0    0    0    0    0
  16    0    0    0    0    0    0    0    0    0    0    0    0    0    0    0    0    0
  13    0    0    0    0    0    0    0    0    0    0    0    0    0    0    0    0    0
  10    0    0    0    0    0    0    0    0    0    0    0    0    0    0    0    0    0
   7    0    0    0    0    0    0    0    0    0    0    0    0    0    0    0    0    0
   4    0    0    0    0    0    0    0    0    0    0    0    0    0    0    0    0    0
   1    0    0    0    0    0    0    0    0    0    0    0    0    0    0    0    0    0




 Layer k = 10

      1    5    9   13   17   21   25   29   33   37   41   45   49   53   57   61   65
  49    0    0    0    0    0    0    0    0    0    0    0    0    0    0    0    0    0
  46    0    0    0    0    0    0    0    0    0    0    0    0    0    0    0    0    0
  43    0    0    0    0    0    0    0    0    0    0    0    0    0    0    0    0    0
  40    0    0    0    0    0    0    0    0    0    0    0    0    0    0    0    0    0
  37    0    0    0    0    0    0    0    0    0    0    0    0    0    0    0    0    0
  34    0    0    0    0    0    0    0    0    0    0    0    0    0    0    0    0    0
  31    0    0    0    0    0    0    0    0    0    0    0    0    0    0    0    0    0
  28    0    0    0    0    0    0    0    0    0    0    0    0    0    0    0    0    0
  25    0    0    0    0    0    0    0    0    0    0    0    0    0    0    0    0    0
  22    0    0    0    0    0    0    0    0    0    0    0    0    0    0    0    0    0
  19    0    0    0    0    0    0    0    0    0    0    0    0    0    0    0    0    0
  16    0    0    0    0    0    0    0    0    0    0    0    0    0    0    0    0    0
  13    0    0    0    0    0    0    0    0    0    0    0    0    0    0    0    0    0
  10    0    0    0    0    0    0    0    0    0    0    0    0    0    0    0    0    0
   7    0    0    0    0    0    0    0    0    0    0    0    0    0    0    0    0    0
   4    0    0    0    0    0    0    0    0    0    0    0    0    0    0    0    0    0
   1    0    0    0    0    0    0    0    0    0    0    0    0    0    0    0    0    0




 Layer k = 20

      1    5    9   13   17   21   25   29   33   37   41   45   49   53   57   61   65
  49    0    0    0    0    0    0    0    0    0    0    0    0    0    0    0    0    0
  46    0    0    0    0    0    0    0    0    0    0    0    0    0    0    0    0    0
  43    0    0    0    0    0    0    0    0    0    0    0    0    0    0    0    0    0
  40    0    0    0    0    0    0    0    0    0    0    0    0    0    0    0    0    0
  37    0    0    0    0    0    0    0    0    0    0    0    0    0    0    0    0    0
  34    0    0    0    0    0    0    0    0    0    0    0    0    0    0    0    0    0
  31    0    0    0    0    0    0    0    0    0    0    0    0    0    0    0    0    0
  28    0    0    0    0    0    0    0    0    0    0    0    0    0    0    0    0    0
  25    0    0    0    0    0    0    0    0    0    0    0    0    0    0    0    0    0
  22    0    0    0    0    0    0    0    0    0    0    0    0    0    0    0    0    0
  19    0    0    0    0    0    0    0    0    0    0    0    0    0    0    0    0    0
  16    0    0    0    0    0    0    0    0    0    0    0    0    0    0    0    0    0
  13    0    0    0    0    0    0    0    0    0    0    0    0    0    0    0    0    0
  10    0    0    0    0    0    0    0    0    0    0    0    0    0    0    0    0    0
   7    0    0    0    0    0    0    0    0    0    0    0    0    0    0    0    0    0
   4    0    0    0    0    0    0    0    0    0    0    0    0    0    0    0    0    0
   1    0    0    0    0    0    0    0    0    0    0    0    0    0    0    0    0    0



 Potential temperature, t                

 Time =    0.0000 days    multiply all values by 1.00E-02

 Layer k =  1

      1    5    9   13   17   21   25   29   33   37   41   45   49   53   57   61   65
  49 2000 2000 2000 2000 2000 2000 2000 2000 2000 2000 2000 2000 2000 2000 2000 2000 2000
  46 1975 1975 1975 1975 1975 1975 1975 1975 1975 1975 1975 1975 1975 1975 1975 1975 1975
  43 1975 1975 1975 1975 1975 1975 1975 1975 1975 1975 1975 1975 1975 1975 1975 1975 1975
  40 1975 1975 1975 1975 1975 1975 1975 1975 1975 1975 1975 1975 1975 1975 1975 1975 1975
  37 1975 1975 1975 1975 1975 1975 1975 1976 1976 1976 1975 1975 1975 1975 1975 1975 1975
  34 1975 1975 1975 1975 1975 1975 1976 1977 1978 1977 1976 1975 1975 1975 1975 1975 1975
  31 1975 1975 1975 1975 1975 1976 1977 1981 1984 1981 1977 1976 1975 1975 1975 1975 1975
  28 1975 1975 1975 1975 1975 1976 1979 1987 1993 1987 1979 1976 1975 1975 1975 1975 1975
  25 1975 1975 1975 1975 1975 1976 1979 1990 1998 1990 1979 1976 1975 1975 1975 1975 1975
  22 1975 1975 1975 1975 1975 1976 1979 1987 1993 1987 1979 1976 1975 1975 1975 1975 1975
  19 1975 1975 1975 1975 1975 1976 1977 1981 1984 1981 1977 1976 1975 1975 1975 1975 1975
  16 1975 1975 1975 1975 1975 1975 1976 1977 1978 1977 1976 1975 1975 1975 1975 1975 1975
  13 1975 1975 1975 1975 1975 1975 1975 1976 1976 1976 1975 1975 1975 1975 1975 1975 1975
  10 1975 1975 1975 1975 1975 1975 1975 1975 1975 1975 1975 1975 1975 1975 1975 1975 1975
   7 1975 1975 1975 1975 1975 1975 1975 1975 1975 1975 1975 1975 1975 1975 1975 1975 1975
   4 1975 1975 1975 1975 1975 1975 1975 1975 1975 1975 1975 1975 1975 1975 1975 1975 1975
   1 2000 2000 2000 2000 2000 2000 2000 2000 2000 2000 2000 2000 2000 2000 2000 2000 2000




 Layer k = 10

      1    5    9   13   17   21   25   29   33   37   41   45   49   53   57   61   65
  49 1999 1999 1999 1999 1999 1999 1999 1999 1999 1999 1999 1999 1999 1999 1999 1999 1999
  46  768  768  768  768  768  768  768  768  768  768  768  768  768  768  768  768  768
  43  768  768  768  768  768  768  768  768  768  768  768  768  768  768  768  768  768
  40  768  768  768  768  768  768  768  769  769  769  768  768  768  768  768  768  768
  37  768  768  768  768  768  769  769  772  773  772  769  769  768  768  768  768  768
  34  768  768  768  768  768  769  776  797  813  797  776  769  768  768  768  768  768
  31  768  768  768  768  769  771  798  896  984  896  798  771  769  768  768  768  768
  28  768  768  768  768  769  774  834 1104 1415 1104  834  774  769  768  768  768  768
  25  768  768  768  768  769  775  854 1247 1763 1247  854  775  769  768  768  768  768
  22  768  768  768  768  769  774  834 1104 1415 1104  834  774  769  768  768  768  768
  19  768  768  768  768  769  771  798  896  984  896  798  771  769  768  768  768  768
  16  768  768  768  768  768  769  776  797  813  797  776  769  768  768  768  768  768
  13  768  768  768  768  768  769  769  772  773  772  769  769  768  768  768  768  768
  10  768  768  768  768  768  768  768  769  769  769  768  768  768  768  768  768  768
   7  768  768  768  768  768  768  768  768  768  768  768  768  768  768  768  768  768
   4  768  768  768  768  768  768  768  768  768  768  768  768  768  768  768  768  768
   1 1999 1999 1999 1999 1999 1999 1999 1999 1999 1999 1999 1999 1999 1999 1999 1999 1999




 Layer k = 20

      1    5    9   13   17   21   25   29   33   37   41   45   49   53   57   61   65
  49 1999 1999 1999 1999 1999 1999 1999 1999 1999 1999 1999 1999 1999 1999 1999 1999 1999
  46  519  519  519  519  519  519  519  519  519  519  519  519  519  519  519  519  519
  43  519  519  519  519  519  519  519  519  519  519  519  519  519  519  519  519  519
  40  519  519  519  519  519  519  519  519  519  519  519  519  519  519  519  519  519
  37  519  519  519  519  519  519  519  520  520  520  519  519  519  519  519  519  519
  34  519  519  519  519  519  519  520  525  528  525  520  519  519  519  519  519  519
  31  519  519  519  519  519  519  525  551  585  551  525  519  519  519  519  519  519
  28  519  519  519  519  519  520  533  649  928  649  533  520  519  519  519  519  519
  25  519  519  519  519  519  520  538  755 1469  755  538  520  519  519  519  519  519
  22  519  519  519  519  519  520  533  649  928  649  533  520  519  519  519  519  519
  19  519  519  519  519  519  519  525  551  585  551  525  519  519  519  519  519  519
  16  519  519  519  519  519  519  520  525  528  525  520  519  519  519  519  519  519
  13  519  519  519  519  519  519  519  520  520  520  519  519  519  519  519  519  519
  10  519  519  519  519  519  519  519  519  519  519  519  519  519  519  519  519  519
   7  519  519  519  519  519  519  519  519  519  519  519  519  519  519  519  519  519
   4  519  519  519  519  519  519  519  519  519  519  519  519  519  519  519  519  519
   1 1999 1999 1999 1999 1999 1999 1999 1999 1999 1999 1999 1999 1999 1999 1999 1999 1999



 Salinity, s                             

 Time =    0.0000 days    multiply all values by 1.00E-02

 Layer k =  1

      1    5    9   13   17   21   25   29   33   37   41   45   49   53   57   61   65
  49 3500 3500 3500 3500 3500 3500 3500 3500 3500 3500 3500 3500 3500 3500 3500 3500 3500
  46 3500 3500 3500 3500 3500 3500 3500 3500 3500 3500 3500 3500 3500 3500 3500 3500 3500
  43 3500 3500 3500 3500 3500 3500 3500 3500 3500 3500 3500 3500 3500 3500 3500 3500 3500
  40 3500 3500 3500 3500 3500 3500 3500 3500 3500 3500 3500 3500 3500 3500 3500 3500 3500
  37 3500 3500 3500 3500 3500 3500 3500 3500 3500 3500 3500 3500 3500 3500 3500 3500 3500
  34 3500 3500 3500 3500 3500 3500 3500 3500 3500 3500 3500 3500 3500 3500 3500 3500 3500
  31 3500 3500 3500 3500 3500 3500 3500 3500 3500 3500 3500 3500 3500 3500 3500 3500 3500
  28 3500 3500 3500 3500 3500 3500 3500 3500 3500 3500 3500 3500 3500 3500 3500 3500 3500
  25 3500 3500 3500 3500 3500 3500 3500 3500 3500 3500 3500 3500 3500 3500 3500 3500 3500
  22 3500 3500 3500 3500 3500 3500 3500 3500 3500 3500 3500 3500 3500 3500 3500 3500 3500
  19 3500 3500 3500 3500 3500 3500 3500 3500 3500 3500 3500 3500 3500 3500 3500 3500 3500
  16 3500 3500 3500 3500 3500 3500 3500 3500 3500 3500 3500 3500 3500 3500 3500 3500 3500
  13 3500 3500 3500 3500 3500 3500 3500 3500 3500 3500 3500 3500 3500 3500 3500 3500 3500
  10 3500 3500 3500 3500 3500 3500 3500 3500 3500 3500 3500 3500 3500 3500 3500 3500 3500
   7 3500 3500 3500 3500 3500 3500 3500 3500 3500 3500 3500 3500 3500 3500 3500 3500 3500
   4 3500 3500 3500 3500 3500 3500 3500 3500 3500 3500 3500 3500 3500 3500 3500 3500 3500
   1 3500 3500 3500 3500 3500 3500 3500 3500 3500 3500 3500 3500 3500 3500 3500 3500 3500




 Layer k = 10

      1    5    9   13   17   21   25   29   33   37   41   45   49   53   57   61   65
  49 3500 3500 3500 3500 3500 3500 3500 3500 3500 3500 3500 3500 3500 3500 3500 3500 3500
  46 3500 3500 3500 3500 3500 3500 3500 3500 3500 3500 3500 3500 3500 3500 3500 3500 3500
  43 3500 3500 3500 3500 3500 3500 3500 3500 3500 3500 3500 3500 3500 3500 3500 3500 3500
  40 3500 3500 3500 3500 3500 3500 3500 3500 3500 3500 3500 3500 3500 3500 3500 3500 3500
  37 3500 3500 3500 3500 3500 3500 3500 3500 3500 3500 3500 3500 3500 3500 3500 3500 3500
  34 3500 3500 3500 3500 3500 3500 3500 3500 3500 3500 3500 3500 3500 3500 3500 3500 3500
  31 3500 3500 3500 3500 3500 3500 3500 3500 3500 3500 3500 3500 3500 3500 3500 3500 3500
  28 3500 3500 3500 3500 3500 3500 3500 3500 3500 3500 3500 3500 3500 3500 3500 3500 3500
  25 3500 3500 3500 3500 3500 3500 3500 3500 3500 3500 3500 3500 3500 3500 3500 3500 3500
  22 3500 3500 3500 3500 3500 3500 3500 3500 3500 3500 3500 3500 3500 3500 3500 3500 3500
  19 3500 3500 3500 3500 3500 3500 3500 3500 3500 3500 3500 3500 3500 3500 3500 3500 3500
  16 3500 3500 3500 3500 3500 3500 3500 3500 3500 3500 3500 3500 3500 3500 3500 3500 3500
  13 3500 3500 3500 3500 3500 3500 3500 3500 3500 3500 3500 3500 3500 3500 3500 3500 3500
  10 3500 3500 3500 3500 3500 3500 3500 3500 3500 3500 3500 3500 3500 3500 3500 3500 3500
   7 3500 3500 3500 3500 3500 3500 3500 3500 3500 3500 3500 3500 3500 3500 3500 3500 3500
   4 3500 3500 3500 3500 3500 3500 3500 3500 3500 3500 3500 3500 3500 3500 3500 3500 3500
   1 3500 3500 3500 3500 3500 3500 3500 3500 3500 3500 3500 3500 3500 3500 3500 3500 3500




 Layer k = 20

      1    5    9   13   17   21   25   29   33   37   41   45   49   53   57   61   65
  49 3500 3500 3500 3500 3500 3500 3500 3500 3500 3500 3500 3500 3500 3500 3500 3500 3500
  46 3500 3500 3500 3500 3500 3500 3500 3500 3500 3500 3500 3500 3500 3500 3500 3500 3500
  43 3500 3500 3500 3500 3500 3500 3500 3500 3500 3500 3500 3500 3500 3500 3500 3500 3500
  40 3500 3500 3500 3500 3500 3500 3500 3500 3500 3500 3500 3500 3500 3500 3500 3500 3500
  37 3500 3500 3500 3500 3500 3500 3500 3500 3500 3500 3500 3500 3500 3500 3500 3500 3500
  34 3500 3500 3500 3500 3500 3500 3500 3500 3500 3500 3500 3500 3500 3500 3500 3500 3500
  31 3500 3500 3500 3500 3500 3500 3500 3500 3500 3500 3500 3500 3500 3500 3500 3500 3500
  28 3500 3500 3500 3500 3500 3500 3500 3500 3500 3500 3500 3500 3500 3500 3500 3500 3500
  25 3500 3500 3500 3500 3500 3500 3500 3500 3500 3500 3500 3500 3500 3500 3500 3500 3500
  22 3500 3500 3500 3500 3500 3500 3500 3500 3500 3500 3500 3500 3500 3500 3500 3500 3500
  19 3500 3500 3500 3500 3500 3500 3500 3500 3500 3500 3500 3500 3500 3500 3500 3500 3500
  16 3500 3500 3500 3500 3500 3500 3500 3500 3500 3500 3500 3500 3500 3500 3500 3500 3500
  13 3500 3500 3500 3500 3500 3500 3500 3500 3500 3500 3500 3500 3500 3500 3500 3500 3500
  10 3500 3500 3500 3500 3500 3500 3500 3500 3500 3500 3500 3500 3500 3500 3500 3500 3500
   7 3500 3500 3500 3500 3500 3500 3500 3500 3500 3500 3500 3500 3500 3500 3500 3500 3500
   4 3500 3500 3500 3500 3500 3500 3500 3500 3500 3500 3500 3500 3500 3500 3500 3500 3500
   1 3500 3500 3500 3500 3500 3500 3500 3500 3500 3500 3500 3500 3500 3500 3500 3500 3500



 (density-1000)/rhoref, rho              

 Time =    0.0000 days    multiply all values by 1.00E-05

 Layer k =  1

      1    5    9   13   17   21   25   29   33   37   41   45   49   53   57   61   65
  49    0    0    0    0    0    0    0    0    0    0    0    0    0    0    0    0    0
  46 2429 2429 2429 2429 2429 2429 2429 2429 2429 2429 2429 2429 2429 2429 2429 2429 2429
  43 2429 2429 2429 2429 2429 2429 2429 2429 2429 2429 2429 2429 2429 2429 2429 2429 2429
  40 2429 2429 2429 2429 2429 2429 2429 2429 2429 2429 2429 2429 2429 2429 2429 2429 2429
  37 2429 2429 2429 2429 2429 2429 2429 2429 2429 2429 2429 2429 2429 2429 2429 2429 2429
  34 2429 2429 2429 2429 2429 2429 2429 2428 2428 2428 2429 2429 2429 2429 2429 2429 2429
  31 2429 2429 2429 2429 2429 2429 2428 2426 2425 2426 2428 2429 2429 2429 2429 2429 2429
  28 2429 2429 2429 2429 2429 2429 2428 2423 2420 2423 2428 2429 2429 2429 2429 2429 2429
  25 2429 2429 2429 2429 2429 2429 2427 2421 2417 2421 2427 2429 2429 2429 2429 2429 2429
  22 2429 2429 2429 2429 2429 2429 2428 2423 2420 2423 2428 2429 2429 2429 2429 2429 2429
  19 2429 2429 2429 2429 2429 2429 2428 2426 2425 2426 2428 2429 2429 2429 2429 2429 2429
  16 2429 2429 2429 2429 2429 2429 2429 2428 2428 2428 2429 2429 2429 2429 2429 2429 2429
  13 2429 2429 2429 2429 2429 2429 2429 2429 2429 2429 2429 2429 2429 2429 2429 2429 2429
  10 2429 2429 2429 2429 2429 2429 2429 2429 2429 2429 2429 2429 2429 2429 2429 2429 2429
   7 2429 2429 2429 2429 2429 2429 2429 2429 2429 2429 2429 2429 2429 2429 2429 2429 2429
   4 2429 2429 2429 2429 2429 2429 2429 2429 2429 2429 2429 2429 2429 2429 2429 2429 2429
   1    0    0    0    0    0    0    0    0    0    0    0    0    0    0    0    0    0




 Layer k = 10

      1    5    9   13   17   21   25   29   33   37   41   45   49   53   57   61   65
  49    0    0    0    0    0    0    0    0    0    0    0    0    0    0    0    0    0
  46 3420 3420 3420 3420 3420 3420 3420 3420 3420 3420 3420 3420 3420 3420 3420 3420 3420
  43 3420 3420 3420 3420 3420 3420 3420 3420 3420 3420 3420 3420 3420 3420 3420 3420 3420
  40 3420 3420 3420 3420 3420 3420 3420 3419 3419 3419 3420 3420 3420 3420 3420 3420 3420
  37 3420 3420 3420 3420 3420 3419 3418 3414 3411 3414 3418 3419 3420 3420 3420 3420 3420
  34 3420 3420 3420 3420 3420 3418 3406 3371 3345 3371 3406 3418 3420 3420 3420 3420 3420
  31 3420 3420 3420 3420 3420 3415 3369 3229 3126 3229 3369 3415 3420 3420 3420 3420 3420
  28 3420 3420 3420 3420 3419 3410 3313 3008 2765 3008 3313 3410 3419 3420 3420 3420 3420
  25 3420 3420 3420 3420 3419 3407 3285 2887 2548 2887 3285 3407 3419 3420 3420 3420 3420
  22 3420 3420 3420 3420 3419 3410 3313 3008 2765 3008 3313 3410 3419 3420 3420 3420 3420
  19 3420 3420 3420 3420 3420 3415 3369 3229 3126 3229 3369 3415 3420 3420 3420 3420 3420
  16 3420 3420 3420 3420 3420 3418 3406 3371 3345 3371 3406 3418 3420 3420 3420 3420 3420
  13 3420 3420 3420 3420 3420 3419 3418 3414 3411 3414 3418 3419 3420 3420 3420 3420 3420
  10 3420 3420 3420 3420 3420 3420 3420 3419 3419 3419 3420 3420 3420 3420 3420 3420 3420
   7 3420 3420 3420 3420 3420 3420 3420 3420 3420 3420 3420 3420 3420 3420 3420 3420 3420
   4 3420 3420 3420 3420 3420 3420 3420 3420 3420 3420 3420 3420 3420 3420 3420 3420 3420
   1    0    0    0    0    0    0    0    0    0    0    0    0    0    0    0    0    0




 Layer k = 20

      1    5    9   13   17   21   25   29   33   37   41   45   49   53   57   61   65
  49    0    0    0    0    0    0    0    0    0    0    0    0    0    0    0    0    0
  46 4582 4582 4582 4582 4582 4582 4582 4582 4582 4582 4582 4582 4582 4582 4582 4582 4582
  43 4582 4582 4582 4582 4582 4582 4582 4582 4582 4582 4582 4582 4582 4582 4582 4582 4582
  40 4582 4582 4582 4582 4582 4582 4581 4581 4581 4581 4581 4582 4582 4582 4582 4582 4582
  37 4582 4582 4582 4582 4582 4581 4578 4569 4562 4569 4578 4581 4582 4582 4582 4582 4582
  34 4582 4582 4582 4582 4582 4579 4553 4474 4418 4474 4553 4579 4582 4582 4582 4582 4582
  31 4582 4582 4582 4582 4581 4571 4470 4165 3945 4165 4470 4571 4581 4582 4582 4582 4582
  28 4582 4582 4582 4582 4581 4560 4348 3695 3189 3695 4348 4560 4581 4582 4582 4582 4582
  25 4582 4582 4582 4582 4581 4555 4286 3444 2728 3444 4286 4555 4581 4582 4582 4582 4582
  22 4582 4582 4582 4582 4581 4560 4348 3695 3189 3695 4348 4560 4581 4582 4582 4582 4582
  19 4582 4582 4582 4582 4581 4571 4470 4165 3945 4165 4470 4571 4581 4582 4582 4582 4582
  16 4582 4582 4582 4582 4582 4579 4553 4474 4418 4474 4553 4579 4582 4582 4582 4582 4582
  13 4582 4582 4582 4582 4582 4581 4578 4569 4562 4569 4578 4581 4582 4582 4582 4582 4582
  10 4582 4582 4582 4582 4582 4582 4581 4581 4581 4581 4581 4582 4582 4582 4582 4582 4582
   7 4582 4582 4582 4582 4582 4582 4582 4582 4582 4582 4582 4582 4582 4582 4582 4582 4582
   4 4582 4582 4582 4582 4582 4582 4582 4582 4582 4582 4582 4582 4582 4582 4582 4582 4582
   1    0    0    0    0    0    0    0    0    0    0    0    0    0    0    0    0    0



 Horizontal kinematic viscosity, aam     

 Time =    0.0000 days    multiply all values by 1.00E-01

 Layer k =  1

      1    5    9   13   17   21   25   29   33   37   41   45   49   53   57   61   65
  49 5000 5000 5000 5000 5000 5000 5000 5000 5000 5000 5000 5000 5000 5000 5000 5000 5000
  46 5000 5000 5000 5000 5000 5000 5000 5000 5000 5000 5000 5000 5000 5000 5000 5000 5000
  43 5000 5000 5000 5000 5000 5000 5000 5000 5000 5000 5000 5000 5000 5000 5000 5000 5000
  40 5000 5000 5000 5000 5000 5000 5000 5000 5000 5000 5000 5000 5000 5000 5000 5000 5000
  37 5000 5000 5000 5000 5000 5000 5000 5000 5000 5000 5000 5000 5000 5000 5000 5000 5000
  34 5000 5000 5000 5000 5000 5000 5000 5000 5000 5000 5000 5000 5000 5000 5000 5000 5000
  31 5000 5000 5000 5000 5000 5000 5000 5000 5000 5000 5000 5000 5000 5000 5000 5000 5000
  28 5000 5000 5000 5000 5000 5000 5000 5000 5000 5000 5000 5000 5000 5000 5000 5000 5000
  25 5000 5000 5000 5000 5000 5000 5000 5000 5000 5000 5000 5000 5000 5000 5000 5000 5000
  22 5000 5000 5000 5000 5000 5000 5000 5000 5000 5000 5000 5000 5000 5000 5000 5000 5000
  19 5000 5000 5000 5000 5000 5000 5000 5000 5000 5000 5000 5000 5000 5000 5000 5000 5000
  16 5000 5000 5000 5000 5000 5000 5000 5000 5000 5000 5000 5000 5000 5000 5000 5000 5000
  13 5000 5000 5000 5000 5000 5000 5000 5000 5000 5000 5000 5000 5000 5000 5000 5000 5000
  10 5000 5000 5000 5000 5000 5000 5000 5000 5000 5000 5000 5000 5000 5000 5000 5000 5000
   7 5000 5000 5000 5000 5000 5000 5000 5000 5000 5000 5000 5000 5000 5000 5000 5000 5000
   4 5000 5000 5000 5000 5000 5000 5000 5000 5000 5000 5000 5000 5000 5000 5000 5000 5000
   1 5000 5000 5000 5000 5000 5000 5000 5000 5000 5000 5000 5000 5000 5000 5000 5000 5000




 Layer k = 10

      1    5    9   13   17   21   25   29   33   37   41   45   49   53   57   61   65
  49 5000 5000 5000 5000 5000 5000 5000 5000 5000 5000 5000 5000 5000 5000 5000 5000 5000
  46 5000 5000 5000 5000 5000 5000 5000 5000 5000 5000 5000 5000 5000 5000 5000 5000 5000
  43 5000 5000 5000 5000 5000 5000 5000 5000 5000 5000 5000 5000 5000 5000 5000 5000 5000
  40 5000 5000 5000 5000 5000 5000 5000 5000 5000 5000 5000 5000 5000 5000 5000 5000 5000
  37 5000 5000 5000 5000 5000 5000 5000 5000 5000 5000 5000 5000 5000 5000 5000 5000 5000
  34 5000 5000 5000 5000 5000 5000 5000 5000 5000 5000 5000 5000 5000 5000 5000 5000 5000
  31 5000 5000 5000 5000 5000 5000 5000 5000 5000 5000 5000 5000 5000 5000 5000 5000 5000
  28 5000 5000 5000 5000 5000 5000 5000 5000 5000 5000 5000 5000 5000 5000 5000 5000 5000
  25 5000 5000 5000 5000 5000 5000 5000 5000 5000 5000 5000 5000 5000 5000 5000 5000 5000
  22 5000 5000 5000 5000 5000 5000 5000 5000 5000 5000 5000 5000 5000 5000 5000 5000 5000
  19 5000 5000 5000 5000 5000 5000 5000 5000 5000 5000 5000 5000 5000 5000 5000 5000 5000
  16 5000 5000 5000 5000 5000 5000 5000 5000 5000 5000 5000 5000 5000 5000 5000 5000 5000
  13 5000 5000 5000 5000 5000 5000 5000 5000 5000 5000 5000 5000 5000 5000 5000 5000 5000
  10 5000 5000 5000 5000 5000 5000 5000 5000 5000 5000 5000 5000 5000 5000 5000 5000 5000
   7 5000 5000 5000 5000 5000 5000 5000 5000 5000 5000 5000 5000 5000 5000 5000 5000 5000
   4 5000 5000 5000 5000 5000 5000 5000 5000 5000 5000 5000 5000 5000 5000 5000 5000 5000
   1 5000 5000 5000 5000 5000 5000 5000 5000 5000 5000 5000 5000 5000 5000 5000 5000 5000




 Layer k = 20

      1    5    9   13   17   21   25   29   33   37   41   45   49   53   57   61   65
  49 5000 5000 5000 5000 5000 5000 5000 5000 5000 5000 5000 5000 5000 5000 5000 5000 5000
  46 5000 5000 5000 5000 5000 5000 5000 5000 5000 5000 5000 5000 5000 5000 5000 5000 5000
  43 5000 5000 5000 5000 5000 5000 5000 5000 5000 5000 5000 5000 5000 5000 5000 5000 5000
  40 5000 5000 5000 5000 5000 5000 5000 5000 5000 5000 5000 5000 5000 5000 5000 5000 5000
  37 5000 5000 5000 5000 5000 5000 5000 5000 5000 5000 5000 5000 5000 5000 5000 5000 5000
  34 5000 5000 5000 5000 5000 5000 5000 5000 5000 5000 5000 5000 5000 5000 5000 5000 5000
  31 5000 5000 5000 5000 5000 5000 5000 5000 5000 5000 5000 5000 5000 5000 5000 5000 5000
  28 5000 5000 5000 5000 5000 5000 5000 5000 5000 5000 5000 5000 5000 5000 5000 5000 5000
  25 5000 5000 5000 5000 5000 5000 5000 5000 5000 5000 5000 5000 5000 5000 5000 5000 5000
  22 5000 5000 5000 5000 5000 5000 5000 5000 5000 5000 5000 5000 5000 5000 5000 5000 5000
  19 5000 5000 5000 5000 5000 5000 5000 5000 5000 5000 5000 5000 5000 5000 5000 5000 5000
  16 5000 5000 5000 5000 5000 5000 5000 5000 5000 5000 5000 5000 5000 5000 5000 5000 5000
  13 5000 5000 5000 5000 5000 5000 5000 5000 5000 5000 5000 5000 5000 5000 5000 5000 5000
  10 5000 5000 5000 5000 5000 5000 5000 5000 5000 5000 5000 5000 5000 5000 5000 5000 5000
   7 5000 5000 5000 5000 5000 5000 5000 5000 5000 5000 5000 5000 5000 5000 5000 5000 5000
   4 5000 5000 5000 5000 5000 5000 5000 5000 5000 5000 5000 5000 5000 5000 5000 5000 5000
   1 5000 5000 5000 5000 5000 5000 5000 5000 5000 5000 5000 5000 5000 5000 5000 5000 5000



 Vertical kinematic viscosity, km        

 Time =    0.0000 days    multiply all values by 1.00E-05

 Layer k =  1

      1    5    9   13   17   21   25   29   33   37   41   45   49   53   57   61   65
  49    0    0    0    0    0    0    0    0    0    0    0    0    0    0    0    0    0
  46 1423 1423 1423 1423 1423 1423 1423 1423 1423 1423 1423 1423 1423 1423 1423 1423 1423
  43 1423 1423 1423 1423 1423 1423 1423 1423 1423 1423 1423 1423 1423 1423 1423 1423 1423
  40 1423 1423 1423 1423 1423 1423 1423 1423 1422 1423 1423 1423 1423 1423 1423 1423 1423
  37 1423 1423 1423 1423 1423 1423 1420 1413 1408 1413 1420 1423 1423 1423 1423 1423 1423
  34 1423 1423 1423 1423 1423 1421 1400 1339 1295 1339 1400 1421 1423 1423 1423 1423 1423
  31 1423 1423 1423 1423 1423 1415 1336 1101  936 1101 1336 1415 1423 1423 1423 1423 1423
  28 1423 1423 1423 1423 1423 1406 1241  753  409  753 1241 1406 1423 1423 1423 1423 1423
  25 1423 1423 1423 1423 1423 1402 1194  577  142  577 1194 1402 1423 1423 1423 1423 1423
  22 1423 1423 1423 1423 1423 1406 1241  753  409  753 1241 1406 1423 1423 1423 1423 1423
  19 1423 1423 1423 1423 1423 1415 1336 1101  936 1101 1336 1415 1423 1423 1423 1423 1423
  16 1423 1423 1423 1423 1423 1421 1400 1339 1295 1339 1400 1421 1423 1423 1423 1423 1423
  13 1423 1423 1423 1423 1423 1423 1420 1413 1408 1413 1420 1423 1423 1423 1423 1423 1423
  10 1423 1423 1423 1423 1423 1423 1423 1423 1422 1423 1423 1423 1423 1423 1423 1423 1423
   7 1423 1423 1423 1423 1423 1423 1423 1423 1423 1423 1423 1423 1423 1423 1423 1423 1423
   4 1423 1423 1423 1423 1423 1423 1423 1423 1423 1423 1423 1423 1423 1423 1423 1423 1423
   1    0    0    0    0    0    0    0    0    0    0    0    0    0    0    0    0    0




 Layer k = 10

      1    5    9   13   17   21   25   29   33   37   41   45   49   53   57   61   65
  49    0    0    0    0    0    0    0    0    0    0    0    0    0    0    0    0    0
  46 1423 1423 1423 1423 1423 1423 1423 1423 1423 1423 1423 1423 1423 1423 1423 1423 1423
  43 1423 1423 1423 1423 1423 1423 1423 1423 1423 1423 1423 1423 1423 1423 1423 1423 1423
  40 1423 1423 1423 1423 1423 1423 1423 1423 1422 1423 1423 1423 1423 1423 1423 1423 1423
  37 1423 1423 1423 1423 1423 1423 1420 1413 1408 1413 1420 1423 1423 1423 1423 1423 1423
  34 1423 1423 1423 1423 1423 1421 1400 1339 1295 1339 1400 1421 1423 1423 1423 1423 1423
  31 1423 1423 1423 1423 1423 1415 1336 1101  936 1101 1336 1415 1423 1423 1423 1423 1423
  28 1423 1423 1423 1423 1423 1406 1241  753  409  753 1241 1406 1423 1423 1423 1423 1423
  25 1423 1423 1423 1423 1423 1402 1194  577  142  577 1194 1402 1423 1423 1423 1423 1423
  22 1423 1423 1423 1423 1423 1406 1241  753  409  753 1241 1406 1423 1423 1423 1423 1423
  19 1423 1423 1423 1423 1423 1415 1336 1101  936 1101 1336 1415 1423 1423 1423 1423 1423
  16 1423 1423 1423 1423 1423 1421 1400 1339 1295 1339 1400 1421 1423 1423 1423 1423 1423
  13 1423 1423 1423 1423 1423 1423 1420 1413 1408 1413 1420 1423 1423 1423 1423 1423 1423
  10 1423 1423 1423 1423 1423 1423 1423 1423 1422 1423 1423 1423 1423 1423 1423 1423 1423
   7 1423 1423 1423 1423 1423 1423 1423 1423 1423 1423 1423 1423 1423 1423 1423 1423 1423
   4 1423 1423 1423 1423 1423 1423 1423 1423 1423 1423 1423 1423 1423 1423 1423 1423 1423
   1    0    0    0    0    0    0    0    0    0    0    0    0    0    0    0    0    0




 Layer k = 20

      1    5    9   13   17   21   25   29   33   37   41   45   49   53   57   61   65
  49    0    0    0    0    0    0    0    0    0    0    0    0    0    0    0    0    0
  46 1423 1423 1423 1423 1423 1423 1423 1423 1423 1423 1423 1423 1423 1423 1423 1423 1423
  43 1423 1423 1423 1423 1423 1423 1423 1423 1423 1423 1423 1423 1423 1423 1423 1423 1423
  40 1423 1423 1423 1423 1423 1423 1423 1423 1422 1423 1423 1423 1423 1423 1423 1423 1423
  37 1423 1423 1423 1423 1423 1423 1420 1413 1408 1413 1420 1423 1423 1423 1423 1423 1423
  34 1423 1423 1423 1423 1423 1421 1400 1339 1295 1339 1400 1421 1423 1423 1423 1423 1423
  31 1423 1423 1423 1423 1423 1415 1336 1101  936 1101 1336 1415 1423 1423 1423 1423 1423
  28 1423 1423 1423 1423 1423 1406 1241  753  409  753 1241 1406 1423 1423 1423 1423 1423
  25 1423 1423 1423 1423 1423 1402 1194  577  142  577 1194 1402 1423 1423 1423 1423 1423
  22 1423 1423 1423 1423 1423 1406 1241  753  409  753 1241 1406 1423 1423 1423 1423 1423
  19 1423 1423 1423 1423 1423 1415 1336 1101  936 1101 1336 1415 1423 1423 1423 1423 1423
  16 1423 1423 1423 1423 1423 1421 1400 1339 1295 1339 1400 1421 1423 1423 1423 1423 1423
  13 1423 1423 1423 1423 1423 1423 1420 1413 1408 1413 1420 1423 1423 1423 1423 1423 1423
  10 1423 1423 1423 1423 1423 1423 1423 1423 1422 1423 1423 1423 1423 1423 1423 1423 1423
   7 1423 1423 1423 1423 1423 1423 1423 1423 1423 1423 1423 1423 1423 1423 1423 1423 1423
   4 1423 1423 1423 1423 1423 1423 1423 1423 1423 1423 1423 1423 1423 1423 1423 1423 1423
   1    0    0    0    0    0    0    0    0    0    0    0    0    0    0    0    0    0



 x-velocity, u                           

 Time =    0.0000 days    multiply all values by 1.00E-04

 Section j =  1

    i =      1    5    9   13   17   21   25   29   33   37   41   45   49   53   57   61   65
        d =    1    1    1    1    1    1    1    1    1    1    1    1    1    1    1    1    1
  1  -0.004    0    0    0    0    0    0    0    0    0    0    0    0    0    0    0    0    0
  2  -0.011    0    0    0    0    0    0    0    0    0    0    0    0    0    0    0    0    0
  3  -0.022    0    0    0    0    0    0    0    0    0    0    0    0    0    0    0    0    0
  4  -0.044    0    0    0    0    0    0    0    0    0    0    0    0    0    0    0    0    0
  5  -0.088    0    0    0    0    0    0    0    0    0    0    0    0    0    0    0    0    0
  6  -0.147    0    0    0    0    0    0    0    0    0    0    0    0    0    0    0    0    0
  7  -0.206    0    0    0    0    0    0    0    0    0    0    0    0    0    0    0    0    0
  8  -0.265    0    0    0    0    0    0    0    0    0    0    0    0    0    0    0    0    0
  9  -0.324    0    0    0    0    0    0    0    0    0    0    0    0    0    0    0    0    0
 10  -0.382    0    0    0    0    0    0    0    0    0    0    0    0    0    0    0    0    0
 11  -0.441    0    0    0    0    0    0    0    0    0    0    0    0    0    0    0    0    0
 12  -0.500    0    0    0    0    0    0    0    0    0    0    0    0    0    0    0    0    0
 13  -0.559    0    0    0    0    0    0    0    0    0    0    0    0    0    0    0    0    0
 14  -0.618    0    0    0    0    0    0    0    0    0    0    0    0    0    0    0    0    0
 15  -0.676    0    0    0    0    0    0    0    0    0    0    0    0    0    0    0    0    0
 16  -0.735    0    0    0    0    0    0    0    0    0    0    0    0    0    0    0    0    0
 17  -0.794    0    0    0    0    0    0    0    0    0    0    0    0    0    0    0    0    0
 18  -0.853    0    0    0    0    0    0    0    0    0    0    0    0    0    0    0    0    0
 19  -0.912    0    0    0    0    0    0    0    0    0    0    0    0    0    0    0    0    0
 20  -0.971    0    0    0    0    0    0    0    0    0    0    0    0    0    0    0    0    0
 21  -1.029    0    0    0    0    0    0    0    0    0    0    0    0    0    0    0    0    0




 Section j = 24

    i =      1    5    9   13   17   21   25   29   33   37   41   45   49   53   57   61   65
        d = 4500 4500 4500 4500 4499 4435 3793 1892  552 1892 3793 4435 4499 4500 4500 4500 4500
  1  -0.004    0 2000 2000 2000 2000 2000 2000 2000 2000 2000 2000 2000 2000 2000 2000 2000 2000
  2  -0.011    0 2000 2000 2000 2000 2000 2000 2000 2000 2000 2000 2000 2000 2000 2000 2000 2000
  3  -0.022    0 2000 2000 2000 2000 2000 2000 2000 2000 2000 2000 2000 2000 2000 2000 2000 2000
  4  -0.044    0 2000 2000 2000 2000 2000 2000 2000 2000 2000 2000 2000 2000 2000 2000 2000 2000
  5  -0.088    0 2000 2000 2000 2000 2000 2000 2000 2000 2000 2000 2000 2000 2000 2000 2000 2000
  6  -0.147    0 2000 2000 2000 2000 2000 2000 2000 2000 2000 2000 2000 2000 2000 2000 2000 2000
  7  -0.206    0 2000 2000 2000 2000 2000 2000 2000 2000 2000 2000 2000 2000 2000 2000 2000 2000
  8  -0.265    0 2000 2000 2000 2000 2000 2000 2000 2000 2000 2000 2000 2000 2000 2000 2000 2000
  9  -0.324    0 2000 2000 2000 2000 2000 2000 2000 2000 2000 2000 2000 2000 2000 2000 2000 2000
 10  -0.382    0 2000 2000 2000 2000 2000 2000 2000 2000 2000 2000 2000 2000 2000 2000 2000 2000
 11  -0.441    0 2000 2000 2000 2000 2000 2000 2000 2000 2000 2000 2000 2000 2000 2000 2000 2000
 12  -0.500    0 2000 2000 2000 2000 2000 2000 2000 2000 2000 2000 2000 2000 2000 2000 2000 2000
 13  -0.559    0 2000 2000 2000 2000 2000 2000 2000 2000 2000 2000 2000 2000 2000 2000 2000 2000
 14  -0.618    0 2000 2000 2000 2000 2000 2000 2000 2000 2000 2000 2000 2000 2000 2000 2000 2000
 15  -0.676    0 2000 2000 2000 2000 2000 2000 2000 2000 2000 2000 2000 2000 2000 2000 2000 2000
 16  -0.735    0 2000 2000 2000 2000 2000 2000 2000 2000 2000 2000 2000 2000 2000 2000 2000 2000
 17  -0.794    0 2000 2000 2000 2000 2000 2000 2000 2000 2000 2000 2000 2000 2000 2000 2000 2000
 18  -0.853    0 2000 2000 2000 2000 2000 2000 2000 2000 2000 2000 2000 2000 2000 2000 2000 2000
 19  -0.912    0 2000 2000 2000 2000 2000 2000 2000 2000 2000 2000 2000 2000 2000 2000 2000 2000
 20  -0.971    0 2000 2000 2000 2000 2000 2000 2000 2000 2000 2000 2000 2000 2000 2000 2000 2000
 21  -1.029    0    0    0    0    0    0    0    0    0    0    0    0    0    0    0    0    0




 Section j = 48

    i =      1    5    9   13   17   21   25   29   33   37   41   45   49   53   57   61   65
        d = 4500 4500 4500 4500 4500 4500 4500 4500 4500 4500 4500 4500 4500 4500 4500 4500 4500
  1  -0.004    0 2000 2000 2000 2000 2000 2000 2000 2000 2000 2000 2000 2000 2000 2000 2000 2000
  2  -0.011    0 2000 2000 2000 2000 2000 2000 2000 2000 2000 2000 2000 2000 2000 2000 2000 2000
  3  -0.022    0 2000 2000 2000 2000 2000 2000 2000 2000 2000 2000 2000 2000 2000 2000 2000 2000
  4  -0.044    0 2000 2000 2000 2000 2000 2000 2000 2000 2000 2000 2000 2000 2000 2000 2000 2000
  5  -0.088    0 2000 2000 2000 2000 2000 2000 2000 2000 2000 2000 2000 2000 2000 2000 2000 2000
  6  -0.147    0 2000 2000 2000 2000 2000 2000 2000 2000 2000 2000 2000 2000 2000 2000 2000 2000
  7  -0.206    0 2000 2000 2000 2000 2000 2000 2000 2000 2000 2000 2000 2000 2000 2000 2000 2000
  8  -0.265    0 2000 2000 2000 2000 2000 2000 2000 2000 2000 2000 2000 2000 2000 2000 2000 2000
  9  -0.324    0 2000 2000 2000 2000 2000 2000 2000 2000 2000 2000 2000 2000 2000 2000 2000 2000
 10  -0.382    0 2000 2000 2000 2000 2000 2000 2000 2000 2000 2000 2000 2000 2000 2000 2000 2000
 11  -0.441    0 2000 2000 2000 2000 2000 2000 2000 2000 2000 2000 2000 2000 2000 2000 2000 2000
 12  -0.500    0 2000 2000 2000 2000 2000 2000 2000 2000 2000 2000 2000 2000 2000 2000 2000 2000
 13  -0.559    0 2000 2000 2000 2000 2000 2000 2000 2000 2000 2000 2000 2000 2000 2000 2000 2000
 14  -0.618    0 2000 2000 2000 2000 2000 2000 2000 2000 2000 2000 2000 2000 2000 2000 2000 2000
 15  -0.676    0 2000 2000 2000 2000 2000 2000 2000 2000 2000 2000 2000 2000 2000 2000 2000 2000
 16  -0.735    0 2000 2000 2000 2000 2000 2000 2000 2000 2000 2000 2000 2000 2000 2000 2000 2000
 17  -0.794    0 2000 2000 2000 2000 2000 2000 2000 2000 2000 2000 2000 2000 2000 2000 2000 2000
 18  -0.853    0 2000 2000 2000 2000 2000 2000 2000 2000 2000 2000 2000 2000 2000 2000 2000 2000
 19  -0.912    0 2000 2000 2000 2000 2000 2000 2000 2000 2000 2000 2000 2000 2000 2000 2000 2000
 20  -0.971    0 2000 2000 2000 2000 2000 2000 2000 2000 2000 2000 2000 2000 2000 2000 2000 2000
 21  -1.029    0    0    0    0    0    0    0    0    0    0    0    0    0    0    0    0    0



 y-velocity, v                           

 Time =    0.0000 days    multiply all values by 1.00E-15

 Section j =  1

    i =      1    5    9   13   17   21   25   29   33   37   41   45   49   53   57   61   65
        d =    1    1    1    1    1    1    1    1    1    1    1    1    1    1    1    1    1
  1  -0.004    0    0    0    0    0    0    0    0    0    0    0    0    0    0    0    0    0
  2  -0.011    0    0    0    0    0    0    0    0    0    0    0    0    0    0    0    0    0
  3  -0.022    0    0    0    0    0    0    0    0    0    0    0    0    0    0    0    0    0
  4  -0.044    0    0    0    0    0    0    0    0    0    0    0    0    0    0    0    0    0
  5  -0.088    0    0    0    0    0    0    0    0    0    0    0    0    0    0    0    0    0
  6  -0.147    0    0    0    0    0    0    0    0    0    0    0    0    0    0    0    0    0
  7  -0.206    0    0    0    0    0    0    0    0    0    0    0    0    0    0    0    0    0
  8  -0.265    0    0    0    0    0    0    0    0    0    0    0    0    0    0    0    0    0
  9  -0.324    0    0    0    0    0    0    0    0    0    0    0    0    0    0    0    0    0
 10  -0.382    0    0    0    0    0    0    0    0    0    0    0    0    0    0    0    0    0
 11  -0.441    0    0    0    0    0    0    0    0    0    0    0    0    0    0    0    0    0
 12  -0.500    0    0    0    0    0    0    0    0    0    0    0    0    0    0    0    0    0
 13  -0.559    0    0    0    0    0    0    0    0    0    0    0    0    0    0    0    0    0
 14  -0.618    0    0    0    0    0    0    0    0    0    0    0    0    0    0    0    0    0
 15  -0.676    0    0    0    0    0    0    0    0    0    0    0    0    0    0    0    0    0
 16  -0.735    0    0    0    0    0    0    0    0    0    0    0    0    0    0    0    0    0
 17  -0.794    0    0    0    0    0    0    0    0    0    0    0    0    0    0    0    0    0
 18  -0.853    0    0    0    0    0    0    0    0    0    0    0    0    0    0    0    0    0
 19  -0.912    0    0    0    0    0    0    0    0    0    0    0    0    0    0    0    0    0
 20  -0.971    0    0    0    0    0    0    0    0    0    0    0    0    0    0    0    0    0
 21  -1.029    0    0    0    0    0    0    0    0    0    0    0    0    0    0    0    0    0




 Section j = 24

    i =      1    5    9   13   17   21   25   29   33   37   41   45   49   53   57   61   65
        d = 4500 4500 4500 4500 4499 4435 3793 1892  552 1892 3793 4435 4499 4500 4500 4500 4500
  1  -0.004    0    0    0    0    0    0    0    0    0    0    0    0    0    0    0    0    0
  2  -0.011    0    0    0    0    0    0    0    0    0    0    0    0    0    0    0    0    0
  3  -0.022    0    0    0    0    0    0    0    0    0    0    0    0    0    0    0    0    0
  4  -0.044    0    0    0    0    0    0    0    0    0    0    0    0    0    0    0    0    0
  5  -0.088    0    0    0    0    0    0    0    0    0    0    0    0    0    0    0    0    0
  6  -0.147    0    0    0    0    0    0    0    0    0    0    0    0    0    0    0    0    0
  7  -0.206    0    0    0    0    0    0    0    0    0    0    0    0    0    0    0    0    0
  8  -0.265    0    0    0    0    0    0    0    0    0    0    0    0    0    0    0    0    0
  9  -0.324    0    0    0    0    0    0    0    0    0    0    0    0    0    0    0    0    0
 10  -0.382    0    0    0    0    0    0    0    0    0    0    0    0    0    0    0    0    0
 11  -0.441    0    0    0    0    0    0    0    0    0    0    0    0    0    0    0    0    0
 12  -0.500    0    0    0    0    0    0    0    0    0    0    0    0    0    0    0    0    0
 13  -0.559    0    0    0    0    0    0    0    0    0    0    0    0    0    0    0    0    0
 14  -0.618    0    0    0    0    0    0    0    0    0    0    0    0    0    0    0    0    0
 15  -0.676    0    0    0    0    0    0    0    0    0    0    0    0    0    0    0    0    0
 16  -0.735    0    0    0    0    0    0    0    0    0    0    0    0    0    0    0    0    0
 17  -0.794    0    0    0    0    0    0    0    0    0    0    0    0    0    0    0    0    0
 18  -0.853    0    0    0    0    0    0    0    0    0    0    0    0    0    0    0    0    0
 19  -0.912    0    0    0    0    0    0    0    0    0    0    0    0    0    0    0    0    0
 20  -0.971    0    0    0    0    0    0    0    0    0    0    0    0    0    0    0    0    0
 21  -1.029    0    0    0    0    0    0    0    0    0    0    0    0    0    0    0    0    0




 Section j = 48

    i =      1    5    9   13   17   21   25   29   33   37   41   45   49   53   57   61   65
        d = 4500 4500 4500 4500 4500 4500 4500 4500 4500 4500 4500 4500 4500 4500 4500 4500 4500
  1  -0.004    0    0    0    0    0    0    0    0    0    0    0    0    0    0    0    0    0
  2  -0.011    0    0    0    0    0    0    0    0    0    0    0    0    0    0    0    0    0
  3  -0.022    0    0    0    0    0    0    0    0    0    0    0    0    0    0    0    0    0
  4  -0.044    0    0    0    0    0    0    0    0    0    0    0    0    0    0    0    0    0
  5  -0.088    0    0    0    0    0    0    0    0    0    0    0    0    0    0    0    0    0
  6  -0.147    0    0    0    0    0    0    0    0    0    0    0    0    0    0    0    0    0
  7  -0.206    0    0    0    0    0    0    0    0    0    0    0    0    0    0    0    0    0
  8  -0.265    0    0    0    0    0    0    0    0    0    0    0    0    0    0    0    0    0
  9  -0.324    0    0    0    0    0    0    0    0    0    0    0    0    0    0    0    0    0
 10  -0.382    0    0    0    0    0    0    0    0    0    0    0    0    0    0    0    0    0
 11  -0.441    0    0    0    0    0    0    0    0    0    0    0    0    0    0    0    0    0
 12  -0.500    0    0    0    0    0    0    0    0    0    0    0    0    0    0    0    0    0
 13  -0.559    0    0    0    0    0    0    0    0    0    0    0    0    0    0    0    0    0
 14  -0.618    0    0    0    0    0    0    0    0    0    0    0    0    0    0    0    0    0
 15  -0.676    0    0    0    0    0    0    0    0    0    0    0    0    0    0    0    0    0
 16  -0.735    0    0    0    0    0    0    0    0    0    0    0    0    0    0    0    0    0
 17  -0.794    0    0    0    0    0    0    0    0    0    0    0    0    0    0    0    0    0
 18  -0.853    0    0    0    0    0    0    0    0    0    0    0    0    0    0    0    0    0
 19  -0.912    0    0    0    0    0    0    0    0    0    0    0    0    0    0    0    0    0
 20  -0.971    0    0    0    0    0    0    0    0    0    0    0    0    0    0    0    0    0
 21  -1.029    0    0    0    0    0    0    0    0    0    0    0    0    0    0    0    0    0



 z-velocity, w                           

 Time =    0.0000 days    multiply all values by 1.00E-15

 Section j =  1

    i =      1    5    9   13   17   21   25   29   33   37   41   45   49   53   57   61   65
        d =    1    1    1    1    1    1    1    1    1    1    1    1    1    1    1    1    1
  1  -0.000    0    0    0    0    0    0    0    0    0    0    0    0    0    0    0    0    0
  2  -0.007    0    0    0    0    0    0    0    0    0    0    0    0    0    0    0    0    0
  3  -0.015    0    0    0    0    0    0    0    0    0    0    0    0    0    0    0    0    0
  4  -0.029    0    0    0    0    0    0    0    0    0    0    0    0    0    0    0    0    0
  5  -0.059    0    0    0    0    0    0    0    0    0    0    0    0    0    0    0    0    0
  6  -0.118    0    0    0    0    0    0    0    0    0    0    0    0    0    0    0    0    0
  7  -0.176    0    0    0    0    0    0    0    0    0    0    0    0    0    0    0    0    0
  8  -0.235    0    0    0    0    0    0    0    0    0    0    0    0    0    0    0    0    0
  9  -0.294    0    0    0    0    0    0    0    0    0    0    0    0    0    0    0    0    0
 10  -0.353    0    0    0    0    0    0    0    0    0    0    0    0    0    0    0    0    0
 11  -0.412    0    0    0    0    0    0    0    0    0    0    0    0    0    0    0    0    0
 12  -0.471    0    0    0    0    0    0    0    0    0    0    0    0    0    0    0    0    0
 13  -0.529    0    0    0    0    0    0    0    0    0    0    0    0    0    0    0    0    0
 14  -0.588    0    0    0    0    0    0    0    0    0    0    0    0    0    0    0    0    0
 15  -0.647    0    0    0    0    0    0    0    0    0    0    0    0    0    0    0    0    0
 16  -0.706    0    0    0    0    0    0    0    0    0    0    0    0    0    0    0    0    0
 17  -0.765    0    0    0    0    0    0    0    0    0    0    0    0    0    0    0    0    0
 18  -0.824    0    0    0    0    0    0    0    0    0    0    0    0    0    0    0    0    0
 19  -0.882    0    0    0    0    0    0    0    0    0    0    0    0    0    0    0    0    0
 20  -0.941    0    0    0    0    0    0    0    0    0    0    0    0    0    0    0    0    0
 21  -1.000    0    0    0    0    0    0    0    0    0    0    0    0    0    0    0    0    0




 Section j = 24

    i =      1    5    9   13   17   21   25   29   33   37   41   45   49   53   57   61   65
        d = 4500 4500 4500 4500 4499 4435 3793 1892  552 1892 3793 4435 4499 4500 4500 4500 4500
  1  -0.000    0    0    0    0    0    0    0    0    0    0    0    0    0    0    0    0    0
  2  -0.007    0    0    0    0    0    0    0    0    0    0    0    0    0    0    0    0    0
  3  -0.015    0    0    0    0    0    0    0    0    0    0    0    0    0    0    0    0    0
  4  -0.029    0    0    0    0    0    0    0    0    0    0    0    0    0    0    0    0    0
  5  -0.059    0    0    0    0    0    0    0    0    0    0    0    0    0    0    0    0    0
  6  -0.118    0    0    0    0    0    0    0    0    0    0    0    0    0    0    0    0    0
  7  -0.176    0    0    0    0    0    0    0    0    0    0    0    0    0    0    0    0    0
  8  -0.235    0    0    0    0    0    0    0    0    0    0    0    0    0    0    0    0    0
  9  -0.294    0    0    0    0    0    0    0    0    0    0    0    0    0    0    0    0    0
 10  -0.353    0    0    0    0    0    0    0    0    0    0    0    0    0    0    0    0    0
 11  -0.412    0    0    0    0    0    0    0    0    0    0    0    0    0    0    0    0    0
 12  -0.471    0    0    0    0    0    0    0    0    0    0    0    0    0    0    0    0    0
 13  -0.529    0    0    0    0    0    0    0    0    0    0    0    0    0    0    0    0    0
 14  -0.588    0    0    0    0    0    0    0    0    0    0    0    0    0    0    0    0    0
 15  -0.647    0    0    0    0    0    0    0    0    0    0    0    0    0    0    0    0    0
 16  -0.706    0    0    0    0    0    0    0    0    0    0    0    0    0    0    0    0    0
 17  -0.765    0    0    0    0    0    0    0    0    0    0    0    0    0    0    0    0    0
 18  -0.824    0    0    0    0    0    0    0    0    0    0    0    0    0    0    0    0    0
 19  -0.882    0    0    0    0    0    0    0    0    0    0    0    0    0    0    0    0    0
 20  -0.941    0    0    0    0    0    0    0    0    0    0    0    0    0    0    0    0    0
 21  -1.000    0    0    0    0    0    0    0    0    0    0    0    0    0    0    0    0    0




 Section j = 48

    i =      1    5    9   13   17   21   25   29   33   37   41   45   49   53   57   61   65
        d = 4500 4500 4500 4500 4500 4500 4500 4500 4500 4500 4500 4500 4500 4500 4500 4500 4500
  1  -0.000    0    0    0    0    0    0    0    0    0    0    0    0    0    0    0    0    0
  2  -0.007    0    0    0    0    0    0    0    0    0    0    0    0    0    0    0    0    0
  3  -0.015    0    0    0    0    0    0    0    0    0    0    0    0    0    0    0    0    0
  4  -0.029    0    0    0    0    0    0    0    0    0    0    0    0    0    0    0    0    0
  5  -0.059    0    0    0    0    0    0    0    0    0    0    0    0    0    0    0    0    0
  6  -0.118    0    0    0    0    0    0    0    0    0    0    0    0    0    0    0    0    0
  7  -0.176    0    0    0    0    0    0    0    0    0    0    0    0    0    0    0    0    0
  8  -0.235    0    0    0    0    0    0    0    0    0    0    0    0    0    0    0    0    0
  9  -0.294    0    0    0    0    0    0    0    0    0    0    0    0    0    0    0    0    0
 10  -0.353    0    0    0    0    0    0    0    0    0    0    0    0    0    0    0    0    0
 11  -0.412    0    0    0    0    0    0    0    0    0    0    0    0    0    0    0    0    0
 12  -0.471    0    0    0    0    0    0    0    0    0    0    0    0    0    0    0    0    0
 13  -0.529    0    0    0    0    0    0    0    0    0    0    0    0    0    0    0    0    0
 14  -0.588    0    0    0    0    0    0    0    0    0    0    0    0    0    0    0    0    0
 15  -0.647    0    0    0    0    0    0    0    0    0    0    0    0    0    0    0    0    0
 16  -0.706    0    0    0    0    0    0    0    0    0    0    0    0    0    0    0    0    0
 17  -0.765    0    0    0    0    0    0    0    0    0    0    0    0    0    0    0    0    0
 18  -0.824    0    0    0    0    0    0    0    0    0    0    0    0    0    0    0    0    0
 19  -0.882    0    0    0    0    0    0    0    0    0    0    0    0    0    0    0    0    0
 20  -0.941    0    0    0    0    0    0    0    0    0    0    0    0    0    0    0    0    0
 21  -1.000    0    0    0    0    0    0    0    0    0    0    0    0    0    0    0    0    0



 Potential temperature, t                

 Time =    0.0000 days    multiply all values by 1.00E-02

 Section j =  1

    i =      1    5    9   13   17   21   25   29   33   37   41   45   49   53   57   61   65
        d =    1    1    1    1    1    1    1    1    1    1    1    1    1    1    1    1    1
  1  -0.004 2000 2000 2000 2000 2000 2000 2000 2000 2000 2000 2000 2000 2000 2000 2000 2000 2000
  2  -0.011 2000 2000 2000 2000 2000 2000 2000 2000 2000 2000 2000 2000 2000 2000 2000 2000 2000
  3  -0.022 2000 2000 2000 2000 2000 2000 2000 2000 2000 2000 2000 2000 2000 2000 2000 2000 2000
  4  -0.044 2000 2000 2000 2000 2000 2000 2000 2000 2000 2000 2000 2000 2000 2000 2000 2000 2000
  5  -0.088 2000 2000 2000 2000 2000 2000 2000 2000 2000 2000 2000 2000 2000 2000 2000 2000 2000
  6  -0.147 2000 2000 2000 2000 2000 2000 2000 2000 2000 2000 2000 2000 2000 2000 2000 2000 2000
  7  -0.206 2000 2000 2000 2000 2000 2000 2000 2000 2000 2000 2000 2000 2000 2000 2000 2000 2000
  8  -0.265 2000 2000 2000 2000 2000 2000 2000 2000 2000 2000 2000 2000 2000 2000 2000 2000 2000
  9  -0.324 2000 2000 2000 2000 2000 2000 2000 2000 2000 2000 2000 2000 2000 2000 2000 2000 2000
 10  -0.382 1999 1999 1999 1999 1999 1999 1999 1999 1999 1999 1999 1999 1999 1999 1999 1999 1999
 11  -0.441 1999 1999 1999 1999 1999 1999 1999 1999 1999 1999 1999 1999 1999 1999 1999 1999 1999
 12  -0.500 1999 1999 1999 1999 1999 1999 1999 1999 1999 1999 1999 1999 1999 1999 1999 1999 1999
 13  -0.559 1999 1999 1999 1999 1999 1999 1999 1999 1999 1999 1999 1999 1999 1999 1999 1999 1999
 14  -0.618 1999 1999 1999 1999 1999 1999 1999 1999 1999 1999 1999 1999 1999 1999 1999 1999 1999
 15  -0.676 1999 1999 1999 1999 1999 1999 1999 1999 1999 1999 1999 1999 1999 1999 1999 1999 1999
 16  -0.735 1999 1999 1999 1999 1999 1999 1999 1999 1999 1999 1999 1999 1999 1999 1999 1999 1999
 17  -0.794 1999 1999 1999 1999 1999 1999 1999 1999 1999 1999 1999 1999 1999 1999 1999 1999 1999
 18  -0.853 1999 1999 1999 1999 1999 1999 1999 1999 1999 1999 1999 1999 1999 1999 1999 1999 1999
 19  -0.912 1999 1999 1999 1999 1999 1999 1999 1999 1999 1999 1999 1999 1999 1999 1999 1999 1999
 20  -0.971 1999 1999 1999 1999 1999 1999 1999 1999 1999 1999 1999 1999 1999 1999 1999 1999 1999
 21  -1.029    0    0    0    0    0    0    0    0    0    0    0    0    0    0    0    0    0




 Section j = 24

    i =      1    5    9   13   17   21   25   29   33   37   41   45   49   53   57   61   65
        d = 4500 4500 4500 4500 4499 4435 3793 1892  552 1892 3793 4435 4499 4500 4500 4500 4500
  1  -0.004 1975 1975 1975 1975 1975 1976 1979 1990 1997 1990 1979 1976 1975 1975 1975 1975 1975
  2  -0.011 1927 1927 1927 1927 1927 1928 1939 1969 1991 1969 1939 1928 1927 1927 1927 1927 1927
  3  -0.022 1858 1858 1858 1858 1858 1860 1880 1939 1982 1939 1880 1860 1858 1858 1858 1858 1858
  4  -0.044 1730 1730 1730 1730 1730 1733 1769 1880 1964 1880 1769 1733 1730 1730 1730 1730 1730
  5  -0.088 1508 1508 1508 1508 1509 1514 1573 1769 1929 1769 1573 1514 1509 1508 1508 1508 1508
  6  -0.147 1274 1274 1274 1274 1274 1281 1359 1636 1883 1636 1359 1281 1274 1274 1274 1274 1274
  7  -0.206 1094 1094 1094 1094 1094 1102 1187 1516 1839 1516 1187 1102 1094 1094 1094 1094 1094
  8  -0.265  956  956  956  956  956  964 1050 1409 1796 1409 1050  964  956  956  956  956  956
  9  -0.324  850  850  850  850  850  857  940 1313 1754 1313  940  857  850  850  850  850  850
 10  -0.382  768  768  768  768  769  775  852 1228 1714 1228  852  775  769  768  768  768  768
 11  -0.441  706  706  706  706  706  712  781 1151 1676 1151  781  712  706  706  706  706  706
 12  -0.500  658  658  658  658  658  663  725 1082 1638 1082  725  663  658  658  658  658  658
 13  -0.559  621  621  621  621  621  626  680 1021 1602 1021  680  626  621  621  621  621  621
 14  -0.618  593  593  593  593  593  597  644  966 1566  966  644  597  593  593  593  593  593
 15  -0.676  571  571  571  571  572  575  615  917 1532  917  615  575  572  571  571  571  571
 16  -0.735  555  555  555  555  555  558  592  873 1499  873  592  558  555  555  555  555  555
 17  -0.794  542  542  542  542  542  544  574  834 1467  834  574  544  542  542  542  542  542
 18  -0.853  532  532  532  532  532  534  559  799 1436  799  559  534  532  532  532  532  532
 19  -0.912  525  525  525  525  525  526  547  767 1406  767  547  526  525  525  525  525  525
 20  -0.971  519  519  519  519  519  520  538  739 1377  739  538  520  519  519  519  519  519
 21  -1.029    0    0    0    0    0    0    0    0    0    0    0    0    0    0    0    0    0




 Section j = 48

    i =      1    5    9   13   17   21   25   29   33   37   41   45   49   53   57   61   65
        d = 4500 4500 4500 4500 4500 4500 4500 4500 4500 4500 4500 4500 4500 4500 4500 4500 4500
  1  -0.004 1975 1975 1975 1975 1975 1975 1975 1975 1975 1975 1975 1975 1975 1975 1975 1975 1975
  2  -0.011 1927 1927 1927 1927 1927 1927 1927 1927 1927 1927 1927 1927 1927 1927 1927 1927 1927
  3  -0.022 1858 1858 1858 1858 1858 1858 1858 1858 1858 1858 1858 1858 1858 1858 1858 1858 1858
  4  -0.044 1730 1730 1730 1730 1730 1730 1730 1730 1730 1730 1730 1730 1730 1730 1730 1730 1730
  5  -0.088 1508 1508 1508 1508 1508 1508 1508 1508 1508 1508 1508 1508 1508 1508 1508 1508 1508
  6  -0.147 1274 1274 1274 1274 1274 1274 1274 1274 1274 1274 1274 1274 1274 1274 1274 1274 1274
  7  -0.206 1094 1094 1094 1094 1094 1094 1094 1094 1094 1094 1094 1094 1094 1094 1094 1094 1094
  8  -0.265  956  956  956  956  956  956  956  956  956  956  956  956  956  956  956  956  956
  9  -0.324  850  850  850  850  850  850  850  850  850  850  850  850  850  850  850  850  850
 10  -0.382  768  768  768  768  768  768  768  768  768  768  768  768  768  768  768  768  768
 11  -0.441  706  706  706  706  706  706  706  706  706  706  706  706  706  706  706  706  706
 12  -0.500  658  658  658  658  658  658  658  658  658  658  658  658  658  658  658  658  658
 13  -0.559  621  621  621  621  621  621  621  621  621  621  621  621  621  621  621  621  621
 14  -0.618  593  593  593  593  593  593  593  593  593  593  593  593  593  593  593  593  593
 15  -0.676  571  571  571  571  571  571  571  571  571  571  571  571  571  571  571  571  571
 16  -0.735  555  555  555  555  555  555  555  555  555  555  555  555  555  555  555  555  555
 17  -0.794  542  542  542  542  542  542  542  542  542  542  542  542  542  542  542  542  542
 18  -0.853  532  532  532  532  532  532  532  532  532  532  532  532  532  532  532  532  532
 19  -0.912  525  525  525  525  525  525  525  525  525  525  525  525  525  525  525  525  525
 20  -0.971  519  519  519  519  519  519  519  519  519  519  519  519  519  519  519  519  519
 21  -1.029    0    0    0    0    0    0    0    0    0    0    0    0    0    0    0    0    0



 Salinity, s                             

 Time =    0.0000 days    multiply all values by 1.00E-02

 Section j =  1

    i =      1    5    9   13   17   21   25   29   33   37   41   45   49   53   57   61   65
        d =    1    1    1    1    1    1    1    1    1    1    1    1    1    1    1    1    1
  1  -0.004 3500 3500 3500 3500 3500 3500 3500 3500 3500 3500 3500 3500 3500 3500 3500 3500 3500
  2  -0.011 3500 3500 3500 3500 3500 3500 3500 3500 3500 3500 3500 3500 3500 3500 3500 3500 3500
  3  -0.022 3500 3500 3500 3500 3500 3500 3500 3500 3500 3500 3500 3500 3500 3500 3500 3500 3500
  4  -0.044 3500 3500 3500 3500 3500 3500 3500 3500 3500 3500 3500 3500 3500 3500 3500 3500 3500
  5  -0.088 3500 3500 3500 3500 3500 3500 3500 3500 3500 3500 3500 3500 3500 3500 3500 3500 3500
  6  -0.147 3500 3500 3500 3500 3500 3500 3500 3500 3500 3500 3500 3500 3500 3500 3500 3500 3500
  7  -0.206 3500 3500 3500 3500 3500 3500 3500 3500 3500 3500 3500 3500 3500 3500 3500 3500 3500
  8  -0.265 3500 3500 3500 3500 3500 3500 3500 3500 3500 3500 3500 3500 3500 3500 3500 3500 3500
  9  -0.324 3500 3500 3500 3500 3500 3500 3500 3500 3500 3500 3500 3500 3500 3500 3500 3500 3500
 10  -0.382 3500 3500 3500 3500 3500 3500 3500 3500 3500 3500 3500 3500 3500 3500 3500 3500 3500
 11  -0.441 3500 3500 3500 3500 3500 3500 3500 3500 3500 3500 3500 3500 3500 3500 3500 3500 3500
 12  -0.500 3500 3500 3500 3500 3500 3500 3500 3500 3500 3500 3500 3500 3500 3500 3500 3500 3500
 13  -0.559 3500 3500 3500 3500 3500 3500 3500 3500 3500 3500 3500 3500 3500 3500 3500 3500 3500
 14  -0.618 3500 3500 3500 3500 3500 3500 3500 3500 3500 3500 3500 3500 3500 3500 3500 3500 3500
 15  -0.676 3500 3500 3500 3500 3500 3500 3500 3500 3500 3500 3500 3500 3500 3500 3500 3500 3500
 16  -0.735 3500 3500 3500 3500 3500 3500 3500 3500 3500 3500 3500 3500 3500 3500 3500 3500 3500
 17  -0.794 3500 3500 3500 3500 3500 3500 3500 3500 3500 3500 3500 3500 3500 3500 3500 3500 3500
 18  -0.853 3500 3500 3500 3500 3500 3500 3500 3500 3500 3500 3500 3500 3500 3500 3500 3500 3500
 19  -0.912 3500 3500 3500 3500 3500 3500 3500 3500 3500 3500 3500 3500 3500 3500 3500 3500 3500
 20  -0.971 3500 3500 3500 3500 3500 3500 3500 3500 3500 3500 3500 3500 3500 3500 3500 3500 3500
 21  -1.029    0    0    0    0    0    0    0    0    0    0    0    0    0    0    0    0    0




 Section j = 24

    i =      1    5    9   13   17   21   25   29   33   37   41   45   49   53   57   61   65
        d = 4500 4500 4500 4500 4499 4435 3793 1892  552 1892 3793 4435 4499 4500 4500 4500 4500
  1  -0.004 3500 3500 3500 3500 3500 3500 3500 3500 3500 3500 3500 3500 3500 3500 3500 3500 3500
  2  -0.011 3500 3500 3500 3500 3500 3500 3500 3500 3500 3500 3500 3500 3500 3500 3500 3500 3500
  3  -0.022 3500 3500 3500 3500 3500 3500 3500 3500 3500 3500 3500 3500 3500 3500 3500 3500 3500
  4  -0.044 3500 3500 3500 3500 3500 3500 3500 3500 3500 3500 3500 3500 3500 3500 3500 3500 3500
  5  -0.088 3500 3500 3500 3500 3500 3500 3500 3500 3500 3500 3500 3500 3500 3500 3500 3500 3500
  6  -0.147 3500 3500 3500 3500 3500 3500 3500 3500 3500 3500 3500 3500 3500 3500 3500 3500 3500
  7  -0.206 3500 3500 3500 3500 3500 3500 3500 3500 3500 3500 3500 3500 3500 3500 3500 3500 3500
  8  -0.265 3500 3500 3500 3500 3500 3500 3500 3500 3500 3500 3500 3500 3500 3500 3500 3500 3500
  9  -0.324 3500 3500 3500 3500 3500 3500 3500 3500 3500 3500 3500 3500 3500 3500 3500 3500 3500
 10  -0.382 3500 3500 3500 3500 3500 3500 3500 3500 3500 3500 3500 3500 3500 3500 3500 3500 3500
 11  -0.441 3500 3500 3500 3500 3500 3500 3500 3500 3500 3500 3500 3500 3500 3500 3500 3500 3500
 12  -0.500 3500 3500 3500 3500 3500 3500 3500 3500 3500 3500 3500 3500 3500 3500 3500 3500 3500
 13  -0.559 3500 3500 3500 3500 3500 3500 3500 3500 3500 3500 3500 3500 3500 3500 3500 3500 3500
 14  -0.618 3500 3500 3500 3500 3500 3500 3500 3500 3500 3500 3500 3500 3500 3500 3500 3500 3500
 15  -0.676 3500 3500 3500 3500 3500 3500 3500 3500 3500 3500 3500 3500 3500 3500 3500 3500 3500
 16  -0.735 3500 3500 3500 3500 3500 3500 3500 3500 3500 3500 3500 3500 3500 3500 3500 3500 3500
 17  -0.794 3500 3500 3500 3500 3500 3500 3500 3500 3500 3500 3500 3500 3500 3500 3500 3500 3500
 18  -0.853 3500 3500 3500 3500 3500 3500 3500 3500 3500 3500 3500 3500 3500 3500 3500 3500 3500
 19  -0.912 3500 3500 3500 3500 3500 3500 3500 3500 3500 3500 3500 3500 3500 3500 3500 3500 3500
 20  -0.971 3500 3500 3500 3500 3500 3500 3500 3500 3500 3500 3500 3500 3500 3500 3500 3500 3500
 21  -1.029    0    0    0    0    0    0    0    0    0    0    0    0    0    0    0    0    0




 Section j = 48

    i =      1    5    9   13   17   21   25   29   33   37   41   45   49   53   57   61   65
        d = 4500 4500 4500 4500 4500 4500 4500 4500 4500 4500 4500 4500 4500 4500 4500 4500 4500
  1  -0.004 3500 3500 3500 3500 3500 3500 3500 3500 3500 3500 3500 3500 3500 3500 3500 3500 3500
  2  -0.011 3500 3500 3500 3500 3500 3500 3500 3500 3500 3500 3500 3500 3500 3500 3500 3500 3500
  3  -0.022 3500 3500 3500 3500 3500 3500 3500 3500 3500 3500 3500 3500 3500 3500 3500 3500 3500
  4  -0.044 3500 3500 3500 3500 3500 3500 3500 3500 3500 3500 3500 3500 3500 3500 3500 3500 3500
  5  -0.088 3500 3500 3500 3500 3500 3500 3500 3500 3500 3500 3500 3500 3500 3500 3500 3500 3500
  6  -0.147 3500 3500 3500 3500 3500 3500 3500 3500 3500 3500 3500 3500 3500 3500 3500 3500 3500
  7  -0.206 3500 3500 3500 3500 3500 3500 3500 3500 3500 3500 3500 3500 3500 3500 3500 3500 3500
  8  -0.265 3500 3500 3500 3500 3500 3500 3500 3500 3500 3500 3500 3500 3500 3500 3500 3500 3500
  9  -0.324 3500 3500 3500 3500 3500 3500 3500 3500 3500 3500 3500 3500 3500 3500 3500 3500 3500
 10  -0.382 3500 3500 3500 3500 3500 3500 3500 3500 3500 3500 3500 3500 3500 3500 3500 3500 3500
 11  -0.441 3500 3500 3500 3500 3500 3500 3500 3500 3500 3500 3500 3500 3500 3500 3500 3500 3500
 12  -0.500 3500 3500 3500 3500 3500 3500 3500 3500 3500 3500 3500 3500 3500 3500 3500 3500 3500
 13  -0.559 3500 3500 3500 3500 3500 3500 3500 3500 3500 3500 3500 3500 3500 3500 3500 3500 3500
 14  -0.618 3500 3500 3500 3500 3500 3500 3500 3500 3500 3500 3500 3500 3500 3500 3500 3500 3500
 15  -0.676 3500 3500 3500 3500 3500 3500 3500 3500 3500 3500 3500 3500 3500 3500 3500 3500 3500
 16  -0.735 3500 3500 3500 3500 3500 3500 3500 3500 3500 3500 3500 3500 3500 3500 3500 3500 3500
 17  -0.794 3500 3500 3500 3500 3500 3500 3500 3500 3500 3500 3500 3500 3500 3500 3500 3500 3500
 18  -0.853 3500 3500 3500 3500 3500 3500 3500 3500 3500 3500 3500 3500 3500 3500 3500 3500 3500
 19  -0.912 3500 3500 3500 3500 3500 3500 3500 3500 3500 3500 3500 3500 3500 3500 3500 3500 3500
 20  -0.971 3500 3500 3500 3500 3500 3500 3500 3500 3500 3500 3500 3500 3500 3500 3500 3500 3500
 21  -1.029    0    0    0    0    0    0    0    0    0    0    0    0    0    0    0    0    0



 (density-1000)/rhoref, rho              

 Time =    0.0000 days    multiply all values by 1.00E-05

 Section j =  1

    i =      1    5    9   13   17   21   25   29   33   37   41   45   49   53   57   61   65
        d =    1    1    1    1    1    1    1    1    1    1    1    1    1    1    1    1    1
  1  -0.004    0    0    0    0    0    0    0    0    0    0    0    0    0    0    0    0    0
  2  -0.011    0    0    0    0    0    0    0    0    0    0    0    0    0    0    0    0    0
  3  -0.022    0    0    0    0    0    0    0    0    0    0    0    0    0    0    0    0    0
  4  -0.044    0    0    0    0    0    0    0    0    0    0    0    0    0    0    0    0    0
  5  -0.088    0    0    0    0    0    0    0    0    0    0    0    0    0    0    0    0    0
  6  -0.147    0    0    0    0    0    0    0    0    0    0    0    0    0    0    0    0    0
  7  -0.206    0    0    0    0    0    0    0    0    0    0    0    0    0    0    0    0    0
  8  -0.265    0    0    0    0    0    0    0    0    0    0    0    0    0    0    0    0    0
  9  -0.324    0    0    0    0    0    0    0    0    0    0    0    0    0    0    0    0    0
 10  -0.382    0    0    0    0    0    0    0    0    0    0    0    0    0    0    0    0    0
 11  -0.441    0    0    0    0    0    0    0    0    0    0    0    0    0    0    0    0    0
 12  -0.500    0    0    0    0    0    0    0    0    0    0    0    0    0    0    0    0    0
 13  -0.559    0    0    0    0    0    0    0    0    0    0    0    0    0    0    0    0    0
 14  -0.618    0    0    0    0    0    0    0    0    0    0    0    0    0    0    0    0    0
 15  -0.676    0    0    0    0    0    0    0    0    0    0    0    0    0    0    0    0    0
 16  -0.735    0    0    0    0    0    0    0    0    0    0    0    0    0    0    0    0    0
 17  -0.794    0    0    0    0    0    0    0    0    0    0    0    0    0    0    0    0    0
 18  -0.853    0    0    0    0    0    0    0    0    0    0    0    0    0    0    0    0    0
 19  -0.912    0    0    0    0    0    0    0    0    0    0    0    0    0    0    0    0    0
 20  -0.971    0    0    0    0    0    0    0    0    0    0    0    0    0    0    0    0    0
 21  -1.029    0    0    0    0    0    0    0    0    0    0    0    0    0    0    0    0    0




 Section j = 24

    i =      1    5    9   13   17   21   25   29   33   37   41   45   49   53   57   61   65
        d = 4500 4500 4500 4500 4499 4435 3793 1892  552 1892 3793 4435 4499 4500 4500 4500 4500
  1  -0.004 2429 2429 2429 2429 2429 2429 2427 2422 2418 2422 2427 2429 2429 2429 2429 2429 2429
  2  -0.011 2455 2455 2455 2455 2455 2455 2449 2433 2421 2433 2449 2455 2455 2455 2455 2455 2455
  3  -0.022 2494 2494 2494 2494 2494 2493 2482 2449 2426 2449 2482 2493 2494 2494 2494 2494 2494
  4  -0.044 2567 2567 2567 2567 2567 2565 2544 2482 2435 2482 2544 2565 2567 2567 2567 2567 2567
  5  -0.088 2703 2703 2703 2703 2703 2699 2661 2544 2455 2544 2661 2699 2703 2703 2703 2703 2703
  6  -0.147 2866 2866 2866 2866 2866 2861 2804 2623 2480 2623 2804 2861 2866 2866 2866 2866 2866
  7  -0.206 3017 3017 3017 3017 3016 3009 2935 2698 2505 2698 2935 3009 3016 3017 3017 3017 3017
  8  -0.265 3157 3157 3157 3157 3157 3148 3059 2769 2529 2769 3059 3148 3157 3157 3157 3157 3157
  9  -0.324 3291 3291 3291 3291 3291 3280 3176 2837 2553 2837 3176 3280 3291 3291 3291 3291 3291
 10  -0.382 3420 3420 3420 3420 3419 3408 3288 2903 2576 2903 3288 3408 3419 3420 3420 3420 3420
 11  -0.441 3545 3545 3545 3545 3544 3531 3397 2966 2599 2966 3397 3531 3544 3545 3545 3545 3545
 12  -0.500 3667 3667 3667 3667 3666 3652 3503 3027 2622 3027 3503 3652 3666 3667 3667 3667 3667
 13  -0.559 3786 3786 3786 3786 3786 3770 3607 3087 2644 3087 3607 3770 3786 3786 3786 3786 3786
 14  -0.618 3904 3904 3904 3904 3904 3886 3709 3145 2666 3145 3709 3886 3904 3904 3904 3904 3904
 15  -0.676 4020 4020 4020 4020 4020 4001 3809 3203 2687 3203 3809 4001 4020 4020 4020 4020 4020
 16  -0.735 4135 4135 4135 4135 4134 4114 3908 3259 2709 3259 3908 4114 4134 4135 4135 4135 4135
 17  -0.794 4248 4248 4248 4248 4248 4226 4006 3314 2730 3314 4006 4226 4248 4248 4248 4248 4248
 18  -0.853 4360 4360 4360 4360 4360 4337 4103 3368 2750 3368 4103 4337 4360 4360 4360 4360 4360
 19  -0.912 4471 4471 4471 4471 4471 4447 4199 3422 2771 3422 4199 4447 4471 4471 4471 4471 4471
 20  -0.971 4582 4582 4582 4582 4581 4555 4294 3475 2791 3475 4294 4555 4581 4582 4582 4582 4582
 21  -1.029    0    0    0    0    0    0    0    0    0    0    0    0    0    0    0    0    0




 Section j = 48

    i =      1    5    9   13   17   21   25   29   33   37   41   45   49   53   57   61   65
        d = 4500 4500 4500 4500 4500 4500 4500 4500 4500 4500 4500 4500 4500 4500 4500 4500 4500
  1  -0.004 2429 2429 2429 2429 2429 2429 2429 2429 2429 2429 2429 2429 2429 2429 2429 2429 2429
  2  -0.011 2455 2455 2455 2455 2455 2455 2455 2455 2455 2455 2455 2455 2455 2455 2455 2455 2455
  3  -0.022 2494 2494 2494 2494 2494 2494 2494 2494 2494 2494 2494 2494 2494 2494 2494 2494 2494
  4  -0.044 2567 2567 2567 2567 2567 2567 2567 2567 2567 2567 2567 2567 2567 2567 2567 2567 2567
  5  -0.088 2703 2703 2703 2703 2703 2703 2703 2703 2703 2703 2703 2703 2703 2703 2703 2703 2703
  6  -0.147 2866 2866 2866 2866 2866 2866 2866 2866 2866 2866 2866 2866 2866 2866 2866 2866 2866
  7  -0.206 3017 3017 3017 3017 3017 3017 3017 3017 3017 3017 3017 3017 3017 3017 3017 3017 3017
  8  -0.265 3157 3157 3157 3157 3157 3157 3157 3157 3157 3157 3157 3157 3157 3157 3157 3157 3157
  9  -0.324 3291 3291 3291 3291 3291 3291 3291 3291 3291 3291 3291 3291 3291 3291 3291 3291 3291
 10  -0.382 3420 3420 3420 3420 3420 3420 3420 3420 3420 3420 3420 3420 3420 3420 3420 3420 3420
 11  -0.441 3545 3545 3545 3545 3545 3545 3545 3545 3545 3545 3545 3545 3545 3545 3545 3545 3545
 12  -0.500 3667 3667 3667 3667 3667 3667 3667 3667 3667 3667 3667 3667 3667 3667 3667 3667 3667
 13  -0.559 3786 3786 3786 3786 3786 3786 3786 3786 3786 3786 3786 3786 3786 3786 3786 3786 3786
 14  -0.618 3904 3904 3904 3904 3904 3904 3904 3904 3904 3904 3904 3904 3904 3904 3904 3904 3904
 15  -0.676 4020 4020 4020 4020 4020 4020 4020 4020 4020 4020 4020 4020 4020 4020 4020 4020 4020
 16  -0.735 4135 4135 4135 4135 4135 4135 4135 4135 4135 4135 4135 4135 4135 4135 4135 4135 4135
 17  -0.794 4248 4248 4248 4248 4248 4248 4248 4248 4248 4248 4248 4248 4248 4248 4248 4248 4248
 18  -0.853 4360 4360 4360 4360 4360 4360 4360 4360 4360 4360 4360 4360 4360 4360 4360 4360 4360
 19  -0.912 4471 4471 4471 4471 4471 4471 4471 4471 4471 4471 4471 4471 4471 4471 4471 4471 4471
 20  -0.971 4582 4582 4582 4582 4582 4582 4582 4582 4582 4582 4582 4582 4582 4582 4582 4582 4582
 21  -1.029    0    0    0    0    0    0    0    0    0    0    0    0    0    0    0    0    0



 x-velocity, u                           

 Time =    0.0000 days    multiply all values by 1.00E-04

 Section i =  1

    j =      1    4    7   10   13   16   19   22   25   28   31   34   37   40   43   46   49
        d =    1 4500 4500 4500 4500 4500 4500 4500 4500 4500 4500 4500 4500 4500 4500 4500    1
  1  -0.004    0    0    0    0    0    0    0    0    0    0    0    0    0    0    0    0    0
  2  -0.011    0    0    0    0    0    0    0    0    0    0    0    0    0    0    0    0    0
  3  -0.022    0    0    0    0    0    0    0    0    0    0    0    0    0    0    0    0    0
  4  -0.044    0    0    0    0    0    0    0    0    0    0    0    0    0    0    0    0    0
  5  -0.088    0    0    0    0    0    0    0    0    0    0    0    0    0    0    0    0    0
  6  -0.147    0    0    0    0    0    0    0    0    0    0    0    0    0    0    0    0    0
  7  -0.206    0    0    0    0    0    0    0    0    0    0    0    0    0    0    0    0    0
  8  -0.265    0    0    0    0    0    0    0    0    0    0    0    0    0    0    0    0    0
  9  -0.324    0    0    0    0    0    0    0    0    0    0    0    0    0    0    0    0    0
 10  -0.382    0    0    0    0    0    0    0    0    0    0    0    0    0    0    0    0    0
 11  -0.441    0    0    0    0    0    0    0    0    0    0    0    0    0    0    0    0    0
 12  -0.500    0    0    0    0    0    0    0    0    0    0    0    0    0    0    0    0    0
 13  -0.559    0    0    0    0    0    0    0    0    0    0    0    0    0    0    0    0    0
 14  -0.618    0    0    0    0    0    0    0    0    0    0    0    0    0    0    0    0    0
 15  -0.676    0    0    0    0    0    0    0    0    0    0    0    0    0    0    0    0    0
 16  -0.735    0    0    0    0    0    0    0    0    0    0    0    0    0    0    0    0    0
 17  -0.794    0    0    0    0    0    0    0    0    0    0    0    0    0    0    0    0    0
 18  -0.853    0    0    0    0    0    0    0    0    0    0    0    0    0    0    0    0    0
 19  -0.912    0    0    0    0    0    0    0    0    0    0    0    0    0    0    0    0    0
 20  -0.971    0    0    0    0    0    0    0    0    0    0    0    0    0    0    0    0    0
 21  -1.029    0    0    0    0    0    0    0    0    0    0    0    0    0    0    0    0    0




 Section i = 32

    j =      1    4    7   10   13   16   19   22   25   28   31   34   37   40   43   46   49
        d =    1 4500 4500 4498 4453 4106 2999 1373  552 1373 2999 4106 4453 4498 4500 4500    1
  1  -0.004    0 2000 2000 2000 2000 2000 2000 2000 2000 2000 2000 2000 2000 2000 2000 2000    0
  2  -0.011    0 2000 2000 2000 2000 2000 2000 2000 2000 2000 2000 2000 2000 2000 2000 2000    0
  3  -0.022    0 2000 2000 2000 2000 2000 2000 2000 2000 2000 2000 2000 2000 2000 2000 2000    0
  4  -0.044    0 2000 2000 2000 2000 2000 2000 2000 2000 2000 2000 2000 2000 2000 2000 2000    0
  5  -0.088    0 2000 2000 2000 2000 2000 2000 2000 2000 2000 2000 2000 2000 2000 2000 2000    0
  6  -0.147    0 2000 2000 2000 2000 2000 2000 2000 2000 2000 2000 2000 2000 2000 2000 2000    0
  7  -0.206    0 2000 2000 2000 2000 2000 2000 2000 2000 2000 2000 2000 2000 2000 2000 2000    0
  8  -0.265    0 2000 2000 2000 2000 2000 2000 2000 2000 2000 2000 2000 2000 2000 2000 2000    0
  9  -0.324    0 2000 2000 2000 2000 2000 2000 2000 2000 2000 2000 2000 2000 2000 2000 2000    0
 10  -0.382    0 2000 2000 2000 2000 2000 2000 2000 2000 2000 2000 2000 2000 2000 2000 2000    0
 11  -0.441    0 2000 2000 2000 2000 2000 2000 2000 2000 2000 2000 2000 2000 2000 2000 2000    0
 12  -0.500    0 2000 2000 2000 2000 2000 2000 2000 2000 2000 2000 2000 2000 2000 2000 2000    0
 13  -0.559    0 2000 2000 2000 2000 2000 2000 2000 2000 2000 2000 2000 2000 2000 2000 2000    0
 14  -0.618    0 2000 2000 2000 2000 2000 2000 2000 2000 2000 2000 2000 2000 2000 2000 2000    0
 15  -0.676    0 2000 2000 2000 2000 2000 2000 2000 2000 2000 2000 2000 2000 2000 2000 2000    0
 16  -0.735    0 2000 2000 2000 2000 2000 2000 2000 2000 2000 2000 2000 2000 2000 2000 2000    0
 17  -0.794    0 2000 2000 2000 2000 2000 2000 2000 2000 2000 2000 2000 2000 2000 2000 2000    0
 18  -0.853    0 2000 2000 2000 2000 2000 2000 2000 2000 2000 2000 2000 2000 2000 2000 2000    0
 19  -0.912    0 2000 2000 2000 2000 2000 2000 2000 2000 2000 2000 2000 2000 2000 2000 2000    0
 20  -0.971    0 2000 2000 2000 2000 2000 2000 2000 2000 2000 2000 2000 2000 2000 2000 2000    0
 21  -1.029    0    0    0    0    0    0    0    0    0    0    0    0    0    0    0    0    0




 Section i = 64

    j =      1    4    7   10   13   16   19   22   25   28   31   34   37   40   43   46   49
        d =    1 4500 4500 4500 4500 4500 4500 4500 4500 4500 4500 4500 4500 4500 4500 4500    1
  1  -0.004    0 2000 2000 2000 2000 2000 2000 2000 2000 2000 2000 2000 2000 2000 2000 2000    0
  2  -0.011    0 2000 2000 2000 2000 2000 2000 2000 2000 2000 2000 2000 2000 2000 2000 2000    0
  3  -0.022    0 2000 2000 2000 2000 2000 2000 2000 2000 2000 2000 2000 2000 2000 2000 2000    0
  4  -0.044    0 2000 2000 2000 2000 2000 2000 2000 2000 2000 2000 2000 2000 2000 2000 2000    0
  5  -0.088    0 2000 2000 2000 2000 2000 2000 2000 2000 2000 2000 2000 2000 2000 2000 2000    0
  6  -0.147    0 2000 2000 2000 2000 2000 2000 2000 2000 2000 2000 2000 2000 2000 2000 2000    0
  7  -0.206    0 2000 2000 2000 2000 2000 2000 2000 2000 2000 2000 2000 2000 2000 2000 2000    0
  8  -0.265    0 2000 2000 2000 2000 2000 2000 2000 2000 2000 2000 2000 2000 2000 2000 2000    0
  9  -0.324    0 2000 2000 2000 2000 2000 2000 2000 2000 2000 2000 2000 2000 2000 2000 2000    0
 10  -0.382    0 2000 2000 2000 2000 2000 2000 2000 2000 2000 2000 2000 2000 2000 2000 2000    0
 11  -0.441    0 2000 2000 2000 2000 2000 2000 2000 2000 2000 2000 2000 2000 2000 2000 2000    0
 12  -0.500    0 2000 2000 2000 2000 2000 2000 2000 2000 2000 2000 2000 2000 2000 2000 2000    0
 13  -0.559    0 2000 2000 2000 2000 2000 2000 2000 2000 2000 2000 2000 2000 2000 2000 2000    0
 14  -0.618    0 2000 2000 2000 2000 2000 2000 2000 2000 2000 2000 2000 2000 2000 2000 2000    0
 15  -0.676    0 2000 2000 2000 2000 2000 2000 2000 2000 2000 2000 2000 2000 2000 2000 2000    0
 16  -0.735    0 2000 2000 2000 2000 2000 2000 2000 2000 2000 2000 2000 2000 2000 2000 2000    0
 17  -0.794    0 2000 2000 2000 2000 2000 2000 2000 2000 2000 2000 2000 2000 2000 2000 2000    0
 18  -0.853    0 2000 2000 2000 2000 2000 2000 2000 2000 2000 2000 2000 2000 2000 2000 2000    0
 19  -0.912    0 2000 2000 2000 2000 2000 2000 2000 2000 2000 2000 2000 2000 2000 2000 2000    0
 20  -0.971    0 2000 2000 2000 2000 2000 2000 2000 2000 2000 2000 2000 2000 2000 2000 2000    0
 21  -1.029    0    0    0    0    0    0    0    0    0    0    0    0    0    0    0    0    0



 y-velocity, v                           

 Time =    0.0000 days    multiply all values by 1.00E-15

 Section i =  1

    j =      1    4    7   10   13   16   19   22   25   28   31   34   37   40   43   46   49
        d =    1 4500 4500 4500 4500 4500 4500 4500 4500 4500 4500 4500 4500 4500 4500 4500    1
  1  -0.004    0    0    0    0    0    0    0    0    0    0    0    0    0    0    0    0    0
  2  -0.011    0    0    0    0    0    0    0    0    0    0    0    0    0    0    0    0    0
  3  -0.022    0    0    0    0    0    0    0    0    0    0    0    0    0    0    0    0    0
  4  -0.044    0    0    0    0    0    0    0    0    0    0    0    0    0    0    0    0    0
  5  -0.088    0    0    0    0    0    0    0    0    0    0    0    0    0    0    0    0    0
  6  -0.147    0    0    0    0    0    0    0    0    0    0    0    0    0    0    0    0    0
  7  -0.206    0    0    0    0    0    0    0    0    0    0    0    0    0    0    0    0    0
  8  -0.265    0    0    0    0    0    0    0    0    0    0    0    0    0    0    0    0    0
  9  -0.324    0    0    0    0    0    0    0    0    0    0    0    0    0    0    0    0    0
 10  -0.382    0    0    0    0    0    0    0    0    0    0    0    0    0    0    0    0    0
 11  -0.441    0    0    0    0    0    0    0    0    0    0    0    0    0    0    0    0    0
 12  -0.500    0    0    0    0    0    0    0    0    0    0    0    0    0    0    0    0    0
 13  -0.559    0    0    0    0    0    0    0    0    0    0    0    0    0    0    0    0    0
 14  -0.618    0    0    0    0    0    0    0    0    0    0    0    0    0    0    0    0    0
 15  -0.676    0    0    0    0    0    0    0    0    0    0    0    0    0    0    0    0    0
 16  -0.735    0    0    0    0    0    0    0    0    0    0    0    0    0    0    0    0    0
 17  -0.794    0    0    0    0    0    0    0    0    0    0    0    0    0    0    0    0    0
 18  -0.853    0    0    0    0    0    0    0    0    0    0    0    0    0    0    0    0    0
 19  -0.912    0    0    0    0    0    0    0    0    0    0    0    0    0    0    0    0    0
 20  -0.971    0    0    0    0    0    0    0    0    0    0    0    0    0    0    0    0    0
 21  -1.029    0    0    0    0    0    0    0    0    0    0    0    0    0    0    0    0    0




 Section i = 32

    j =      1    4    7   10   13   16   19   22   25   28   31   34   37   40   43   46   49
        d =    1 4500 4500 4498 4453 4106 2999 1373  552 1373 2999 4106 4453 4498 4500 4500    1
  1  -0.004    0    0    0    0    0    0    0    0    0    0    0    0    0    0    0    0    0
  2  -0.011    0    0    0    0    0    0    0    0    0    0    0    0    0    0    0    0    0
  3  -0.022    0    0    0    0    0    0    0    0    0    0    0    0    0    0    0    0    0
  4  -0.044    0    0    0    0    0    0    0    0    0    0    0    0    0    0    0    0    0
  5  -0.088    0    0    0    0    0    0    0    0    0    0    0    0    0    0    0    0    0
  6  -0.147    0    0    0    0    0    0    0    0    0    0    0    0    0    0    0    0    0
  7  -0.206    0    0    0    0    0    0    0    0    0    0    0    0    0    0    0    0    0
  8  -0.265    0    0    0    0    0    0    0    0    0    0    0    0    0    0    0    0    0
  9  -0.324    0    0    0    0    0    0    0    0    0    0    0    0    0    0    0    0    0
 10  -0.382    0    0    0    0    0    0    0    0    0    0    0    0    0    0    0    0    0
 11  -0.441    0    0    0    0    0    0    0    0    0    0    0    0    0    0    0    0    0
 12  -0.500    0    0    0    0    0    0    0    0    0    0    0    0    0    0    0    0    0
 13  -0.559    0    0    0    0    0    0    0    0    0    0    0    0    0    0    0    0    0
 14  -0.618    0    0    0    0    0    0    0    0    0    0    0    0    0    0    0    0    0
 15  -0.676    0    0    0    0    0    0    0    0    0    0    0    0    0    0    0    0    0
 16  -0.735    0    0    0    0    0    0    0    0    0    0    0    0    0    0    0    0    0
 17  -0.794    0    0    0    0    0    0    0    0    0    0    0    0    0    0    0    0    0
 18  -0.853    0    0    0    0    0    0    0    0    0    0    0    0    0    0    0    0    0
 19  -0.912    0    0    0    0    0    0    0    0    0    0    0    0    0    0    0    0    0
 20  -0.971    0    0    0    0    0    0    0    0    0    0    0    0    0    0    0    0    0
 21  -1.029    0    0    0    0    0    0    0    0    0    0    0    0    0    0    0    0    0




 Section i = 64

    j =      1    4    7   10   13   16   19   22   25   28   31   34   37   40   43   46   49
        d =    1 4500 4500 4500 4500 4500 4500 4500 4500 4500 4500 4500 4500 4500 4500 4500    1
  1  -0.004    0    0    0    0    0    0    0    0    0    0    0    0    0    0    0    0    0
  2  -0.011    0    0    0    0    0    0    0    0    0    0    0    0    0    0    0    0    0
  3  -0.022    0    0    0    0    0    0    0    0    0    0    0    0    0    0    0    0    0
  4  -0.044    0    0    0    0    0    0    0    0    0    0    0    0    0    0    0    0    0
  5  -0.088    0    0    0    0    0    0    0    0    0    0    0    0    0    0    0    0    0
  6  -0.147    0    0    0    0    0    0    0    0    0    0    0    0    0    0    0    0    0
  7  -0.206    0    0    0    0    0    0    0    0    0    0    0    0    0    0    0    0    0
  8  -0.265    0    0    0    0    0    0    0    0    0    0    0    0    0    0    0    0    0
  9  -0.324    0    0    0    0    0    0    0    0    0    0    0    0    0    0    0    0    0
 10  -0.382    0    0    0    0    0    0    0    0    0    0    0    0    0    0    0    0    0
 11  -0.441    0    0    0    0    0    0    0    0    0    0    0    0    0    0    0    0    0
 12  -0.500    0    0    0    0    0    0    0    0    0    0    0    0    0    0    0    0    0
 13  -0.559    0    0    0    0    0    0    0    0    0    0    0    0    0    0    0    0    0
 14  -0.618    0    0    0    0    0    0    0    0    0    0    0    0    0    0    0    0    0
 15  -0.676    0    0    0    0    0    0    0    0    0    0    0    0    0    0    0    0    0
 16  -0.735    0    0    0    0    0    0    0    0    0    0    0    0    0    0    0    0    0
 17  -0.794    0    0    0    0    0    0    0    0    0    0    0    0    0    0    0    0    0
 18  -0.853    0    0    0    0    0    0    0    0    0    0    0    0    0    0    0    0    0
 19  -0.912    0    0    0    0    0    0    0    0    0    0    0    0    0    0    0    0    0
 20  -0.971    0    0    0    0    0    0    0    0    0    0    0    0    0    0    0    0    0
 21  -1.029    0    0    0    0    0    0    0    0    0    0    0    0    0    0    0    0    0



 z-velocity, w                           

 Time =    0.0000 days    multiply all values by 1.00E-15

 Section i =  1

    j =      1    4    7   10   13   16   19   22   25   28   31   34   37   40   43   46   49
        d =    1 4500 4500 4500 4500 4500 4500 4500 4500 4500 4500 4500 4500 4500 4500 4500    1
  1  -0.004    0    0    0    0    0    0    0    0    0    0    0    0    0    0    0    0    0
  2  -0.011    0    0    0    0    0    0    0    0    0    0    0    0    0    0    0    0    0
  3  -0.022    0    0    0    0    0    0    0    0    0    0    0    0    0    0    0    0    0
  4  -0.044    0    0    0    0    0    0    0    0    0    0    0    0    0    0    0    0    0
  5  -0.088    0    0    0    0    0    0    0    0    0    0    0    0    0    0    0    0    0
  6  -0.147    0    0    0    0    0    0    0    0    0    0    0    0    0    0    0    0    0
  7  -0.206    0    0    0    0    0    0    0    0    0    0    0    0    0    0    0    0    0
  8  -0.265    0    0    0    0    0    0    0    0    0    0    0    0    0    0    0    0    0
  9  -0.324    0    0    0    0    0    0    0    0    0    0    0    0    0    0    0    0    0
 10  -0.382    0    0    0    0    0    0    0    0    0    0    0    0    0    0    0    0    0
 11  -0.441    0    0    0    0    0    0    0    0    0    0    0    0    0    0    0    0    0
 12  -0.500    0    0    0    0    0    0    0    0    0    0    0    0    0    0    0    0    0
 13  -0.559    0    0    0    0    0    0    0    0    0    0    0    0    0    0    0    0    0
 14  -0.618    0    0    0    0    0    0    0    0    0    0    0    0    0    0    0    0    0
 15  -0.676    0    0    0    0    0    0    0    0    0    0    0    0    0    0    0    0    0
 16  -0.735    0    0    0    0    0    0    0    0    0    0    0    0    0    0    0    0    0
 17  -0.794    0    0    0    0    0    0    0    0    0    0    0    0    0    0    0    0    0
 18  -0.853    0    0    0    0    0    0    0    0    0    0    0    0    0    0    0    0    0
 19  -0.912    0    0    0    0    0    0    0    0    0    0    0    0    0    0    0    0    0
 20  -0.971    0    0    0    0    0    0    0    0    0    0    0    0    0    0    0    0    0
 21  -1.029    0    0    0    0    0    0    0    0    0    0    0    0    0    0    0    0    0




 Section i = 32

    j =      1    4    7   10   13   16   19   22   25   28   31   34   37   40   43   46   49
        d =    1 4500 4500 4498 4453 4106 2999 1373  552 1373 2999 4106 4453 4498 4500 4500    1
  1  -0.004    0    0    0    0    0    0    0    0    0    0    0    0    0    0    0    0    0
  2  -0.011    0    0    0    0    0    0    0    0    0    0    0    0    0    0    0    0    0
  3  -0.022    0    0    0    0    0    0    0    0    0    0    0    0    0    0    0    0    0
  4  -0.044    0    0    0    0    0    0    0    0    0    0    0    0    0    0    0    0    0
  5  -0.088    0    0    0    0    0    0    0    0    0    0    0    0    0    0    0    0    0
  6  -0.147    0    0    0    0    0    0    0    0    0    0    0    0    0    0    0    0    0
  7  -0.206    0    0    0    0    0    0    0    0    0    0    0    0    0    0    0    0    0
  8  -0.265    0    0    0    0    0    0    0    0    0    0    0    0    0    0    0    0    0
  9  -0.324    0    0    0    0    0    0    0    0    0    0    0    0    0    0    0    0    0
 10  -0.382    0    0    0    0    0    0    0    0    0    0    0    0    0    0    0    0    0
 11  -0.441    0    0    0    0    0    0    0    0    0    0    0    0    0    0    0    0    0
 12  -0.500    0    0    0    0    0    0    0    0    0    0    0    0    0    0    0    0    0
 13  -0.559    0    0    0    0    0    0    0    0    0    0    0    0    0    0    0    0    0
 14  -0.618    0    0    0    0    0    0    0    0    0    0    0    0    0    0    0    0    0
 15  -0.676    0    0    0    0    0    0    0    0    0    0    0    0    0    0    0    0    0
 16  -0.735    0    0    0    0    0    0    0    0    0    0    0    0    0    0    0    0    0
 17  -0.794    0    0    0    0    0    0    0    0    0    0    0    0    0    0    0    0    0
 18  -0.853    0    0    0    0    0    0    0    0    0    0    0    0    0    0    0    0    0
 19  -0.912    0    0    0    0    0    0    0    0    0    0    0    0    0    0    0    0    0
 20  -0.971    0    0    0    0    0    0    0    0    0    0    0    0    0    0    0    0    0
 21  -1.029    0    0    0    0    0    0    0    0    0    0    0    0    0    0    0    0    0




 Section i = 64

    j =      1    4    7   10   13   16   19   22   25   28   31   34   37   40   43   46   49
        d =    1 4500 4500 4500 4500 4500 4500 4500 4500 4500 4500 4500 4500 4500 4500 4500    1
  1  -0.004    0    0    0    0    0    0    0    0    0    0    0    0    0    0    0    0    0
  2  -0.011    0    0    0    0    0    0    0    0    0    0    0    0    0    0    0    0    0
  3  -0.022    0    0    0    0    0    0    0    0    0    0    0    0    0    0    0    0    0
  4  -0.044    0    0    0    0    0    0    0    0    0    0    0    0    0    0    0    0    0
  5  -0.088    0    0    0    0    0    0    0    0    0    0    0    0    0    0    0    0    0
  6  -0.147    0    0    0    0    0    0    0    0    0    0    0    0    0    0    0    0    0
  7  -0.206    0    0    0    0    0    0    0    0    0    0    0    0    0    0    0    0    0
  8  -0.265    0    0    0    0    0    0    0    0    0    0    0    0    0    0    0    0    0
  9  -0.324    0    0    0    0    0    0    0    0    0    0    0    0    0    0    0    0    0
 10  -0.382    0    0    0    0    0    0    0    0    0    0    0    0    0    0    0    0    0
 11  -0.441    0    0    0    0    0    0    0    0    0    0    0    0    0    0    0    0    0
 12  -0.500    0    0    0    0    0    0    0    0    0    0    0    0    0    0    0    0    0
 13  -0.559    0    0    0    0    0    0    0    0    0    0    0    0    0    0    0    0    0
 14  -0.618    0    0    0    0    0    0    0    0    0    0    0    0    0    0    0    0    0
 15  -0.676    0    0    0    0    0    0    0    0    0    0    0    0    0    0    0    0    0
 16  -0.735    0    0    0    0    0    0    0    0    0    0    0    0    0    0    0    0    0
 17  -0.794    0    0    0    0    0    0    0    0    0    0    0    0    0    0    0    0    0
 18  -0.853    0    0    0    0    0    0    0    0    0    0    0    0    0    0    0    0    0
 19  -0.912    0    0    0    0    0    0    0    0    0    0    0    0    0    0    0    0    0
 20  -0.971    0    0    0    0    0    0    0    0    0    0    0    0    0    0    0    0    0
 21  -1.029    0    0    0    0    0    0    0    0    0    0    0    0    0    0    0    0    0



 Potential temperature, t                

 Time =    0.0000 days    multiply all values by 1.00E-02

 Section i =  1

    j =      1    4    7   10   13   16   19   22   25   28   31   34   37   40   43   46   49
        d =    1 4500 4500 4500 4500 4500 4500 4500 4500 4500 4500 4500 4500 4500 4500 4500    1
  1  -0.004 2000 1975 1975 1975 1975 1975 1975 1975 1975 1975 1975 1975 1975 1975 1975 1975 2000
  2  -0.011 2000 1927 1927 1927 1927 1927 1927 1927 1927 1927 1927 1927 1927 1927 1927 1927 2000
  3  -0.022 2000 1858 1858 1858 1858 1858 1858 1858 1858 1858 1858 1858 1858 1858 1858 1858 2000
  4  -0.044 2000 1730 1730 1730 1730 1730 1730 1730 1730 1730 1730 1730 1730 1730 1730 1730 2000
  5  -0.088 2000 1508 1508 1508 1508 1508 1508 1508 1508 1508 1508 1508 1508 1508 1508 1508 2000
  6  -0.147 2000 1274 1274 1274 1274 1274 1274 1274 1274 1274 1274 1274 1274 1274 1274 1274 2000
  7  -0.206 2000 1094 1094 1094 1094 1094 1094 1094 1094 1094 1094 1094 1094 1094 1094 1094 2000
  8  -0.265 2000  956  956  956  956  956  956  956  956  956  956  956  956  956  956  956 2000
  9  -0.324 2000  850  850  850  850  850  850  850  850  850  850  850  850  850  850  850 2000
 10  -0.382 1999  768  768  768  768  768  768  768  768  768  768  768  768  768  768  768 1999
 11  -0.441 1999  706  706  706  706  706  706  706  706  706  706  706  706  706  706  706 1999
 12  -0.500 1999  658  658  658  658  658  658  658  658  658  658  658  658  658  658  658 1999
 13  -0.559 1999  621  621  621  621  621  621  621  621  621  621  621  621  621  621  621 1999
 14  -0.618 1999  593  593  593  593  593  593  593  593  593  593  593  593  593  593  593 1999
 15  -0.676 1999  571  571  571  571  571  571  571  571  571  571  571  571  571  571  571 1999
 16  -0.735 1999  555  555  555  555  555  555  555  555  555  555  555  555  555  555  555 1999
 17  -0.794 1999  542  542  542  542  542  542  542  542  542  542  542  542  542  542  542 1999
 18  -0.853 1999  532  532  532  532  532  532  532  532  532  532  532  532  532  532  532 1999
 19  -0.912 1999  525  525  525  525  525  525  525  525  525  525  525  525  525  525  525 1999
 20  -0.971 1999  519  519  519  519  519  519  519  519  519  519  519  519  519  519  519 1999
 21  -1.029    0    0    0    0    0    0    0    0    0    0    0    0    0    0    0    0    0




 Section i = 32

    j =      1    4    7   10   13   16   19   22   25   28   31   34   37   40   43   46   49
        d =    1 4500 4500 4498 4453 4106 2999 1373  552 1373 2999 4106 4453 4498 4500 4500    1
  1  -0.004 2000 1975 1975 1975 1976 1978 1984 1992 1997 1992 1984 1978 1976 1975 1975 1975 2000
  2  -0.011 2000 1927 1927 1927 1928 1934 1951 1977 1991 1977 1951 1934 1928 1927 1927 1927 2000
  3  -0.022 2000 1858 1858 1858 1860 1870 1904 1955 1982 1955 1904 1870 1860 1858 1858 1858 2000
  4  -0.044 2000 1730 1730 1730 1732 1751 1814 1912 1964 1912 1814 1751 1732 1730 1730 1730 2000
  5  -0.088 2000 1508 1508 1509 1513 1544 1651 1829 1929 1829 1651 1544 1513 1509 1508 1508 2000
  6  -0.147 2000 1274 1274 1274 1279 1320 1465 1726 1883 1726 1465 1320 1279 1274 1274 1274 2000
  7  -0.206 2000 1094 1094 1094 1100 1144 1309 1631 1839 1631 1309 1144 1100 1094 1094 1094 2000
  8  -0.265 2000  956  956  956  962 1006 1178 1543 1796 1543 1178 1006  962  956  956  956 2000
  9  -0.324 2000  850  850  850  855  897 1068 1462 1755 1462 1068  897  855  850  850  850 2000
 10  -0.382 1999  768  768  769  773  812  977 1387 1714 1387  977  812  773  769  768  768 1999
 11  -0.441 1999  706  706  706  710  745  899 1318 1676 1318  899  745  710  706  706  706 1999
 12  -0.500 1999  658  658  658  662  692  835 1255 1638 1255  835  692  662  658  658  658 1999
 13  -0.559 1999  621  621  621  625  651  781 1196 1602 1196  781  651  625  621  621  621 1999
 14  -0.618 1999  593  593  593  596  619  735 1142 1566 1142  735  619  596  593  593  593 1999
 15  -0.676 1999  571  571  572  574  593  697 1092 1532 1092  697  593  574  572  571  571 1999
 16  -0.735 1999  555  555  555  557  573  665 1046 1499 1046  665  573  557  555  555  555 1999
 17  -0.794 1999  542  542  542  544  558  639 1004 1467 1004  639  558  544  542  542  542 1999
 18  -0.853 1999  532  532  532  534  545  616  965 1436  965  616  545  534  532  532  532 1999
 19  -0.912 1999  525  525  525  526  535  597  929 1406  929  597  535  526  525  525  525 1999
 20  -0.971 1999  519  519  519  520  528  582  896 1377  896  582  528  520  519  519  519 1999
 21  -1.029    0    0    0    0    0    0    0    0    0    0    0    0    0    0    0    0    0




 Section i = 64

    j =      1    4    7   10   13   16   19   22   25   28   31   34   37   40   43   46   49
        d =    1 4500 4500 4500 4500 4500 4500 4500 4500 4500 4500 4500 4500 4500 4500 4500    1
  1  -0.004 2000 1975 1975 1975 1975 1975 1975 1975 1975 1975 1975 1975 1975 1975 1975 1975 2000
  2  -0.011 2000 1927 1927 1927 1927 1927 1927 1927 1927 1927 1927 1927 1927 1927 1927 1927 2000
  3  -0.022 2000 1858 1858 1858 1858 1858 1858 1858 1858 1858 1858 1858 1858 1858 1858 1858 2000
  4  -0.044 2000 1730 1730 1730 1730 1730 1730 1730 1730 1730 1730 1730 1730 1730 1730 1730 2000
  5  -0.088 2000 1508 1508 1508 1508 1508 1508 1508 1508 1508 1508 1508 1508 1508 1508 1508 2000
  6  -0.147 2000 1274 1274 1274 1274 1274 1274 1274 1274 1274 1274 1274 1274 1274 1274 1274 2000
  7  -0.206 2000 1094 1094 1094 1094 1094 1094 1094 1094 1094 1094 1094 1094 1094 1094 1094 2000
  8  -0.265 2000  956  956  956  956  956  956  956  956  956  956  956  956  956  956  956 2000
  9  -0.324 2000  850  850  850  850  850  850  850  850  850  850  850  850  850  850  850 2000
 10  -0.382 1999  768  768  768  768  768  768  768  768  768  768  768  768  768  768  768 1999
 11  -0.441 1999  706  706  706  706  706  706  706  706  706  706  706  706  706  706  706 1999
 12  -0.500 1999  658  658  658  658  658  658  658  658  658  658  658  658  658  658  658 1999
 13  -0.559 1999  621  621  621  621  621  621  621  621  621  621  621  621  621  621  621 1999
 14  -0.618 1999  593  593  593  593  593  593  593  593  593  593  593  593  593  593  593 1999
 15  -0.676 1999  571  571  571  571  571  571  571  571  571  571  571  571  571  571  571 1999
 16  -0.735 1999  555  555  555  555  555  555  555  555  555  555  555  555  555  555  555 1999
 17  -0.794 1999  542  542  542  542  542  542  542  542  542  542  542  542  542  542  542 1999
 18  -0.853 1999  532  532  532  532  532  532  532  532  532  532  532  532  532  532  532 1999
 19  -0.912 1999  525  525  525  525  525  525  525  525  525  525  525  525  525  525  525 1999
 20  -0.971 1999  519  519  519  519  519  519  519  519  519  519  519  519  519  519  519 1999
 21  -1.029    0    0    0    0    0    0    0    0    0    0    0    0    0    0    0    0    0




*****************************************************************************************************************************

 time =   0.0125, iint =       6, iext =      31, iprint =       6


 Depth-averaged u, uab                   

 Time =    0.0125 days    multiply all values by 1.00E-04

      1    5    9   13   17   21   25   29   33   37   41   45   49   53   57   61   65
  49    0    0    0    0    0    0    0    0    0    0    0    0    0    0    0    0    0
  46    0 2002 2106 2108 2094 2117 2148 2127 2135 2110 2087 2059 2078 2092 2096 1998 1787
  43    0 2024 2047 2035 2072 2125 2169 2160 2171 2144 2111 2073 2064 2026 2021 2007 1869
  40    0 2053 1984 1982 2046 2109 2177 2204 2227 2187 2120 2060 2038 1980 1950 2021 1971
  37    0 2079 1949 1955 2003 2063 2162 2264 2330 2254 2113 2019 1990 1950 1916 2038 2042
  34    0 2087 1942 1941 1952 1985 2104 2342 2539 2363 2069 1945 1935 1929 1914 2048 2082
  31    0 2083 1942 1933 1904 1883 1970 2398 2961 2503 1953 1843 1883 1917 1923 2048 2102
  28    0 2075 1941 1926 1868 1786 1776 2271 3791 2513 1769 1748 1848 1912 1930 2047 2113
  25    0 2069 1937 1920 1851 1739 1657 2019 4750 2320 1679 1717 1839 1911 1933 2048 2119
  22    0 2066 1931 1916 1857 1766 1731 2205 3775 2584 1832 1779 1860 1917 1933 2053 2122
  19    0 2064 1923 1915 1886 1847 1896 2324 2952 2576 2044 1898 1906 1928 1929 2058 2119
  16    0 2056 1915 1922 1933 1941 2021 2288 2536 2423 2159 2014 1965 1947 1925 2059 2105
  13    0 2037 1923 1939 1985 2015 2081 2227 2326 2300 2189 2092 2023 1975 1935 2053 2071
  10    0 2011 1961 1968 2029 2060 2097 2179 2218 2221 2182 2133 2068 2007 1977 2047 2004
   7    0 1992 2025 2017 2055 2075 2090 2144 2156 2169 2161 2144 2089 2048 2050 2047 1915
   4    0 1984 2087 2083 2070 2063 2067 2114 2119 2136 2135 2131 2095 2105 2123 2046 1844
   1    0    0    0    0    0    0    0    0    0    0    0    0    0    0    0    0    0



 Depth-averaged v, vab                   

 Time =    0.0125 days    multiply all values by 1.00E-05

      1    5    9   13   17   21   25   29   33   37   41   45   49   53   57   61   65
  49    0    0    0    0    0    0    0    0    0    0    0    0    0    0    0    0    0
  46    0 -920 -643  123  534  509  327   94 -149 -398 -633 -845 -871 -401  442  699    0
  43    0-1354 -868   34  407  493  431  149 -255 -641 -853 -902 -781 -345  635 1028    0
  40    0-1207 -837 -259  165  580  767  455 -251 -930-1130 -913 -460  -18  572  800    0
  37    0 -744 -616 -424  105  882 1511 1204 -247-1626-1757-1120 -366  144  295  290    0
  34    0 -389 -312 -310  219 1294 2650 2666 -345-3105-2732-1394 -405   48  -44  -89    0
  31    0 -247 -131 -124  322 1461 3496 4763 -704-5435-3404-1406 -432 -114 -229 -248    0
  28    0 -234 -115  -51  236  979 2580 5113-2179-6340-2386 -833 -305 -176 -251 -280    0
  25    0 -260 -164  -59   -7  -50 -451-2423-4296  832  631  197  -66 -169 -202 -267    0
  22    0 -257 -164  -27 -236-1016-2983-6616-1607 5550 3093 1081  118 -213 -201 -272    0
  19    0 -147  -32   86 -352-1449-3340-4684 -641 4023 3300 1375  161 -356 -339 -367    0
  16    0  155  215  170 -407-1395-2502-2629 -372 2102 2304 1194  150 -467 -596 -632    0
  13    0  612  393   43 -496-1172-1637-1433 -290  925 1312  871  183 -380 -821-1061    0
  10    0  954  427 -271 -675-1013-1113 -878 -281  360  724  652  340  -57 -856-1368    0
   7    0  875  316 -615 -978 -980 -835 -589 -235  129  421  557  563  194 -786-1254    0
   4    0  429  155 -431 -718 -639 -446 -269 -103   61  244  423  489  177 -427 -626    0
   1    0    0    0    0    0    0    0    0    0    0    0    0    0    0    0    0    0



 Surface elevation, elb                  

 Time =    0.0125 days    multiply all values by 1.00E-04

      1    5    9   13   17   21   25   29   33   37   41   45   49   53   57   61   65
  49    0    0    0    0    0    0    0    0    0    0    0    0    0    0    0    0    0
  46  617-3590-6196-5692-4913-5069-5241-4703-4599-4327-4244-3848-2423 -992  -70-2561-6633
  43 -486-2439-3072-2923-3571-4474-4827-4283-4060-3605-3389-3055-2515-2610-1900-2515-4541
  40-1982-1760 -336 -996-2221-3117-3636-3374-3361-3127-3096-2830-2452-3289-3449-1927-2046
  37-2979-1811  824 -200-1067-1752-2379-2406-2620-2696-2948-2836-2577-3158-3744 -847 -168
  34-3280-1853  793  -98 -356 -752-1370-1587-1989-2224-2626-2580-2303-2336-2931   40  971
  31-3187-1599  535 -321 -148 -202 -697-1016-1465-1694-2066-1940-1576-1256-1941  548 1671
  28-2934-1210  529 -386  -36  142 -169 -646-1018-1062-1294-1176 -798 -386-1228  877 2158
  25-2614 -819  833  -73  334  624  487   83 -131 -230 -508 -585 -304   94 -801 1194 2536
  22-2240 -447 1430  612 1007 1305 1313 1055  843  392   91 -225 -141  169 -652 1530 2834
  19-1758    4 2356 1562 1760 1984 2052 1686 1342  877  655  178  -61  -17 -792 1814 3032
  16-1033  685 3424 2414 2208 2368 2499 2153 1923 1585 1412  897  328 -134-1070 1885 3017
  13  181 1582 4022 2842 2206 2420 2750 2556 2545 2421 2414 2016 1246  258 -835 1706 2565
  10 2039 2158 3398 2746 1963 2326 2891 2931 3234 3323 3550 3393 2491 1211  602 1702 1465
   7 4150 2019 1665 2189 2089 2599 3283 3414 3890 4164 4613 4708 3799 3109 3378 2462   16
   4 5730 1604 -376  922 2373 3569 4246 4159 4422 4536 4866 5072 4828 5674 6350 3560 -997
   1    0    0    0    0    0    0    0    0    0    0    0    0    0    0    0    0    0



 Streamfunction, psi from u              

 Time =    0.0125 days    multiply all values by 1.00E+05

      1    5    9   13   17   21   25   29   33   37   41   45   49   53   57   61   65
  49    0 2305 2256 2253 2259 2259 2259 2258 2258 2258 2259 2261 2265 2260 2254 2306 2245
  46    0 2103 2042 2039 2047 2046 2043 2044 2043 2046 2049 2054 2055 2047 2041 2104 2065
  43    0 1919 1854 1851 1858 1853 1846 1848 1847 1852 1858 1866 1866 1861 1855 1922 1898
  40    0 1753 1690 1688 1690 1680 1669 1670 1667 1675 1685 1697 1699 1698 1694 1758 1740
  37    0 1602 1547 1545 1542 1528 1511 1507 1501 1513 1530 1548 1553 1555 1553 1609 1593
  34    0 1464 1420 1417 1413 1396 1372 1359 1348 1366 1395 1419 1424 1428 1427 1475 1456
  31    0 1339 1303 1301 1297 1280 1254 1236 1220 1244 1281 1306 1310 1312 1312 1351 1330
  28    0 1222 1193 1192 1191 1179 1159 1150 1140 1162 1191 1208 1205 1204 1203 1236 1211
  25    0 1109 1088 1088 1091 1085 1079 1095 1104 1114 1117 1116 1105 1101 1098 1125 1096
  22    0  997  983  984  990  991  998 1034 1058 1057 1039 1023 1005  997  993 1013  981
  19    0  881  875  876  884  889  901  940  962  960  939  920  899  888  884  897  862
  16    0  757  759  760  769  774  784  814  827  829  815  801  781  772  769  774  735
  13    0  622  633  633  640  643  649  668  675  678  672  665  649  642  641  638  597
  10    0  475  491  490  492  493  496  508  511  514  513  510  499  496  498  489  449
   7    0  312  327  327  325  324  325  333  334  336  336  335  329  331  333  322  291
   4    0  131  139  139  137  136  136  139  140  141  141  141  139  141  142  135  121
   1    0    0    0    0    0    0    0    0    0    0    0    0    0    0    0    0    0



 Streamfunction, psi from v              

 Time =    0.0125 days    multiply all values by 1.00E+05

      1    5    9   13   17   21   25   29   33   37   41   45   49   53   57   61   65
  49    0 2254 2254 2254 2254 2254 2254 2254 2254 2254 2254 2254 2254 2254 2254 2254 2254
  46    0 2075 2086 2090 2087 2082 2079 2077 2077 2079 2082 2088 2096 2103 2104 2096 2089
  43    0 1905 1921 1926 1924 1920 1916 1914 1914 1917 1922 1929 1937 1943 1943 1932 1923
  40    0 1741 1755 1762 1763 1760 1754 1749 1748 1751 1759 1768 1775 1777 1775 1766 1761
  37    0 1587 1596 1602 1605 1601 1592 1581 1576 1582 1595 1607 1615 1616 1614 1610 1609
  34    0 1447 1451 1455 1457 1452 1437 1417 1405 1416 1438 1456 1464 1466 1465 1466 1469
  31    0 1319 1321 1323 1323 1317 1300 1273 1256 1272 1301 1321 1329 1332 1333 1336 1340
  28    0 1200 1202 1203 1203 1199 1187 1168 1156 1170 1191 1204 1209 1211 1213 1216 1220
  25    0 1085 1087 1089 1089 1089 1090 1095 1102 1103 1099 1096 1095 1096 1098 1101 1105
  22    0  970  973  974  974  978  991 1015 1037 1028 1004  987  982  982  984  987  991
  19    0  851  852  852  852  858  875  902  922  914  888  868  860  861  865  869  874
  16    0  723  721  718  718  725  740  759  773  768  751  736  729  730  736  744  750
  13    0  585  578  575  576  583  594  606  614  612  604  594  589  589  595  607  618
  10    0  436  426  424  429  436  444  452  457  457  453  448  443  441  444  458  473
   7    0  280  271  272  279  288  296  301  305  305  303  299  294  290  292  305  318
   4    0  116  112  112  118  124  129  131  133  133  132  130  126  122  122  129  136
   1    0    0    0    0    0    0    0    0    0    0    0    0    0    0    0    0    0



 x-velocity, u                           

 Time =    0.0125 days    multiply all values by 1.00E-04

 Layer k =  1

      1    5    9   13   17   21   25   29   33   37   41   45   49   53   57   61   65
  49    0    0    0    0    0    0    0    0    0    0    0    0    0    0    0    0    0
  46    0 2012 2170 2178 2141 2140 2186 2143 2142 2124 2079 2076 2120 2161 2166 2017 1852
  43    0 2077 2126 2069 2079 2128 2208 2194 2202 2178 2113 2074 2068 2053 2094 2074 1868
  40    0 2141 2053 1989 2023 2101 2221 2251 2275 2237 2137 2051 2010 1975 2009 2117 1887
  37    0 2183 1997 1932 1961 2066 2220 2312 2369 2303 2150 2025 1947 1914 1952 2142 1901
  34    0 2194 1968 1892 1904 2014 2175 2377 2552 2392 2117 1982 1893 1866 1927 2149 1912
  31    0 2186 1951 1863 1859 1940 2044 2417 2951 2508 1999 1907 1853 1835 1917 2144 1919
  28    0 2173 1937 1841 1826 1858 1843 2288 3777 2510 1810 1827 1829 1817 1910 2135 1922
  25    0 2162 1926 1826 1804 1810 1711 2027 4772 2339 1719 1799 1821 1810 1904 2129 1923
  22    0 2154 1917 1818 1799 1822 1773 2188 3717 2569 1870 1852 1832 1812 1900 2126 1920
  19    0 2145 1909 1820 1812 1875 1926 2306 2908 2550 2079 1948 1859 1824 1899 2128 1915
  16    0 2129 1908 1836 1846 1931 2035 2283 2514 2411 2188 2029 1896 1852 1903 2125 1905
  13    0 2097 1927 1870 1896 1971 2067 2229 2325 2299 2204 2071 1942 1896 1927 2113 1892
  10    0 2049 1977 1919 1952 2001 2055 2171 2219 2216 2178 2089 1993 1949 1983 2092 1872
   7    0 1990 2045 1992 2007 2027 2031 2111 2135 2141 2141 2101 2040 2017 2063 2058 1848
   4    0 1933 2098 2098 2059 2029 1996 2055 2068 2080 2104 2095 2080 2117 2139 2004 1826
   1    0    0    0    0    0    0    0    0    0    0    0    0    0    0    0    0    0




 Layer k = 10

      1    5    9   13   17   21   25   29   33   37   41   45   49   53   57   61   65
  49    0    0    0    0    0    0    0    0    0    0    0    0    0    0    0    0    0
  46    0 1981 2139 2147 2110 2109 2155 2112 2111 2093 2048 2046 2089 2130 2135 1986 1830
  43    0 2048 2097 2040 2050 2099 2179 2164 2173 2149 2084 2045 2038 2024 2065 2045 1847
  40    0 2114 2027 1962 1997 2075 2194 2225 2249 2211 2110 2025 1983 1948 1983 2091 1868
  37    0 2160 1975 1910 1939 2043 2198 2289 2347 2281 2127 2002 1925 1892 1929 2120 1885
  34    0 2177 1951 1874 1886 1997 2156 2358 2536 2375 2098 1964 1875 1849 1909 2132 1899
  31    0 2174 1939 1851 1847 1927 2027 2399 2943 2495 1980 1893 1841 1823 1905 2132 1910
  28    0 2167 1931 1835 1819 1850 1825 2259 3778 2490 1789 1817 1822 1811 1904 2129 1918
  25    0 2162 1926 1826 1804 1808 1697 1990 4792 2309 1700 1794 1821 1810 1904 2129 1923
  22    0 2161 1923 1824 1805 1826 1769 2180 3760 2574 1863 1854 1838 1818 1907 2133 1925
  19    0 2157 1921 1832 1825 1886 1935 2319 2936 2569 2086 1959 1871 1837 1911 2140 1923
  16    0 2146 1925 1854 1864 1948 2052 2302 2536 2431 2204 2046 1914 1870 1921 2142 1918
  13    0 2119 1949 1892 1918 1993 2089 2252 2348 2322 2227 2093 1964 1918 1950 2135 1908
  10    0 2075 2003 1945 1978 2028 2081 2197 2245 2242 2204 2115 2019 1975 2009 2118 1891
   7    0 2019 2075 2021 2036 2056 2060 2140 2164 2170 2170 2130 2069 2047 2093 2087 1869
   4    0 1964 2129 2129 2090 2060 2027 2086 2099 2111 2135 2126 2111 2148 2170 2035 1848
   1    0    0    0    0    0    0    0    0    0    0    0    0    0    0    0    0    0




 Layer k = 20

      1    5    9   13   17   21   25   29   33   37   41   45   49   53   57   61   65
  49    0    0    0    0    0    0    0    0    0    0    0    0    0    0    0    0    0
  46    0 1977 2136 2143 2106 2106 2151 2108 2107 2089 2044 2042 2085 2126 2131 1982 1827
  43    0 2044 2093 2036 2046 2095 2174 2160 2169 2145 2079 2040 2034 2020 2061 2041 1845
  40    0 2111 2023 1959 1993 2071 2190 2221 2244 2206 2106 2021 1979 1944 1980 2087 1865
  37    0 2157 1971 1906 1935 2039 2194 2285 2342 2276 2123 1998 1921 1888 1926 2116 1883
  34    0 2173 1947 1870 1883 1993 2151 2353 2532 2370 2092 1959 1872 1845 1905 2128 1897
  31    0 2170 1935 1847 1843 1922 2019 2389 2943 2490 1970 1888 1837 1819 1901 2128 1907
  28    0 2163 1927 1832 1816 1845 1813 2225 3788 2462 1769 1810 1818 1807 1900 2126 1915
  25    0 2159 1922 1822 1801 1803 1681 1922 4656 2216 1673 1786 1817 1806 1901 2125 1920
  22    0 2157 1919 1820 1802 1821 1756 2148 3769 2545 1844 1847 1834 1815 1903 2129 1922
  19    0 2154 1917 1828 1821 1882 1927 2310 2935 2564 2077 1953 1867 1833 1907 2136 1921
  16    0 2143 1921 1850 1860 1945 2047 2296 2531 2426 2199 2042 1910 1866 1917 2139 1915
  13    0 2115 1945 1889 1914 1989 2085 2247 2342 2317 2222 2089 1961 1914 1946 2131 1905
  10    0 2072 2000 1941 1974 2024 2077 2193 2241 2238 2200 2111 2015 1971 2006 2115 1888
   7    0 2016 2071 2017 2032 2052 2056 2136 2160 2165 2166 2126 2065 2043 2089 2083 1866
   4    0 1960 2125 2125 2086 2056 2023 2082 2095 2107 2130 2122 2107 2144 2167 2032 1845
   1    0    0    0    0    0    0    0    0    0    0    0    0    0    0    0    0    0



 y-velocity, v                           

 Time =    0.0125 days    multiply all values by 1.00E-05

 Layer k =  1

      1    5    9   13   17   21   25   29   33   37   41   45   49   53   57   61   65
  49    0    0    0    0    0    0    0    0    0    0    0    0    0    0    0    0    0
  46    0-1030-1311 -320  528  740  583  252 -163 -588 -946-1134 -906   20 1062  733    0
  43    0-1644-1436 -306  430  766  732  339 -260 -844-1214-1243 -840  -22 1179 1242    0
  40    0-1581-1160 -274  448  922  960  527 -235 -969-1350-1330 -787  -18  888 1124    0
  37    0-1071 -770 -228  528 1105 1423 1073 -218-1424-1636-1378 -808  -42  469  604    0
  34    0 -607 -349  -40  583 1294 2350 2430 -332-2788-2332-1343 -726 -152   64  166    0
  31    0 -365 -115  107  556 1362 3230 4556 -738-5102-2961-1178 -573 -254 -167  -75    0
  28    0 -296 -137   28  325  910 2479 5029-2307-5978-2103 -671 -356 -278 -266 -215    0
  25    0 -251 -200 -104  -10   18 -324-2172-3615  965  686  207  -41 -179 -242 -289    0
  22    0 -142 -134 -116 -282 -789-2614-6239-1514 5393 2953 1008  281  -56 -194 -341    0
  19    0   63   34  -77 -530-1245-2890-4351 -587 3808 3000 1294  457 -102 -350 -513    0
  16    0  447  318  -46 -747-1409-2158-2319 -331 1882 2039 1254  558 -217 -685 -877    0
  13    0  970  584 -102 -887-1447-1601-1277 -253  847 1312 1147  584 -253-1034-1375    0
  10    0 1327  819 -164 -910-1404-1399 -971 -251  515 1024 1028  556 -198-1265-1668    0
   7    0 1167  966 -271-1095-1384-1257 -824 -225  385  829  934  650 -187-1426-1440    0
   4    0  553  691 -218 -859 -904 -689 -399  -95  206  483  686  625  -55 -940 -667    0
   1    0    0    0    0    0    0    0    0    0    0    0    0    0    0    0    0    0




 Layer k = 10

      1    5    9   13   17   21   25   29   33   37   41   45   49   53   57   61   65
  49    0    0    0    0    0    0    0    0    0    0    0    0    0    0    0    0    0
  46    0-1017-1298 -307  541  753  596  265 -151 -575 -933-1121 -893   33 1075  745    0
  43    0-1633-1424 -294  440  777  743  350 -249 -832-1202-1231 -828  -11 1190 1255    0
  40    0-1571-1149 -263  459  932  971  537 -225 -961-1341-1318 -777   -7  898 1134    0
  37    0-1062 -761 -219  537 1114 1437 1092 -205-1423-1633-1371 -800  -34  477  613    0
  34    0 -601 -344  -34  591 1304 2381 2489 -310-2829-2353-1341 -719 -145   70  173    0
  31    0 -361 -111  111  561 1373 3293 4722 -681-5240-3016-1183 -569 -249 -163  -71    0
  28    0 -293 -134   31  325  919 2539 5277-2198-6181-2152 -676 -354 -276 -264 -213    0
  25    0 -253 -201 -105  -10   16 -329-2224-3684 1032  705  210  -42 -180 -244 -289    0
  22    0 -145 -139 -119 -284 -798-2675-6478-1581 5614 3023 1016  279  -59 -197 -344    0
  19    0   57   28  -82 -535-1258-2940-4462 -608 3920 3053 1298  452 -107 -355 -519    0
  16    0  439  309  -55 -755-1419-2180-2353 -340 1909 2051 1251  551 -224 -692 -885    0
  13    0  960  575 -111 -895-1456-1611-1291 -262  843 1306 1139  575 -264-1045-1384    0
  10    0 1317  808 -176 -920-1414-1410 -982 -262  505 1013 1016  545 -208-1277-1679    0
   7    0 1155  955 -283-1108-1396-1270 -836 -237  373  818  923  638 -198-1438-1452    0
   4    0  541  679 -231 -872 -917 -701 -413 -108  193  471  672  611  -68 -952 -680    0
   1    0    0    0    0    0    0    0    0    0    0    0    0    0    0    0    0    0




 Layer k = 20

      1    5    9   13   17   21   25   29   33   37   41   45   49   53   57   61   65
  49    0    0    0    0    0    0    0    0    0    0    0    0    0    0    0    0    0
  46    0-1015-1297 -305  543  754  598  268 -150 -571 -931-1117 -890   36 1078  746    0
  43    0-1631-1420 -293  439  776  744  352 -247 -829-1199-1226 -824   -8 1192 1258    0
  40    0-1569-1147 -261  461  932  972  538 -223 -960-1337-1312 -774   -5  902 1135    0
  37    0-1060 -759 -216  537 1112 1440 1100 -199-1423-1632-1369 -796  -31  478  615    0
  34    0 -599 -344  -32  591 1305 2395 2530 -291-2863-2368-1339 -716 -143   72  176    0
  31    0 -360 -110  112  562 1377 3338 4884 -600-5406-3061-1183 -568 -247 -161  -70    0
  28    0 -289 -131   36  324  923 2589 5650-1849-6554-2198 -677 -350 -275 -261 -211    0
  25    0 -252 -198 -103   -7   18 -327-2293-3652 1192  730  216  -39 -179 -242 -286    0
  22    0 -141 -139 -115 -279 -798-2719-6777-1676 5995 3094 1023  281  -56 -195 -342    0
  19    0   59   30  -80 -531-1259-2965-4541 -615 4046 3100 1304  453 -106 -351 -518    0
  16    0  442  309  -54 -754-1416-2185-2363 -334 1936 2063 1254  551 -222 -691 -883    0
  13    0  962  577 -108 -889-1452-1607-1288 -258  847 1308 1140  576 -265-1046-1381    0
  10    0 1321  811 -175 -917-1410-1407 -979 -257  506 1013 1014  546 -207-1277-1678    0
   7    0 1156  959 -282-1107-1393-1268 -834 -234  375  818  925  640 -195-1436-1449    0
   4    0  543  681 -229 -871 -916 -698 -412 -107  194  472  672  610  -68 -950 -679    0
   1    0    0    0    0    0    0    0    0    0    0    0    0    0    0    0    0    0



 z-velocity, w                           

 Time =    0.0125 days    multiply all values by 1.00E-07

 Layer k =  2

      1    5    9   13   17   21   25   29   33   37   41   45   49   53   57   61   65
  49    0    0    0    0    0    0    0    0    0    0    0    0    0    0    0    0    0
  46    0   -1    1    2    2    0   -1   -1    1    0    0   -1    0    1    0   -1    0
  43    0   -1   -1    0   -2    1    1    1   -1    1   -2    0   -3    2    1   -1    0
  40    0    0   -2    0    2    3   -1    0    0    1   -2   -2    1    0    0    2    0
  37    0   -2    2    0   -3    0    2    1   -4   -3   -3    0    0    3    1    0    0
  34    0    0   -1   -2   -1    5    5    5   -4   -9   -6   -3   -1   -1   -1    0    0
  31    0   -3   -1   -3    0    7   11    2  -11    7  -10   -7    5   -1    0    0    0
  28    0    0    0   -1   -4    9    9  -41  -19   51   -5   -8   -4   -3    2   -2    0
  25    0   -3   -2    0    5   13    8  -68  -22   94    1  -11   -4   -1    3    2    0
  22    0    2   -1   -3    4   12   10  -40  -10   53   -9   -7   -3   -1    1   -1    0
  19    0   -1   -2   -2    5    5   11    5   -9    5   -8   -5    2   -4   -1   -5    0
  16    0   -3   -1   -1    0    3    8    3   -6  -11   -4   -5   -2    0   -1    4    0
  13    0    2    0   -1    1    0    1    2    0   -2   -1    0   -5   -1   -1    0    0
  10    0    3    2    0    1    1   -2    3    2    1    0    2   -4    0   -2   -2    0
   7    0    2    2    3   -1    0    1   -2   -1    2   -1    3    0    1   -1    0    0
   4    0    1   -1    0    0    1    1   -3    3    2   -1   -1   -3   -3    0    0    0
   1    0    0    0    0    0    0    0    0    0    0    0    0    0    0    0    0    0




 Layer k = 10

      1    5    9   13   17   21   25   29   33   37   41   45   49   53   57   61   65
  49    0    0    0    0    0    0    0    0    0    0    0    0    0    0    0    0    0
  46    0  -28   26   69   75    3  -28  -25   50   -1   -8  -17  -14   40   -2  -23    0
  43    0  -31  -19   -6  -53   44   58   47  -27   41  -73  -10  -83   60   25  -43    0
  40    0    8  -38   18   55   94  -21   35    4   52  -70  -68   28    0   -2   59    0
  37    0  -42   81   -6  -83   18   65   24 -117 -106  -81   22   12   96   43   23    0
  34    0   19  -20  -47  -23  160  199  142  -93 -327 -160  -84  -10   -4  -21   13    0
  31    0  -76  -27  -85   14  255  347  159 -395  153 -323 -187  191   -5   24   21    0
  28    0   34   16   -6 -111  307  321-1201 -691 1719 -244 -228 -140  -92   79  -54    0
  25    0  -77  -44   49  197  429  387-2192 -886 3359  -28 -313  -96  -31  125  101    0
  22    0  110  -12  -72  141  381  352-1172 -366 1789 -359 -199  -97   -5   55  -21    0
  19    0   -7  -64  -58  176  179  377  242 -323   96 -253  -97  108 -110  -36 -150    0
  16    0  -88  -35   -8   18  108  290   58 -155 -366  -82 -163  -46   31  -31  138    0
  13    0   65    0   -8   55   30   26   56   17  -52  -29   -8 -164  -28  -27   11    0
  10    0  114   68    6   35   17  -62  116   52   57   17   59 -114    7  -75  -52    0
   7    0   64   69   91  -26   13   60  -55  -12   77  -28  118   -8   43  -38   11    0
   4    0   36  -35    6   -9   34   55 -103  115   52  -30  -47  -81  -84    1   -2    0
   1    0    0    0    0    0    0    0    0    0    0    0    0    0    0    0    0    0




 Layer k = 20

      1    5    9   13   17   21   25   29   33   37   41   45   49   53   57   61   65
  49    0    0    0    0    0    0    0    0    0    0    0    0    0    0    0    0    0
  46    0   -7    8   20   19    1   -5   -5    9   -2   -3   -7   -5   12    0   -4    0
  43    0   -8   -6    0  -13   13   19   14   -2   13  -15   -2  -18   14    6   -9    0
  40    0    3   -8    4   17   26   -4   15   -3   15  -18  -16    9    0   -1   16    0
  37    0   -8   21   -1  -23    7   17    4  -27  -23  -22    7    1   25   10    4    0
  34    0    3   -7  -10   -5   37   42   23  -22  -81  -31  -15   -3   -3   -7    3    0
  31    0  -18   -8  -24   -5   66   80   79  -82  -23  -71  -22   45   -3    4    3    0
  28    0   13    3    2  -32   61   78 -119 -152  268  -92  -26  -37  -16   22  -14    0
  25    0  -17  -10    6   52   90  111 -308 -204  657  -42  -52  -16   -9   36   29    0
  22    0   30   -2  -14   27   79   90 -118 -118  275 -117  -27  -26    3   13   -8    0
  19    0   -2  -14  -16   31   49   88   91  -77  -35  -53   -3   19  -27  -11  -38    0
  16    0  -20   -9   -3    4   21   70    8  -44  -86   -7  -36  -12    5   -9   33    0
  13    0   17   -4   -2   15   12    1   11    4   -4   -8    2  -40   -8   -8    1    0
  10    0   28   20    3    6    4  -14   32    8   13    1   15  -26    4  -17  -12    0
   7    0   16   17   23  -11    2   20  -12    1   18   -9   28   -5   11   -9    4    0
   4    0    8   -8    2   -1   10   11  -24   30   16  -11  -11  -20  -22    0    1    0
   1    0    0    0    0    0    0    0    0    0    0    0    0    0    0    0    0    0



 Potential temperature, t                

 Time =    0.0125 days    multiply all values by 1.00E-02

 Layer k =  1

      1    5    9   13   17   21   25   29   33   37   41   45   49   53   57   61   65
  49    0    0    0    0    0    0    0    0    0    0    0    0    0    0    0    0    0
  46 1975 1975 1975 1975 1975 1975 1975 1975 1975 1975 1975 1975 1975 1975 1975 1975 1975
  43 1975 1975 1975 1975 1975 1975 1975 1975 1975 1975 1975 1975 1975 1975 1975 1975 1975
  40 1975 1975 1975 1975 1975 1975 1975 1975 1975 1975 1975 1975 1975 1975 1975 1975 1975
  37 1975 1975 1975 1975 1975 1975 1975 1975 1976 1975 1975 1975 1975 1975 1975 1975 1975
  34 1975 1975 1975 1975 1975 1975 1976 1977 1977 1977 1976 1975 1975 1975 1975 1975 1975
  31 1975 1975 1975 1975 1975 1975 1977 1981 1984 1981 1977 1975 1975 1975 1975 1975 1975
  28 1975 1975 1975 1975 1975 1976 1978 1987 1993 1987 1978 1976 1975 1975 1975 1975 1975
  25 1975 1975 1975 1975 1975 1976 1979 1990 1997 1990 1979 1976 1975 1975 1975 1975 1975
  22 1975 1975 1975 1975 1975 1976 1978 1987 1993 1987 1978 1976 1975 1975 1975 1975 1975
  19 1975 1975 1975 1975 1975 1975 1977 1981 1984 1981 1977 1975 1975 1975 1975 1975 1975
  16 1975 1975 1975 1975 1975 1975 1976 1977 1977 1977 1976 1975 1975 1975 1975 1975 1975
  13 1975 1975 1975 1975 1975 1975 1975 1975 1976 1975 1975 1975 1975 1975 1975 1975 1975
  10 1975 1975 1975 1975 1975 1975 1975 1975 1975 1975 1975 1975 1975 1975 1975 1975 1975
   7 1975 1975 1975 1975 1975 1975 1975 1975 1975 1975 1975 1975 1975 1975 1975 1975 1975
   4 1975 1975 1975 1975 1975 1975 1975 1975 1975 1975 1975 1975 1975 1975 1975 1975 1975
   1    0    0    0    0    0    0    0    0    0    0    0    0    0    0    0    0    0




 Layer k = 10

      1    5    9   13   17   21   25   29   33   37   41   45   49   53   57   61   65
  49    0    0    0    0    0    0    0    0    0    0    0    0    0    0    0    0    0
  46  768  768  768  768  768  768  768  768  768  768  768  768  768  768  768  768  768
  43  768  768  768  768  768  768  768  768  768  768  768  768  768  768  768  768  768
  40  768  768  768  768  768  768  768  769  769  769  768  768  768  768  768  768  768
  37  768  768  768  768  768  769  769  772  773  772  769  769  768  768  768  768  768
  34  768  768  768  768  768  769  776  797  813  798  776  769  768  768  768  768  768
  31  768  768  768  768  768  771  798  895  983  897  799  771  769  768  768  768  768
  28  768  768  768  768  769  774  833 1098 1413 1108  836  774  769  768  768  768  768
  25  768  768  768  768  769  775  853 1238 1759 1255  856  776  769  768  768  768  768
  22  768  768  768  768  769  774  833 1099 1414 1109  836  774  769  768  768  768  768
  19  768  768  768  768  768  771  798  895  984  898  799  771  769  768  768  768  768
  16  768  768  768  768  768  769  776  797  813  798  776  769  768  768  768  768  768
  13  768  768  768  768  768  769  769  772  773  772  769  769  768  768  768  768  768
  10  768  768  768  768  768  768  768  769  769  769  768  768  768  768  768  768  768
   7  768  768  768  768  768  768  768  768  768  768  768  768  768  768  768  768  768
   4  768  768  768  768  768  768  768  768  768  768  768  768  768  768  768  768  768
   1    0    0    0    0    0    0    0    0    0    0    0    0    0    0    0    0    0




 Layer k = 20

      1    5    9   13   17   21   25   29   33   37   41   45   49   53   57   61   65
  49    0    0    0    0    0    0    0    0    0    0    0    0    0    0    0    0    0
  46  519  519  519  519  519  519  519  519  519  519  519  519  519  519  519  519  519
  43  519  519  519  519  519  519  519  519  519  519  519  519  519  519  519  519  519
  40  519  519  519  519  519  519  519  519  519  519  519  519  519  519  519  519  519
  37  519  519  519  519  519  519  519  520  520  520  519  519  519  519  519  519  519
  34  519  519  519  519  519  519  520  525  528  525  520  519  519  519  519  519  519
  31  519  519  519  519  519  519  525  551  585  552  525  520  519  519  519  519  519
  28  519  519  519  519  519  520  533  646  925  652  534  520  519  519  519  519  519
  25  519  519  519  519  519  520  538  748 1461  764  539  520  519  519  519  519  519
  22  519  519  519  519  519  520  533  646  927  652  534  520  519  519  519  519  519
  19  519  519  519  519  519  519  525  551  585  552  525  520  519  519  519  519  519
  16  519  519  519  519  519  519  520  525  528  525  520  519  519  519  519  519  519
  13  519  519  519  519  519  519  519  520  520  520  519  519  519  519  519  519  519
  10  519  519  519  519  519  519  519  519  519  519  519  519  519  519  519  519  519
   7  519  519  519  519  519  519  519  519  519  519  519  519  519  519  519  519  519
   4  519  519  519  519  519  519  519  519  519  519  519  519  519  519  519  519  519
   1    0    0    0    0    0    0    0    0    0    0    0    0    0    0    0    0    0



 Salinity, s                             

 Time =    0.0125 days    multiply all values by 1.00E-02

 Layer k =  1

      1    5    9   13   17   21   25   29   33   37   41   45   49   53   57   61   65
  49    0    0    0    0    0    0    0    0    0    0    0    0    0    0    0    0    0
  46 3500 3500 3500 3500 3500 3500 3500 3500 3500 3500 3500 3500 3500 3500 3500 3500 3500
  43 3500 3500 3500 3500 3500 3500 3500 3500 3500 3500 3500 3500 3500 3500 3500 3500 3500
  40 3500 3500 3500 3500 3500 3500 3500 3500 3500 3500 3500 3500 3500 3500 3500 3500 3500
  37 3500 3500 3500 3500 3500 3500 3500 3500 3500 3500 3500 3500 3500 3500 3500 3500 3500
  34 3500 3500 3500 3500 3500 3500 3500 3500 3500 3500 3500 3500 3500 3500 3500 3500 3500
  31 3500 3500 3500 3500 3500 3500 3500 3500 3500 3500 3500 3500 3500 3500 3500 3500 3500
  28 3500 3500 3500 3500 3500 3500 3500 3500 3500 3500 3500 3500 3500 3500 3500 3500 3500
  25 3500 3500 3500 3500 3500 3500 3500 3500 3500 3500 3500 3500 3500 3500 3500 3500 3500
  22 3500 3500 3500 3500 3500 3500 3500 3500 3500 3500 3500 3500 3500 3500 3500 3500 3500
  19 3500 3500 3500 3500 3500 3500 3500 3500 3500 3500 3500 3500 3500 3500 3500 3500 3500
  16 3500 3500 3500 3500 3500 3500 3500 3500 3500 3500 3500 3500 3500 3500 3500 3500 3500
  13 3500 3500 3500 3500 3500 3500 3500 3500 3500 3500 3500 3500 3500 3500 3500 3500 3500
  10 3500 3500 3500 3500 3500 3500 3500 3500 3500 3500 3500 3500 3500 3500 3500 3500 3500
   7 3500 3500 3500 3500 3500 3500 3500 3500 3500 3500 3500 3500 3500 3500 3500 3500 3500
   4 3500 3500 3500 3500 3500 3500 3500 3500 3500 3500 3500 3500 3500 3500 3500 3500 3500
   1    0    0    0    0    0    0    0    0    0    0    0    0    0    0    0    0    0




 Layer k = 10

      1    5    9   13   17   21   25   29   33   37   41   45   49   53   57   61   65
  49    0    0    0    0    0    0    0    0    0    0    0    0    0    0    0    0    0
  46 3500 3500 3500 3500 3500 3500 3500 3500 3500 3500 3500 3500 3500 3500 3500 3500 3500
  43 3500 3500 3500 3500 3500 3500 3500 3500 3500 3500 3500 3500 3500 3500 3500 3500 3500
  40 3500 3500 3500 3500 3500 3500 3500 3500 3500 3500 3500 3500 3500 3500 3500 3500 3500
  37 3500 3500 3500 3500 3500 3500 3500 3500 3500 3500 3500 3500 3500 3500 3500 3500 3500
  34 3500 3500 3500 3500 3500 3500 3500 3500 3500 3500 3500 3500 3500 3500 3500 3500 3500
  31 3500 3500 3500 3500 3500 3500 3500 3500 3500 3500 3500 3500 3500 3500 3500 3500 3500
  28 3500 3500 3500 3500 3500 3500 3500 3500 3500 3500 3500 3500 3500 3500 3500 3500 3500
  25 3500 3500 3500 3500 3500 3500 3500 3500 3500 3500 3500 3500 3500 3500 3500 3500 3500
  22 3500 3500 3500 3500 3500 3500 3500 3500 3500 3500 3500 3500 3500 3500 3500 3500 3500
  19 3500 3500 3500 3500 3500 3500 3500 3500 3500 3500 3500 3500 3500 3500 3500 3500 3500
  16 3500 3500 3500 3500 3500 3500 3500 3500 3500 3500 3500 3500 3500 3500 3500 3500 3500
  13 3500 3500 3500 3500 3500 3500 3500 3500 3500 3500 3500 3500 3500 3500 3500 3500 3500
  10 3500 3500 3500 3500 3500 3500 3500 3500 3500 3500 3500 3500 3500 3500 3500 3500 3500
   7 3500 3500 3500 3500 3500 3500 3500 3500 3500 3500 3500 3500 3500 3500 3500 3500 3500
   4 3500 3500 3500 3500 3500 3500 3500 3500 3500 3500 3500 3500 3500 3500 3500 3500 3500
   1    0    0    0    0    0    0    0    0    0    0    0    0    0    0    0    0    0




 Layer k = 20

      1    5    9   13   17   21   25   29   33   37   41   45   49   53   57   61   65
  49    0    0    0    0    0    0    0    0    0    0    0    0    0    0    0    0    0
  46 3500 3500 3500 3500 3500 3500 3500 3500 3500 3500 3500 3500 3500 3500 3500 3500 3500
  43 3500 3500 3500 3500 3500 3500 3500 3500 3500 3500 3500 3500 3500 3500 3500 3500 3500
  40 3500 3500 3500 3500 3500 3500 3500 3500 3500 3500 3500 3500 3500 3500 3500 3500 3500
  37 3500 3500 3500 3500 3500 3500 3500 3500 3500 3500 3500 3500 3500 3500 3500 3500 3500
  34 3500 3500 3500 3500 3500 3500 3500 3500 3500 3500 3500 3500 3500 3500 3500 3500 3500
  31 3500 3500 3500 3500 3500 3500 3500 3500 3500 3500 3500 3500 3500 3500 3500 3500 3500
  28 3500 3500 3500 3500 3500 3500 3500 3500 3500 3500 3500 3500 3500 3500 3500 3500 3500
  25 3500 3500 3500 3500 3500 3500 3500 3500 3500 3500 3500 3500 3500 3500 3500 3500 3500
  22 3500 3500 3500 3500 3500 3500 3500 3500 3500 3500 3500 3500 3500 3500 3500 3500 3500
  19 3500 3500 3500 3500 3500 3500 3500 3500 3500 3500 3500 3500 3500 3500 3500 3500 3500
  16 3500 3500 3500 3500 3500 3500 3500 3500 3500 3500 3500 3500 3500 3500 3500 3500 3500
  13 3500 3500 3500 3500 3500 3500 3500 3500 3500 3500 3500 3500 3500 3500 3500 3500 3500
  10 3500 3500 3500 3500 3500 3500 3500 3500 3500 3500 3500 3500 3500 3500 3500 3500 3500
   7 3500 3500 3500 3500 3500 3500 3500 3500 3500 3500 3500 3500 3500 3500 3500 3500 3500
   4 3500 3500 3500 3500 3500 3500 3500 3500 3500 3500 3500 3500 3500 3500 3500 3500 3500
   1    0    0    0    0    0    0    0    0    0    0    0    0    0    0    0    0    0



 (density-1000)/rhoref, rho              

 Time =    0.0125 days    multiply all values by 1.00E-05

 Layer k =  1

      1    5    9   13   17   21   25   29   33   37   41   45   49   53   57   61   65
  49    0    0    0    0    0    0    0    0    0    0    0    0    0    0    0    0    0
  46 2429 2429 2429 2429 2429 2429 2429 2429 2429 2429 2429 2429 2429 2429 2429 2429 2429
  43 2429 2429 2429 2429 2429 2429 2429 2429 2429 2429 2429 2429 2429 2429 2429 2429 2429
  40 2429 2429 2429 2429 2429 2429 2429 2429 2429 2429 2429 2429 2429 2429 2429 2429 2429
  37 2429 2429 2429 2429 2429 2429 2429 2429 2429 2429 2429 2429 2429 2429 2429 2429 2429
  34 2429 2429 2429 2429 2429 2429 2429 2428 2428 2428 2429 2429 2429 2429 2429 2429 2429
  31 2429 2429 2429 2429 2429 2429 2428 2426 2425 2426 2428 2429 2429 2429 2429 2429 2429
  28 2429 2429 2429 2429 2429 2429 2428 2423 2420 2423 2428 2429 2429 2429 2429 2429 2429
  25 2429 2429 2429 2429 2429 2429 2427 2421 2417 2421 2427 2429 2429 2429 2429 2429 2429
  22 2429 2429 2429 2429 2429 2429 2428 2423 2420 2423 2428 2429 2429 2429 2429 2429 2429
  19 2429 2429 2429 2429 2429 2429 2428 2426 2425 2426 2428 2429 2429 2429 2429 2429 2429
  16 2429 2429 2429 2429 2429 2429 2429 2428 2428 2428 2429 2429 2429 2429 2429 2429 2429
  13 2429 2429 2429 2429 2429 2429 2429 2429 2429 2429 2429 2429 2429 2429 2429 2429 2429
  10 2429 2429 2429 2429 2429 2429 2429 2429 2429 2429 2429 2429 2429 2429 2429 2429 2429
   7 2429 2429 2429 2429 2429 2429 2429 2429 2429 2429 2429 2429 2429 2429 2429 2429 2429
   4 2429 2429 2429 2429 2429 2429 2429 2429 2429 2429 2429 2429 2429 2429 2429 2429 2429
   1    0    0    0    0    0    0    0    0    0    0    0    0    0    0    0    0    0




 Layer k = 10

      1    5    9   13   17   21   25   29   33   37   41   45   49   53   57   61   65
  49    0    0    0    0    0    0    0    0    0    0    0    0    0    0    0    0    0
  46 3420 3420 3420 3420 3420 3420 3420 3420 3420 3420 3420 3420 3420 3420 3420 3420 3420
  43 3420 3420 3420 3420 3420 3420 3420 3420 3420 3420 3420 3420 3420 3420 3420 3420 3420
  40 3420 3420 3420 3420 3420 3420 3420 3419 3419 3419 3420 3420 3420 3420 3420 3420 3420
  37 3420 3420 3420 3420 3420 3419 3418 3414 3411 3414 3418 3419 3420 3420 3420 3420 3420
  34 3420 3420 3420 3420 3420 3418 3406 3371 3345 3370 3406 3418 3420 3420 3420 3420 3420
  31 3420 3420 3420 3420 3420 3415 3369 3229 3126 3228 3369 3415 3420 3420 3420 3420 3420
  28 3420 3420 3420 3420 3419 3410 3313 3009 2765 3007 3313 3410 3419 3420 3420 3420 3420
  25 3420 3420 3420 3420 3419 3407 3285 2889 2549 2886 3284 3407 3419 3420 3420 3420 3420
  22 3420 3420 3420 3420 3419 3410 3313 3009 2765 3007 3313 3410 3419 3420 3420 3420 3420
  19 3420 3420 3420 3420 3420 3415 3369 3229 3126 3228 3369 3415 3420 3420 3420 3420 3420
  16 3420 3420 3420 3420 3420 3418 3406 3371 3345 3370 3406 3418 3420 3420 3420 3420 3420
  13 3420 3420 3420 3420 3420 3419 3418 3414 3411 3414 3418 3419 3420 3420 3420 3420 3420
  10 3420 3420 3420 3420 3420 3420 3420 3419 3419 3419 3420 3420 3420 3420 3420 3420 3420
   7 3420 3420 3420 3420 3420 3420 3420 3420 3420 3420 3420 3420 3420 3420 3420 3420 3420
   4 3420 3420 3420 3420 3420 3420 3420 3420 3420 3420 3420 3420 3420 3420 3420 3420 3420
   1    0    0    0    0    0    0    0    0    0    0    0    0    0    0    0    0    0




 Layer k = 20

      1    5    9   13   17   21   25   29   33   37   41   45   49   53   57   61   65
  49    0    0    0    0    0    0    0    0    0    0    0    0    0    0    0    0    0
  46 4582 4582 4582 4582 4582 4582 4582 4582 4582 4582 4582 4582 4582 4582 4582 4582 4582
  43 4582 4582 4582 4582 4582 4582 4582 4582 4582 4582 4582 4582 4582 4582 4582 4582 4582
  40 4582 4582 4582 4582 4582 4582 4581 4581 4581 4581 4581 4582 4582 4582 4582 4582 4582
  37 4582 4582 4582 4582 4582 4581 4578 4569 4562 4569 4578 4581 4582 4582 4582 4582 4582
  34 4582 4582 4582 4582 4582 4579 4553 4474 4418 4474 4553 4579 4582 4582 4582 4582 4582
  31 4582 4582 4582 4582 4581 4571 4470 4166 3945 4165 4470 4571 4581 4582 4582 4582 4582
  28 4582 4582 4582 4582 4581 4560 4349 3695 3190 3694 4348 4560 4581 4582 4582 4582 4582
  25 4582 4582 4582 4582 4581 4555 4287 3445 2730 3442 4286 4555 4581 4582 4582 4582 4582
  22 4582 4582 4582 4582 4581 4560 4349 3695 3190 3694 4348 4560 4581 4582 4582 4582 4582
  19 4582 4582 4582 4582 4581 4571 4470 4166 3945 4165 4470 4571 4581 4582 4582 4582 4582
  16 4582 4582 4582 4582 4582 4579 4553 4474 4418 4474 4553 4579 4582 4582 4582 4582 4582
  13 4582 4582 4582 4582 4582 4581 4578 4569 4562 4569 4578 4581 4582 4582 4582 4582 4582
  10 4582 4582 4582 4582 4582 4582 4581 4581 4581 4581 4581 4582 4582 4582 4582 4582 4582
   7 4582 4582 4582 4582 4582 4582 4582 4582 4582 4582 4582 4582 4582 4582 4582 4582 4582
   4 4582 4582 4582 4582 4582 4582 4582 4582 4582 4582 4582 4582 4582 4582 4582 4582 4582
   1    0    0    0    0    0    0    0    0    0    0    0    0    0    0    0    0    0



 Horizontal kinematic viscosity, aam     

 Time =    0.0125 days    multiply all values by 1.00E-01

 Layer k =  1

      1    5    9   13   17   21   25   29   33   37   41   45   49   53   57   61   65
  49 5000 5000 5000 5000 5000 5000 5000 5000 5000 5000 5000 5000 5000 5000 5000 5000 5000
  46 5000   48   56   63   44   28   20   21   15   17   22   23   41   64   67   51 5000
  43 5000   51   72   30   29   37   23   20    7   15   31   44   31   34   79   53 5000
  40 5000   52   65   31   54   39   31   31   24   28   35   47   56   34   73   53 5000
  37 5000   55   36   55   47   40   52   62   63   61   54   45   45   52   47   57 5000
  34 5000   56   10   59   36   45   73  112  128  109   75   50   34   57   22   57 5000
  31 5000   54   12   55   34   51   91  181  232  182   98   57   34   56    5   56 5000
  28 5000   53   18   50   35   56  108  291  372  293  117   59   35   53    8   54 5000
  25 5000   52   20   48   34   57  120  397   40  392  121   58   36   51   10   52 5000
  22 5000   54   16   48   33   57  113  287  370  282  107   54   35   52    9   52 5000
  19 5000   56    8   50   30   53   95  178  230  175   90   49   34   55    7   53 5000
  16 5000   57   14   52   31   48   75  108  127  109   74   46   36   57   20   54 5000
  13 5000   57   39   51   42   44   54   59   64   61   54   41   48   52   45   54 5000
  10 5000   55   69   35   53   43   35   27   27   28   32   36   54   27   71   51 5000
   7 5000   59   79   27   35   42   29   14    9   14   24   36   34   34   75   51 5000
   4 5000   52   71   66   29   23   19   19   12   13   19   27   39   69   62   45 5000
   1 5000 5000 5000 5000 5000 5000 5000 5000 5000 5000 5000 5000 5000 5000 5000 5000 5000




 Layer k = 10

      1    5    9   13   17   21   25   29   33   37   41   45   49   53   57   61   65
  49 5000 5000 5000 5000 5000 5000 5000 5000 5000 5000 5000 5000 5000 5000 5000 5000 5000
  46 5000   48   56   63   44   28   20   21   15   17   21   23   41   64   67   51 5000
  43 5000   52   73   31   28   36   23   20    7   15   31   44   31   35   79   53 5000
  40 5000   53   66   31   53   38   31   31   25   28   35   47   56   34   74   54 5000
  37 5000   56   36   55   47   40   52   63   64   62   54   45   44   51   47   58 5000
  34 5000   57   10   58   35   45   73  113  130  111   76   50   34   57   22   58 5000
  31 5000   55   12   54   33   51   92  183  237  185   98   57   33   55    6   56 5000
  28 5000   53   18   50   35   56  108  293  382  297  117   60   35   53    8   54 5000
  25 5000   52   20   48   35   58  120  401   46  398  122   59   36   51   10   52 5000
  22 5000   54   16   48   33   58  115  293  380  288  109   56   36   52    9   52 5000
  19 5000   55    8   51   31   55   97  181  235  179   92   51   34   55    7   53 5000
  16 5000   57   13   53   32   49   76  109  129  110   76   47   37   57   20   54 5000
  13 5000   56   38   51   42   44   55   59   63   61   54   41   48   52   45   53 5000
  10 5000   54   69   35   53   44   36   27   26   28   32   37   54   27   71   51 5000
   7 5000   58   78   27   35   42   29   14    9   14   24   37   34   34   75   51 5000
   4 5000   52   72   65   29   24   19   19   12   14   19   27   39   69   62   45 5000
   1 5000 5000 5000 5000 5000 5000 5000 5000 5000 5000 5000 5000 5000 5000 5000 5000 5000




 Layer k = 20

      1    5    9   13   17   21   25   29   33   37   41   45   49   53   57   61   65
  49 5000 5000 5000 5000 5000 5000 5000 5000 5000 5000 5000 5000 5000 5000 5000 5000 5000
  46 5000   48   56   62   44   28   20   22   15   17   21   23   41   65   67   51 5000
  43 5000   52   73   31   28   36   23   20    7   15   31   44   31   35   79   53 5000
  40 5000   53   66   31   54   39   31   31   25   28   35   47   56   34   74   54 5000
  37 5000   56   36   54   46   40   52   63   64   62   54   44   44   50   48   58 5000
  34 5000   57   10   58   35   45   74  114  131  112   76   50   34   57   22   58 5000
  31 5000   55   12   54   33   51   92  185  243  189   99   58   33   55    6   56 5000
  28 5000   53   18   50   35   57  109  293  399  304  118   60   35   53    7   54 5000
  25 5000   53   19   47   35   59  120  395   66  403  123   60   36   51   10   52 5000
  22 5000   53   16   48   34   58  115  295  400  292  109   56   36   52    9   52 5000
  19 5000   55    8   51   31   55   98  184  241  182   93   52   34   55    7   52 5000
  16 5000   57   12   53   32   49   76  109  129  111   76   47   37   57   20   54 5000
  13 5000   56   38   51   43   44   55   59   64   61   54   41   49   52   44   53 5000
  10 5000   54   69   35   53   44   36   27   26   28   32   37   55   27   71   50 5000
   7 5000   58   78   27   35   42   29   14    9   14   24   36   34   34   75   51 5000
   4 5000   52   72   65   29   24   19   18   11   14   19   27   39   68   62   44 5000
   1 5000 5000 5000 5000 5000 5000 5000 5000 5000 5000 5000 5000 5000 5000 5000 5000 5000



 Vertical kinematic viscosity, km        

 Time =    0.0125 days    multiply all values by 1.00E-05

 Layer k =  1

      1    5    9   13   17   21   25   29   33   37   41   45   49   53   57   61   65
  49    0    0    0    0    0    0    0    0    0    0    0    0    0    0    0    0    0
  46 2255 3447 3447 3447 3447 3447 3447 3447 3447 3447 3447 3447 3447 3447 3447 3447 1248
  43 2065 3156 3156 3156 3156 3156 3156 3156 3156 3156 3156 3156 3156 3156 3156 3156 1144
  40 1770 2701 2701 2701 2701 2701 2701 2701 2701 2701 2701 2701 2701 2701 2701 2701  984
  37 1397 2128 2128 2128 2128 2128 2128 2127 2127 2127 2128 2128 2128 2128 2128 2128  781
  34  987 1495 1495 1495 1495 1495 1495 1493 1491 1493 1495 1495 1495 1495 1495 1495  557
  31  583  874  874  874  874  874  871  864  859  864  871  874  874  874  874  874  338
  28  241  346  346  346  346  346  341  325  315  325  341  346  346  346  346  346  151
  25   44   44   44   44   44   44   37   18    4   18   37   44   44   44   44   44   44
  22  241  346  346  346  346  346  341  325  315  325  341  346  346  346  346  346  151
  19  583  874  874  874  874  874  871  864  859  864  871  874  874  874  874  874  338
  16  987 1495 1495 1495 1495 1495 1495 1493 1491 1493 1495 1495 1495 1495 1495 1495  557
  13 1397 2128 2128 2128 2128 2128 2128 2127 2127 2127 2128 2128 2128 2128 2128 2128  781
  10 1770 2701 2701 2701 2701 2701 2701 2701 2701 2701 2701 2701 2701 2701 2701 2701  984
   7 2065 3156 3156 3156 3156 3156 3156 3156 3156 3156 3156 3156 3156 3156 3156 3156 1144
   4 2255 3447 3447 3447 3447 3447 3447 3447 3447 3447 3447 3447 3447 3447 3447 3447 1248
   1    0    0    0    0    0    0    0    0    0    0    0    0    0    0    0    0    0




 Layer k = 10

      1    5    9   13   17   21   25   29   33   37   41   45   49   53   57   61   65
  49    0    0    0    0    0    0    0    0    0    0    0    0    0    0    0    0    0
  46   44   44   44   44   44   44   44   44   44   44   44   44   44   44   44   44   44
  43   44   44   44   44   44   44   44   44   44   44   44   44   44   44   44   44   44
  40   44   44   44   44   44   44   44   44   44   44   44   44   44   44   44   44   44
  37   44   44   44   44   44   44   44   44   44   44   44   44   44   44   44   44   44
  34   44   44   44   44   44   44   44   42   40   42   44   44   44   44   44   44   44
  31   44   44   44   44   44   44   42   34   29   34   42   44   44   44   44   44   44
  28   44   44   44   44   44   44   39   24   13   24   39   44   44   44   44   44   44
  25   44   44   44   44   44   44   37   18    4   18   37   44   44   44   44   44   44
  22   44   44   44   44   44   44   39   24   13   24   39   44   44   44   44   44   44
  19   44   44   44   44   44   44   42   34   29   34   42   44   44   44   44   44   44
  16   44   44   44   44   44   44   44   42   40   42   44   44   44   44   44   44   44
  13   44   44   44   44   44   44   44   44   44   44   44   44   44   44   44   44   44
  10   44   44   44   44   44   44   44   44   44   44   44   44   44   44   44   44   44
   7   44   44   44   44   44   44   44   44   44   44   44   44   44   44   44   44   44
   4   44   44   44   44   44   44   44   44   44   44   44   44   44   44   44   44   44
   1    0    0    0    0    0    0    0    0    0    0    0    0    0    0    0    0    0




 Layer k = 20

      1    5    9   13   17   21   25   29   33   37   41   45   49   53   57   61   65
  49    0    0    0    0    0    0    0    0    0    0    0    0    0    0    0    0    0
  46   44   44   44   44   44   44   44   44   44   44   44   44   44   44   44   44   44
  43   44   44   44   44   44   44   44   44   44   44   44   44   44   44   44   44   44
  40   44   44   44   44   44   44   44   44   44   44   44   44   44   44   44   44   44
  37   44   44   44   44   44   44   44   44   44   44   44   44   44   44   44   44   44
  34   44   44   44   44   44   44   44   42   40   42   44   44   44   44   44   44   44
  31   44   44   44   44   44   44   42   34   29   34   42   44   44   44   44   44   44
  28   44   44   44   44   44   44   39   24   13   24   39   44   44   44   44   44   44
  25   44   44   44   44   44   44   37   18    4   18   37   44   44   44   44   44   44
  22   44   44   44   44   44   44   39   24   13   24   39   44   44   44   44   44   44
  19   44   44   44   44   44   44   42   34   29   34   42   44   44   44   44   44   44
  16   44   44   44   44   44   44   44   42   40   42   44   44   44   44   44   44   44
  13   44   44   44   44   44   44   44   44   44   44   44   44   44   44   44   44   44
  10   44   44   44   44   44   44   44   44   44   44   44   44   44   44   44   44   44
   7   44   44   44   44   44   44   44   44   44   44   44   44   44   44   44   44   44
   4   44   44   44   44   44   44   44   44   44   44   44   44   44   44   44   44   44
   1    0    0    0    0    0    0    0    0    0    0    0    0    0    0    0    0    0



 x-velocity, u                           

 Time =    0.0125 days    multiply all values by 1.00E-04

 Section j =  1

    i =      1    5    9   13   17   21   25   29   33   37   41   45   49   53   57   61   65
        d =    1    1    1    1    1    1    1    1    1    1    1    1    1    1    1    1    1
  1  -0.004    0    0    0    0    0    0    0    0    0    0    0    0    0    0    0    0    0
  2  -0.011    0    0    0    0    0    0    0    0    0    0    0    0    0    0    0    0    0
  3  -0.022    0    0    0    0    0    0    0    0    0    0    0    0    0    0    0    0    0
  4  -0.044    0    0    0    0    0    0    0    0    0    0    0    0    0    0    0    0    0
  5  -0.088    0    0    0    0    0    0    0    0    0    0    0    0    0    0    0    0    0
  6  -0.147    0    0    0    0    0    0    0    0    0    0    0    0    0    0    0    0    0
  7  -0.206    0    0    0    0    0    0    0    0    0    0    0    0    0    0    0    0    0
  8  -0.265    0    0    0    0    0    0    0    0    0    0    0    0    0    0    0    0    0
  9  -0.324    0    0    0    0    0    0    0    0    0    0    0    0    0    0    0    0    0
 10  -0.382    0    0    0    0    0    0    0    0    0    0    0    0    0    0    0    0    0
 11  -0.441    0    0    0    0    0    0    0    0    0    0    0    0    0    0    0    0    0
 12  -0.500    0    0    0    0    0    0    0    0    0    0    0    0    0    0    0    0    0
 13  -0.559    0    0    0    0    0    0    0    0    0    0    0    0    0    0    0    0    0
 14  -0.618    0    0    0    0    0    0    0    0    0    0    0    0    0    0    0    0    0
 15  -0.676    0    0    0    0    0    0    0    0    0    0    0    0    0    0    0    0    0
 16  -0.735    0    0    0    0    0    0    0    0    0    0    0    0    0    0    0    0    0
 17  -0.794    0    0    0    0    0    0    0    0    0    0    0    0    0    0    0    0    0
 18  -0.853    0    0    0    0    0    0    0    0    0    0    0    0    0    0    0    0    0
 19  -0.912    0    0    0    0    0    0    0    0    0    0    0    0    0    0    0    0    0
 20  -0.971    0    0    0    0    0    0    0    0    0    0    0    0    0    0    0    0    0
 21  -1.029    0    0    0    0    0    0    0    0    0    0    0    0    0    0    0    0    0




 Section j = 24

    i =      1    5    9   13   17   21   25   29   33   37   41   45   49   53   57   61   65
        d = 4500 4500 4500 4500 4499 4435 3793 1892  552 1892 3793 4435 4498 4500 4500 4500 4500
  1  -0.004    0 2160 1923 1822 1801 1808 1711 2041 4537 2399 1746 1808 1823 1810 1903 2127 1922
  2  -0.011    0 2162 1925 1824 1803 1810 1714 2045 4552 2405 1749 1810 1825 1812 1905 2129 1924
  3  -0.022    0 2162 1925 1824 1803 1810 1714 2045 4553 2404 1749 1810 1825 1812 1905 2129 1924
  4  -0.044    0 2162 1925 1824 1803 1810 1713 2045 4553 2404 1748 1810 1825 1812 1905 2129 1924
  5  -0.088    0 2162 1925 1824 1803 1809 1712 2042 4554 2403 1747 1810 1825 1812 1905 2129 1924
  6  -0.147    0 2162 1925 1824 1803 1809 1710 2038 4556 2399 1744 1809 1825 1812 1905 2129 1924
  7  -0.206    0 2162 1925 1824 1803 1808 1707 2032 4560 2395 1740 1808 1825 1812 1905 2129 1924
  8  -0.265    0 2162 1925 1824 1803 1808 1705 2025 4564 2390 1737 1807 1825 1812 1905 2129 1924
  9  -0.324    0 2162 1925 1824 1803 1808 1702 2018 4570 2384 1733 1806 1825 1812 1905 2129 1924
 10  -0.382    0 2162 1925 1824 1802 1807 1700 2012 4576 2378 1730 1805 1824 1812 1905 2129 1924
 11  -0.441    0 2162 1925 1824 1802 1807 1698 2005 4582 2372 1727 1804 1824 1812 1905 2129 1924
 12  -0.500    0 2162 1925 1824 1802 1807 1696 1998 4590 2365 1724 1804 1824 1812 1905 2129 1924
 13  -0.559    0 2162 1925 1824 1802 1807 1694 1992 4597 2358 1721 1803 1824 1812 1905 2129 1924
 14  -0.618    0 2162 1925 1824 1802 1806 1693 1986 4605 2352 1718 1803 1824 1812 1905 2129 1924
 15  -0.676    0 2162 1925 1824 1802 1806 1691 1980 4614 2345 1716 1802 1824 1812 1905 2129 1924
 16  -0.735    0 2162 1925 1824 1802 1806 1690 1975 4623 2338 1714 1802 1824 1812 1905 2129 1924
 17  -0.794    0 2162 1925 1824 1802 1806 1689 1970 4632 2331 1712 1802 1824 1812 1905 2129 1924
 18  -0.853    0 2162 1925 1824 1802 1806 1688 1965 4641 2325 1710 1801 1824 1812 1905 2129 1924
 19  -0.912    0 2162 1925 1824 1802 1806 1688 1961 4650 2318 1709 1801 1824 1812 1905 2129 1924
 20  -0.971    0 2158 1921 1821 1799 1803 1684 1948 4501 2297 1704 1798 1821 1808 1901 2126 1921
 21  -1.029    0    0    0    0    0    0    0    0    0    0    0    0    0    0    0    0    0




 Section j = 48

    i =      1    5    9   13   17   21   25   29   33   37   41   45   49   53   57   61   65
        d = 4500 4500 4499 4499 4499 4499 4499 4500 4500 4500 4500 4500 4500 4500 4500 4500 4499
  1  -0.004    0 1968 2156 2209 2150 2120 2152 2103 2100 2082 2041 2051 2120 2190 2165 1972 1380
  2  -0.011    0 1952 2140 2194 2134 2104 2136 2087 2085 2066 2026 2035 2104 2174 2149 1956 1369
  3  -0.022    0 1952 2140 2194 2134 2104 2136 2087 2085 2066 2026 2035 2104 2174 2149 1956 1369
  4  -0.044    0 1952 2140 2194 2134 2104 2136 2087 2085 2066 2026 2035 2104 2174 2149 1956 1369
  5  -0.088    0 1952 2140 2194 2134 2104 2136 2087 2084 2066 2026 2035 2104 2174 2149 1956 1369
  6  -0.147    0 1952 2140 2194 2134 2104 2136 2087 2084 2066 2026 2035 2104 2174 2149 1956 1369
  7  -0.206    0 1952 2140 2193 2134 2104 2136 2087 2084 2066 2026 2035 2104 2174 2149 1956 1369
  8  -0.265    0 1952 2140 2193 2134 2104 2136 2087 2084 2066 2026 2035 2104 2174 2149 1956 1369
  9  -0.324    0 1952 2140 2193 2134 2104 2136 2087 2084 2066 2026 2035 2104 2174 2149 1956 1369
 10  -0.382    0 1952 2140 2193 2134 2104 2136 2087 2084 2066 2026 2035 2104 2174 2149 1956 1369
 11  -0.441    0 1952 2140 2193 2134 2104 2136 2087 2084 2066 2026 2035 2104 2174 2149 1956 1369
 12  -0.500    0 1952 2140 2193 2134 2104 2136 2087 2084 2066 2026 2035 2104 2174 2149 1956 1369
 13  -0.559    0 1952 2140 2193 2134 2104 2136 2087 2084 2066 2026 2035 2104 2174 2149 1956 1369
 14  -0.618    0 1952 2140 2193 2134 2104 2136 2087 2084 2066 2026 2035 2104 2174 2149 1956 1369
 15  -0.676    0 1952 2140 2193 2134 2104 2136 2087 2084 2066 2026 2035 2104 2174 2149 1956 1369
 16  -0.735    0 1952 2140 2193 2134 2104 2136 2087 2084 2066 2026 2035 2104 2174 2149 1956 1369
 17  -0.794    0 1952 2140 2193 2134 2104 2136 2087 2084 2066 2026 2035 2104 2174 2149 1956 1369
 18  -0.853    0 1952 2140 2193 2134 2104 2136 2087 2084 2066 2026 2035 2104 2174 2149 1956 1369
 19  -0.912    0 1952 2140 2193 2134 2104 2136 2087 2084 2066 2026 2035 2104 2174 2149 1956 1369
 20  -0.971    0 1948 2137 2189 2130 2100 2132 2083 2080 2062 2021 2031 2100 2170 2145 1952 1366
 21  -1.029    0    0    0    0    0    0    0    0    0    0    0    0    0    0    0    0    0



 y-velocity, v                           

 Time =    0.0125 days    multiply all values by 1.00E-05

 Section j =  1

    i =      1    5    9   13   17   21   25   29   33   37   41   45   49   53   57   61   65
        d =    1    1    1    1    1    1    1    1    1    1    1    1    1    1    1    1    1
  1  -0.004    0    0    0    0    0    0    0    0    0    0    0    0    0    0    0    0    0
  2  -0.011    0    0    0    0    0    0    0    0    0    0    0    0    0    0    0    0    0
  3  -0.022    0    0    0    0    0    0    0    0    0    0    0    0    0    0    0    0    0
  4  -0.044    0    0    0    0    0    0    0    0    0    0    0    0    0    0    0    0    0
  5  -0.088    0    0    0    0    0    0    0    0    0    0    0    0    0    0    0    0    0
  6  -0.147    0    0    0    0    0    0    0    0    0    0    0    0    0    0    0    0    0
  7  -0.206    0    0    0    0    0    0    0    0    0    0    0    0    0    0    0    0    0
  8  -0.265    0    0    0    0    0    0    0    0    0    0    0    0    0    0    0    0    0
  9  -0.324    0    0    0    0    0    0    0    0    0    0    0    0    0    0    0    0    0
 10  -0.382    0    0    0    0    0    0    0    0    0    0    0    0    0    0    0    0    0
 11  -0.441    0    0    0    0    0    0    0    0    0    0    0    0    0    0    0    0    0
 12  -0.500    0    0    0    0    0    0    0    0    0    0    0    0    0    0    0    0    0
 13  -0.559    0    0    0    0    0    0    0    0    0    0    0    0    0    0    0    0    0
 14  -0.618    0    0    0    0    0    0    0    0    0    0    0    0    0    0    0    0    0
 15  -0.676    0    0    0    0    0    0    0    0    0    0    0    0    0    0    0    0    0
 16  -0.735    0    0    0    0    0    0    0    0    0    0    0    0    0    0    0    0    0
 17  -0.794    0    0    0    0    0    0    0    0    0    0    0    0    0    0    0    0    0
 18  -0.853    0    0    0    0    0    0    0    0    0    0    0    0    0    0    0    0    0
 19  -0.912    0    0    0    0    0    0    0    0    0    0    0    0    0    0    0    0    0
 20  -0.971    0    0    0    0    0    0    0    0    0    0    0    0    0    0    0    0    0
 21  -1.029    0    0    0    0    0    0    0    0    0    0    0    0    0    0    0    0    0




 Section j = 24

    i =      1    5    9   13   17   21   25   29   33   37   41   45   49   53   57   61   65
        d = 4500 4500 4500 4500 4499 4435 3793 1892  552 1892 3793 4435 4498 4500 4500 4500 4500
  1  -0.004    0 -224 -193 -121 -106 -284-1284-4671-3054 3514 1658  514   76 -129 -218 -301    0
  2  -0.011    0 -225 -194 -122 -108 -285-1285-4674-3062 3511 1657  513   75 -130 -219 -302    0
  3  -0.022    0 -225 -194 -122 -108 -285-1286-4675-3062 3512 1657  513   75 -130 -219 -302    0
  4  -0.044    0 -225 -194 -122 -108 -285-1286-4678-3063 3515 1658  513   75 -130 -219 -302    0
  5  -0.088    0 -225 -194 -122 -108 -285-1289-4689-3068 3526 1662  514   75 -130 -219 -302    0
  6  -0.147    0 -225 -194 -122 -108 -286-1294-4712-3077 3548 1669  515   75 -130 -219 -302    0
  7  -0.206    0 -224 -194 -122 -108 -286-1300-4741-3091 3577 1677  516   75 -130 -219 -302    0
  8  -0.265    0 -224 -194 -122 -108 -286-1306-4774-3109 3611 1685  518   75 -130 -219 -302    0
  9  -0.324    0 -224 -194 -122 -108 -287-1312-4809-3130 3648 1693  519   75 -130 -219 -302    0
 10  -0.382    0 -224 -194 -122 -108 -287-1317-4845-3153 3687 1701  520   75 -130 -219 -302    0
 11  -0.441    0 -224 -194 -122 -108 -288-1322-4880-3179 3726 1708  521   75 -130 -219 -302    0
 12  -0.500    0 -224 -195 -121 -108 -288-1326-4915-3207 3766 1714  522   75 -130 -219 -302    0
 13  -0.559    0 -224 -195 -121 -108 -288-1330-4949-3237 3806 1720  523   75 -130 -219 -302    0
 14  -0.618    0 -223 -195 -121 -108 -288-1334-4982-3269 3846 1725  523   74 -130 -219 -301    0
 15  -0.676    0 -223 -195 -121 -107 -288-1337-5013-3302 3885 1730  524   74 -129 -218 -301    0
 16  -0.735    0 -223 -195 -121 -107 -288-1340-5043-3336 3923 1735  525   74 -129 -218 -301    0
 17  -0.794    0 -223 -195 -121 -107 -288-1343-5072-3371 3960 1738  525   74 -129 -218 -301    0
 18  -0.853    0 -223 -195 -121 -107 -287-1345-5099-3407 3996 1741  526   74 -129 -218 -301    0
 19  -0.912    0 -223 -195 -121 -107 -287-1347-5124-3444 4031 1744  526   75 -129 -218 -301    0
 20  -0.971    0 -220 -192 -118 -104 -284-1343-5111-3323 4053 1746  527   76 -127 -216 -298    0
 21  -1.029    0    0    0    0    0    0    0    0    0    0    0    0    0    0    0    0    0




 Section j = 48

    i =      1    5    9   13   17   21   25   29   33   37   41   45   49   53   57   61   65
        d = 4500 4500 4499 4499 4499 4499 4499 4500 4500 4500 4500 4500 4500 4500 4500 4500 4499
  1  -0.004    0 -365 -568 -133  275  353  256  105  -64 -238 -404 -515 -430   15  460  248    0
  2  -0.011    0 -355 -559 -124  284  362  266  114  -55 -229 -395 -505 -420   25  470  258    0
  3  -0.022    0 -355 -559 -124  284  362  266  114  -55 -229 -395 -505 -420   25  470  258    0
  4  -0.044    0 -355 -559 -124  284  362  266  114  -55 -229 -395 -505 -420   25  470  258    0
  5  -0.088    0 -355 -559 -124  284  362  266  114  -55 -229 -395 -505 -420   25  470  258    0
  6  -0.147    0 -355 -559 -124  284  362  266  114  -55 -229 -395 -506 -420   25  470  258    0
  7  -0.206    0 -355 -559 -124  284  362  266  114  -55 -229 -395 -506 -420   25  470  257    0
  8  -0.265    0 -356 -559 -124  284  362  266  114  -55 -229 -395 -506 -420   25  470  257    0
  9  -0.324    0 -356 -559 -124  284  362  266  114  -55 -229 -395 -506 -420   25  470  257    0
 10  -0.382    0 -356 -559 -124  284  362  266  114  -55 -229 -395 -506 -420   25  471  257    0
 11  -0.441    0 -356 -559 -125  284  362  266  114  -55 -229 -395 -506 -420   25  471  257    0
 12  -0.500    0 -356 -559 -125  283  362  266  114  -55 -229 -395 -506 -420   25  471  257    0
 13  -0.559    0 -356 -559 -125  283  362  266  114  -55 -229 -395 -506 -420   25  471  257    0
 14  -0.618    0 -356 -559 -125  283  362  266  114  -55 -229 -395 -506 -420   25  471  257    0
 15  -0.676    0 -356 -559 -125  283  362  266  113  -55 -229 -395 -506 -420   25  471  257    0
 16  -0.735    0 -356 -559 -125  283  362  265  113  -55 -229 -395 -506 -420   25  472  257    0
 17  -0.794    0 -356 -559 -126  283  362  265  113  -55 -229 -395 -506 -420   25  472  257    0
 18  -0.853    0 -357 -559 -126  283  361  265  113  -56 -229 -395 -506 -420   25  472  257    0
 19  -0.912    0 -357 -559 -126  282  361  265  113  -56 -229 -395 -507 -420   25  472  257    0
 20  -0.971    0 -355 -558 -125  284  363  267  115  -54 -227 -392 -504 -418   27  474  258    0
 21  -1.029    0    0    0    0    0    0    0    0    0    0    0    0    0    0    0    0    0



 z-velocity, w                           

 Time =    0.0125 days    multiply all values by 1.00E-07

 Section j =  1

    i =      1    5    9   13   17   21   25   29   33   37   41   45   49   53   57   61   65
        d =    1    1    1    1    1    1    1    1    1    1    1    1    1    1    1    1    1
  1  -0.000    0    0    0    0    0    0    0    0    0    0    0    0    0    0    0    0    0
  2  -0.007    0    0    0    0    0    0    0    0    0    0    0    0    0    0    0    0    0
  3  -0.015    0    0    0    0    0    0    0    0    0    0    0    0    0    0    0    0    0
  4  -0.029    0    0    0    0    0    0    0    0    0    0    0    0    0    0    0    0    0
  5  -0.059    0    0    0    0    0    0    0    0    0    0    0    0    0    0    0    0    0
  6  -0.118    0    0    0    0    0    0    0    0    0    0    0    0    0    0    0    0    0
  7  -0.176    0    0    0    0    0    0    0    0    0    0    0    0    0    0    0    0    0
  8  -0.235    0    0    0    0    0    0    0    0    0    0    0    0    0    0    0    0    0
  9  -0.294    0    0    0    0    0    0    0    0    0    0    0    0    0    0    0    0    0
 10  -0.353    0    0    0    0    0    0    0    0    0    0    0    0    0    0    0    0    0
 11  -0.412    0    0    0    0    0    0    0    0    0    0    0    0    0    0    0    0    0
 12  -0.471    0    0    0    0    0    0    0    0    0    0    0    0    0    0    0    0    0
 13  -0.529    0    0    0    0    0    0    0    0    0    0    0    0    0    0    0    0    0
 14  -0.588    0    0    0    0    0    0    0    0    0    0    0    0    0    0    0    0    0
 15  -0.647    0    0    0    0    0    0    0    0    0    0    0    0    0    0    0    0    0
 16  -0.706    0    0    0    0    0    0    0    0    0    0    0    0    0    0    0    0    0
 17  -0.765    0    0    0    0    0    0    0    0    0    0    0    0    0    0    0    0    0
 18  -0.824    0    0    0    0    0    0    0    0    0    0    0    0    0    0    0    0    0
 19  -0.882    0    0    0    0    0    0    0    0    0    0    0    0    0    0    0    0    0
 20  -0.941    0    0    0    0    0    0    0    0    0    0    0    0    0    0    0    0    0
 21  -1.000    0    0    0    0    0    0    0    0    0    0    0    0    0    0    0    0    0




 Section j = 24

    i =      1    5    9   13   17   21   25   29   33   37   41   45   49   53   57   61   65
        d = 4500 4500 4500 4500 4499 4435 3793 1892  552 1892 3793 4435 4498 4500 4500 4500 4500
  1  -0.000    0    0    0    0    0    0    0    0    0    0    0    0    0    0    0    0    0
  2  -0.007    0    0    1   -4    2    9    0  -75  -19   84   -5  -11   -2   -1    1   -4    0
  3  -0.015    0    1    3   -7    5   19    1 -149  -37  168   -9  -21   -2   -1    2   -7    0
  4  -0.029    0    2    7  -12   11   39    4 -296  -72  335  -17  -41   -4   -1    4  -14    0
  5  -0.059    0    4   15  -23   22   78    9 -585 -143  665  -34  -80   -8   -2    9  -26    0
  6  -0.118    0    9   30  -44   43  150   21-1125 -280 1290  -74 -150  -15   -4   17  -50    0
  7  -0.176    0   15   44  -65   59  211   34-1590 -410 1846 -119 -207  -22   -6   24  -73    0
  8  -0.235    0   20   57  -85   72  257   48-1966 -529 2316 -167 -251  -26   -8   30  -92    0
  9  -0.294    0   26   69 -102   83  287   60-2248 -633 2689 -214 -284  -29   -8   34 -110    0
 10  -0.353    0   32   78 -115   93  304   73-2435 -721 2962 -256 -302  -29   -7   36 -126    0
 11  -0.412    0   35   84 -124   99  313   84-2531 -789 3131 -291 -305  -31   -6   36 -137    0
 12  -0.471    0   38   88 -129  101  312   90-2541 -836 3199 -319 -297  -35   -4   35 -144    0
 13  -0.529    0   40   90 -131  101  300   93-2472 -859 3167 -339 -281  -36   -4   33 -147    0
 14  -0.588    0   39   89 -128   98  280   91-2332 -857 3041 -346 -259  -36   -3   31 -144    0
 15  -0.647    0   37   84 -121   90  256   86-2128 -828 2824 -341 -230  -34   -3   27 -136    0
 16  -0.706    0   34   76 -110   81  226   77-1865 -770 2522 -323 -194  -29   -2   24 -124    0
 17  -0.765    0   30   66  -95   72  190   66-1552 -683 2141 -291 -158  -21   -2   20 -108    0
 18  -0.824    0   25   55  -76   59  147   54-1195 -564 1684 -242 -122  -14   -1   15  -88    0
 19  -0.882    0   18   40  -53   40   97   42 -799 -413 1157 -178  -87   -8    0   10  -64    0
 20  -0.941    0   11   22  -27   21   48   28 -370 -230  564 -102  -47   -2    0    5  -34    0
 21  -1.000    0    1    1    0    0    0    0    0    0    0    0    0    1   -1   -1   -1    0




 Section j = 48

    i =      1    5    9   13   17   21   25   29   33   37   41   45   49   53   57   61   65
        d = 4500 4500 4499 4499 4499 4499 4499 4500 4500 4500 4500 4500 4500 4500 4500 4500 4499
  1  -0.000    0    0    0    0    0    0    0    0    0    0    0    0    0    0    0    0    0
  2  -0.007    0    3    4    2    4    4    1    4    5    4    7    2    3    5    4    4    0
  3  -0.015    0    3    4    1    5    5   -1    5    7    4   10    0    3    6    3    4    0
  4  -0.029    0    3    5   -1    6    6   -5    7   10    4   17   -3    2    7    3    5    0
  5  -0.059    0    2    5   -5    8    8  -13   10   15    5   29   -9    0   11    3    7    0
  6  -0.118    0    0    7  -13   12   12  -28   16   24    7   49  -20   -3   17    2    9    0
  7  -0.176    0   -1    7  -19   16   15  -41   21   32    8   67  -30   -5   23    1   11    0
  8  -0.235    0   -2    8  -25   19   18  -51   26   38   10   83  -40   -8   27    1   13    0
  9  -0.294    0   -3    9  -30   22   20  -60   30   45   12   97  -50  -10   31    0   14    0
 10  -0.353    0   -4   10  -34   24   22  -67   33   52   14  107  -57  -13   34    0   16    0
 11  -0.412    0   -5   11  -36   25   24  -72   36   57   15  114  -62  -14   36    0   17    0
 12  -0.471    0   -5   11  -37   26   25  -74   37   60   16  118  -65  -15   37    0   18    0
 13  -0.529    0   -6   11  -37   27   26  -75   37   61   17  119  -66  -15   37    0   18    0
 14  -0.588    0   -5   11  -34   26   25  -72   37   59   17  117  -63  -14   36    0   17    0
 15  -0.647    0   -5   10  -31   25   24  -66   34   55   17  110  -59  -12   34    1   16    0
 16  -0.706    0   -4   10  -27   23   22  -58   31   50   16  101  -54  -10   31    1   15    0
 17  -0.765    0   -3    9  -22   21   20  -49   27   43   15   87  -46   -7   28    2   14    0
 18  -0.824    0   -2    7  -16   18   18  -38   22   36   14   71  -38   -4   23    2   12    0
 19  -0.882    0   -1    6   -9   15   15  -25   17   28   12   52  -27   -2   18    3   10    0
 20  -0.941    0    1    5   -2   12   11  -10   12   18    9   29  -13    0   12    4    8    0
 21  -1.000    0   -1   -2    0    1    0    1    1    0    0    0   -2   -1    0    1    1    0



 Potential temperature, t                

 Time =    0.0125 days    multiply all values by 1.00E-02

 Section j =  1

    i =      1    5    9   13   17   21   25   29   33   37   41   45   49   53   57   61   65
        d =    1    1    1    1    1    1    1    1    1    1    1    1    1    1    1    1    1
  1  -0.004    0    0    0    0    0    0    0    0    0    0    0    0    0    0    0    0    0
  2  -0.011    0    0    0    0    0    0    0    0    0    0    0    0    0    0    0    0    0
  3  -0.022    0    0    0    0    0    0    0    0    0    0    0    0    0    0    0    0    0
  4  -0.044    0    0    0    0    0    0    0    0    0    0    0    0    0    0    0    0    0
  5  -0.088    0    0    0    0    0    0    0    0    0    0    0    0    0    0    0    0    0
  6  -0.147    0    0    0    0    0    0    0    0    0    0    0    0    0    0    0    0    0
  7  -0.206    0    0    0    0    0    0    0    0    0    0    0    0    0    0    0    0    0
  8  -0.265    0    0    0    0    0    0    0    0    0    0    0    0    0    0    0    0    0
  9  -0.324    0    0    0    0    0    0    0    0    0    0    0    0    0    0    0    0    0
 10  -0.382    0    0    0    0    0    0    0    0    0    0    0    0    0    0    0    0    0
 11  -0.441    0    0    0    0    0    0    0    0    0    0    0    0    0    0    0    0    0
 12  -0.500    0    0    0    0    0    0    0    0    0    0    0    0    0    0    0    0    0
 13  -0.559    0    0    0    0    0    0    0    0    0    0    0    0    0    0    0    0    0
 14  -0.618    0    0    0    0    0    0    0    0    0    0    0    0    0    0    0    0    0
 15  -0.676    0    0    0    0    0    0    0    0    0    0    0    0    0    0    0    0    0
 16  -0.735    0    0    0    0    0    0    0    0    0    0    0    0    0    0    0    0    0
 17  -0.794    0    0    0    0    0    0    0    0    0    0    0    0    0    0    0    0    0
 18  -0.853    0    0    0    0    0    0    0    0    0    0    0    0    0    0    0    0    0
 19  -0.912    0    0    0    0    0    0    0    0    0    0    0    0    0    0    0    0    0
 20  -0.971    0    0    0    0    0    0    0    0    0    0    0    0    0    0    0    0    0
 21  -1.029    0    0    0    0    0    0    0    0    0    0    0    0    0    0    0    0    0




 Section j = 24

    i =      1    5    9   13   17   21   25   29   33   37   41   45   49   53   57   61   65
        d = 4500 4500 4500 4500 4499 4435 3793 1892  552 1892 3793 4435 4498 4500 4500 4500 4500
  1  -0.004 1975 1975 1975 1975 1975 1976 1979 1989 1997 1990 1979 1976 1975 1975 1975 1975 1975
  2  -0.011 1927 1927 1927 1927 1927 1928 1938 1969 1991 1969 1939 1928 1927 1927 1927 1927 1927
  3  -0.022 1858 1858 1858 1858 1858 1860 1879 1938 1982 1940 1880 1860 1858 1858 1858 1858 1858
  4  -0.044 1730 1730 1730 1730 1730 1733 1768 1878 1963 1882 1770 1734 1730 1730 1730 1730 1730
  5  -0.088 1508 1508 1508 1508 1509 1514 1572 1766 1928 1772 1575 1514 1509 1508 1508 1508 1508
  6  -0.147 1274 1274 1274 1274 1274 1281 1357 1631 1882 1640 1360 1282 1274 1274 1274 1274 1274
  7  -0.206 1094 1094 1094 1094 1094 1102 1185 1510 1837 1522 1189 1102 1094 1094 1094 1094 1094
  8  -0.265  956  956  956  956  956  964 1048 1402 1794 1416 1052  964  956  956  956  956  956
  9  -0.324  850  850  850  850  850  857  938 1306 1752 1321  942  858  850  850  850  850  850
 10  -0.382  768  768  768  768  769  775  850 1220 1711 1236  854  775  769  768  768  768  768
 11  -0.441  706  706  706  706  706  712  780 1143 1672 1159  783  712  706  706  706  706  706
 12  -0.500  658  658  658  658  658  663  724 1074 1634 1091  727  664  658  658  658  658  658
 13  -0.559  621  621  621  621  621  626  679 1013 1598 1030  682  626  621  621  621  621  621
 14  -0.618  593  593  593  593  593  597  643  958 1562  975  645  597  593  593  593  593  593
 15  -0.676  571  571  571  571  572  575  614  909 1528  926  616  575  572  571  571  571  571
 16  -0.735  555  555  555  555  555  557  591  866 1495  882  593  558  555  555  555  555  555
 17  -0.794  542  542  542  542  542  544  573  827 1463  842  575  544  542  542  542  542  542
 18  -0.853  532  532  532  532  532  534  558  792 1431  807  560  534  532  532  532  532  532
 19  -0.912  525  525  525  525  525  526  547  761 1401  775  548  526  525  525  525  525  525
 20  -0.971  519  519  519  519  519  520  537  733 1372  747  538  520  519  519  519  519  519
 21  -1.029    0    0    0    0    0    0    0    0    0    0    0    0    0    0    0    0    0




 Section j = 48

    i =      1    5    9   13   17   21   25   29   33   37   41   45   49   53   57   61   65
        d = 4500 4500 4499 4499 4499 4499 4499 4500 4500 4500 4500 4500 4500 4500 4500 4500 4499
  1  -0.004 1975 1975 1975 1975 1975 1975 1975 1975 1975 1975 1975 1975 1975 1975 1975 1975 1975
  2  -0.011 1927 1927 1927 1927 1927 1927 1927 1927 1927 1927 1927 1927 1927 1927 1927 1927 1927
  3  -0.022 1858 1858 1858 1858 1858 1858 1858 1858 1858 1858 1858 1858 1858 1858 1858 1858 1858
  4  -0.044 1730 1730 1730 1730 1730 1730 1730 1730 1730 1730 1730 1730 1730 1730 1730 1730 1730
  5  -0.088 1508 1508 1508 1508 1508 1508 1508 1508 1508 1508 1508 1508 1508 1508 1508 1508 1508
  6  -0.147 1274 1274 1274 1274 1274 1274 1274 1274 1274 1274 1274 1274 1274 1274 1274 1274 1274
  7  -0.206 1094 1094 1094 1094 1094 1094 1094 1094 1094 1094 1094 1094 1094 1094 1094 1094 1094
  8  -0.265  956  956  956  956  956  956  956  956  956  956  956  956  956  956  956  956  956
  9  -0.324  850  850  850  850  850  850  850  850  850  850  850  850  850  850  850  850  850
 10  -0.382  768  768  768  768  768  768  768  768  768  768  768  768  768  768  768  768  768
 11  -0.441  706  706  706  706  706  706  706  706  706  706  706  706  706  706  706  706  706
 12  -0.500  658  658  658  658  658  658  658  658  658  658  658  658  658  658  658  658  658
 13  -0.559  621  621  621  621  621  621  621  621  621  621  621  621  621  621  621  621  621
 14  -0.618  593  593  593  593  593  593  593  593  593  593  593  593  593  593  593  593  593
 15  -0.676  571  571  571  571  571  571  571  571  571  571  571  571  571  571  571  571  571
 16  -0.735  555  555  555  555  555  555  555  555  555  555  555  555  555  555  555  555  555
 17  -0.794  542  542  542  542  542  542  542  542  542  542  542  542  542  542  542  542  542
 18  -0.853  532  532  532  532  532  532  532  532  532  532  532  532  532  532  532  532  532
 19  -0.912  525  525  525  525  525  525  525  525  525  525  525  525  525  525  525  525  525
 20  -0.971  519  519  519  519  519  519  519  519  519  519  519  519  519  519  519  519  519
 21  -1.029    0    0    0    0    0    0    0    0    0    0    0    0    0    0    0    0    0



 Salinity, s                             

 Time =    0.0125 days    multiply all values by 1.00E-02

 Section j =  1

    i =      1    5    9   13   17   21   25   29   33   37   41   45   49   53   57   61   65
        d =    1    1    1    1    1    1    1    1    1    1    1    1    1    1    1    1    1
  1  -0.004    0    0    0    0    0    0    0    0    0    0    0    0    0    0    0    0    0
  2  -0.011    0    0    0    0    0    0    0    0    0    0    0    0    0    0    0    0    0
  3  -0.022    0    0    0    0    0    0    0    0    0    0    0    0    0    0    0    0    0
  4  -0.044    0    0    0    0    0    0    0    0    0    0    0    0    0    0    0    0    0
  5  -0.088    0    0    0    0    0    0    0    0    0    0    0    0    0    0    0    0    0
  6  -0.147    0    0    0    0    0    0    0    0    0    0    0    0    0    0    0    0    0
  7  -0.206    0    0    0    0    0    0    0    0    0    0    0    0    0    0    0    0    0
  8  -0.265    0    0    0    0    0    0    0    0    0    0    0    0    0    0    0    0    0
  9  -0.324    0    0    0    0    0    0    0    0    0    0    0    0    0    0    0    0    0
 10  -0.382    0    0    0    0    0    0    0    0    0    0    0    0    0    0    0    0    0
 11  -0.441    0    0    0    0    0    0    0    0    0    0    0    0    0    0    0    0    0
 12  -0.500    0    0    0    0    0    0    0    0    0    0    0    0    0    0    0    0    0
 13  -0.559    0    0    0    0    0    0    0    0    0    0    0    0    0    0    0    0    0
 14  -0.618    0    0    0    0    0    0    0    0    0    0    0    0    0    0    0    0    0
 15  -0.676    0    0    0    0    0    0    0    0    0    0    0    0    0    0    0    0    0
 16  -0.735    0    0    0    0    0    0    0    0    0    0    0    0    0    0    0    0    0
 17  -0.794    0    0    0    0    0    0    0    0    0    0    0    0    0    0    0    0    0
 18  -0.853    0    0    0    0    0    0    0    0    0    0    0    0    0    0    0    0    0
 19  -0.912    0    0    0    0    0    0    0    0    0    0    0    0    0    0    0    0    0
 20  -0.971    0    0    0    0    0    0    0    0    0    0    0    0    0    0    0    0    0
 21  -1.029    0    0    0    0    0    0    0    0    0    0    0    0    0    0    0    0    0




 Section j = 24

    i =      1    5    9   13   17   21   25   29   33   37   41   45   49   53   57   61   65
        d = 4500 4500 4500 4500 4499 4435 3793 1892  552 1892 3793 4435 4498 4500 4500 4500 4500
  1  -0.004 3500 3500 3500 3500 3500 3500 3500 3500 3500 3500 3500 3500 3500 3500 3500 3500 3500
  2  -0.011 3500 3500 3500 3500 3500 3500 3500 3500 3500 3500 3500 3500 3500 3500 3500 3500 3500
  3  -0.022 3500 3500 3500 3500 3500 3500 3500 3500 3500 3500 3500 3500 3500 3500 3500 3500 3500
  4  -0.044 3500 3500 3500 3500 3500 3500 3500 3500 3500 3500 3500 3500 3500 3500 3500 3500 3500
  5  -0.088 3500 3500 3500 3500 3500 3500 3500 3500 3500 3500 3500 3500 3500 3500 3500 3500 3500
  6  -0.147 3500 3500 3500 3500 3500 3500 3500 3500 3500 3500 3500 3500 3500 3500 3500 3500 3500
  7  -0.206 3500 3500 3500 3500 3500 3500 3500 3500 3500 3500 3500 3500 3500 3500 3500 3500 3500
  8  -0.265 3500 3500 3500 3500 3500 3500 3500 3500 3500 3500 3500 3500 3500 3500 3500 3500 3500
  9  -0.324 3500 3500 3500 3500 3500 3500 3500 3500 3500 3500 3500 3500 3500 3500 3500 3500 3500
 10  -0.382 3500 3500 3500 3500 3500 3500 3500 3500 3500 3500 3500 3500 3500 3500 3500 3500 3500
 11  -0.441 3500 3500 3500 3500 3500 3500 3500 3500 3500 3500 3500 3500 3500 3500 3500 3500 3500
 12  -0.500 3500 3500 3500 3500 3500 3500 3500 3500 3500 3500 3500 3500 3500 3500 3500 3500 3500
 13  -0.559 3500 3500 3500 3500 3500 3500 3500 3500 3500 3500 3500 3500 3500 3500 3500 3500 3500
 14  -0.618 3500 3500 3500 3500 3500 3500 3500 3500 3500 3500 3500 3500 3500 3500 3500 3500 3500
 15  -0.676 3500 3500 3500 3500 3500 3500 3500 3500 3500 3500 3500 3500 3500 3500 3500 3500 3500
 16  -0.735 3500 3500 3500 3500 3500 3500 3500 3500 3500 3500 3500 3500 3500 3500 3500 3500 3500
 17  -0.794 3500 3500 3500 3500 3500 3500 3500 3500 3500 3500 3500 3500 3500 3500 3500 3500 3500
 18  -0.853 3500 3500 3500 3500 3500 3500 3500 3500 3500 3500 3500 3500 3500 3500 3500 3500 3500
 19  -0.912 3500 3500 3500 3500 3500 3500 3500 3500 3500 3500 3500 3500 3500 3500 3500 3500 3500
 20  -0.971 3500 3500 3500 3500 3500 3500 3500 3500 3500 3500 3500 3500 3500 3500 3500 3500 3500
 21  -1.029    0    0    0    0    0    0    0    0    0    0    0    0    0    0    0    0    0




 Section j = 48

    i =      1    5    9   13   17   21   25   29   33   37   41   45   49   53   57   61   65
        d = 4500 4500 4499 4499 4499 4499 4499 4500 4500 4500 4500 4500 4500 4500 4500 4500 4499
  1  -0.004 3500 3500 3500 3500 3500 3500 3500 3500 3500 3500 3500 3500 3500 3500 3500 3500 3500
  2  -0.011 3500 3500 3500 3500 3500 3500 3500 3500 3500 3500 3500 3500 3500 3500 3500 3500 3500
  3  -0.022 3500 3500 3500 3500 3500 3500 3500 3500 3500 3500 3500 3500 3500 3500 3500 3500 3500
  4  -0.044 3500 3500 3500 3500 3500 3500 3500 3500 3500 3500 3500 3500 3500 3500 3500 3500 3500
  5  -0.088 3500 3500 3500 3500 3500 3500 3500 3500 3500 3500 3500 3500 3500 3500 3500 3500 3500
  6  -0.147 3500 3500 3500 3500 3500 3500 3500 3500 3500 3500 3500 3500 3500 3500 3500 3500 3500
  7  -0.206 3500 3500 3500 3500 3500 3500 3500 3500 3500 3500 3500 3500 3500 3500 3500 3500 3500
  8  -0.265 3500 3500 3500 3500 3500 3500 3500 3500 3500 3500 3500 3500 3500 3500 3500 3500 3500
  9  -0.324 3500 3500 3500 3500 3500 3500 3500 3500 3500 3500 3500 3500 3500 3500 3500 3500 3500
 10  -0.382 3500 3500 3500 3500 3500 3500 3500 3500 3500 3500 3500 3500 3500 3500 3500 3500 3500
 11  -0.441 3500 3500 3500 3500 3500 3500 3500 3500 3500 3500 3500 3500 3500 3500 3500 3500 3500
 12  -0.500 3500 3500 3500 3500 3500 3500 3500 3500 3500 3500 3500 3500 3500 3500 3500 3500 3500
 13  -0.559 3500 3500 3500 3500 3500 3500 3500 3500 3500 3500 3500 3500 3500 3500 3500 3500 3500
 14  -0.618 3500 3500 3500 3500 3500 3500 3500 3500 3500 3500 3500 3500 3500 3500 3500 3500 3500
 15  -0.676 3500 3500 3500 3500 3500 3500 3500 3500 3500 3500 3500 3500 3500 3500 3500 3500 3500
 16  -0.735 3500 3500 3500 3500 3500 3500 3500 3500 3500 3500 3500 3500 3500 3500 3500 3500 3500
 17  -0.794 3500 3500 3500 3500 3500 3500 3500 3500 3500 3500 3500 3500 3500 3500 3500 3500 3500
 18  -0.853 3500 3500 3500 3500 3500 3500 3500 3500 3500 3500 3500 3500 3500 3500 3500 3500 3500
 19  -0.912 3500 3500 3500 3500 3500 3500 3500 3500 3500 3500 3500 3500 3500 3500 3500 3500 3500
 20  -0.971 3500 3500 3500 3500 3500 3500 3500 3500 3500 3500 3500 3500 3500 3500 3500 3500 3500
 21  -1.029    0    0    0    0    0    0    0    0    0    0    0    0    0    0    0    0    0



 (density-1000)/rhoref, rho              

 Time =    0.0125 days    multiply all values by 1.00E-05

 Section j =  1

    i =      1    5    9   13   17   21   25   29   33   37   41   45   49   53   57   61   65
        d =    1    1    1    1    1    1    1    1    1    1    1    1    1    1    1    1    1
  1  -0.004    0    0    0    0    0    0    0    0    0    0    0    0    0    0    0    0    0
  2  -0.011    0    0    0    0    0    0    0    0    0    0    0    0    0    0    0    0    0
  3  -0.022    0    0    0    0    0    0    0    0    0    0    0    0    0    0    0    0    0
  4  -0.044    0    0    0    0    0    0    0    0    0    0    0    0    0    0    0    0    0
  5  -0.088    0    0    0    0    0    0    0    0    0    0    0    0    0    0    0    0    0
  6  -0.147    0    0    0    0    0    0    0    0    0    0    0    0    0    0    0    0    0
  7  -0.206    0    0    0    0    0    0    0    0    0    0    0    0    0    0    0    0    0
  8  -0.265    0    0    0    0    0    0    0    0    0    0    0    0    0    0    0    0    0
  9  -0.324    0    0    0    0    0    0    0    0    0    0    0    0    0    0    0    0    0
 10  -0.382    0    0    0    0    0    0    0    0    0    0    0    0    0    0    0    0    0
 11  -0.441    0    0    0    0    0    0    0    0    0    0    0    0    0    0    0    0    0
 12  -0.500    0    0    0    0    0    0    0    0    0    0    0    0    0    0    0    0    0
 13  -0.559    0    0    0    0    0    0    0    0    0    0    0    0    0    0    0    0    0
 14  -0.618    0    0    0    0    0    0    0    0    0    0    0    0    0    0    0    0    0
 15  -0.676    0    0    0    0    0    0    0    0    0    0    0    0    0    0    0    0    0
 16  -0.735    0    0    0    0    0    0    0    0    0    0    0    0    0    0    0    0    0
 17  -0.794    0    0    0    0    0    0    0    0    0    0    0    0    0    0    0    0    0
 18  -0.853    0    0    0    0    0    0    0    0    0    0    0    0    0    0    0    0    0
 19  -0.912    0    0    0    0    0    0    0    0    0    0    0    0    0    0    0    0    0
 20  -0.971    0    0    0    0    0    0    0    0    0    0    0    0    0    0    0    0    0
 21  -1.029    0    0    0    0    0    0    0    0    0    0    0    0    0    0    0    0    0




 Section j = 24

    i =      1    5    9   13   17   21   25   29   33   37   41   45   49   53   57   61   65
        d = 4500 4500 4500 4500 4499 4435 3793 1892  552 1892 3793 4435 4498 4500 4500 4500 4500
  1  -0.004 2429 2429 2429 2429 2429 2429 2427 2422 2418 2422 2427 2429 2429 2429 2429 2429 2429
  2  -0.011 2455 2455 2455 2455 2455 2455 2449 2433 2421 2433 2449 2455 2455 2455 2455 2455 2455
  3  -0.022 2494 2494 2494 2494 2494 2493 2482 2449 2426 2449 2482 2493 2494 2494 2494 2494 2494
  4  -0.044 2567 2567 2567 2567 2567 2565 2545 2482 2436 2481 2544 2565 2567 2567 2567 2567 2567
  5  -0.088 2703 2703 2703 2703 2703 2699 2662 2545 2455 2543 2661 2699 2703 2703 2703 2703 2703
  6  -0.147 2866 2866 2866 2866 2866 2861 2804 2624 2480 2622 2804 2861 2866 2866 2866 2866 2866
  7  -0.206 3017 3017 3017 3017 3016 3009 2936 2699 2505 2697 2935 3009 3016 3017 3017 3017 3017
  8  -0.265 3157 3157 3157 3157 3157 3148 3059 2770 2529 2767 3058 3148 3157 3157 3157 3157 3157
  9  -0.324 3291 3291 3291 3291 3291 3280 3176 2839 2553 2835 3175 3280 3291 3291 3291 3291 3291
 10  -0.382 3420 3420 3420 3420 3419 3408 3288 2904 2577 2901 3288 3408 3419 3420 3420 3420 3420
 11  -0.441 3545 3545 3545 3545 3544 3531 3397 2967 2600 2964 3397 3531 3544 3545 3545 3545 3545
 12  -0.500 3667 3667 3667 3667 3666 3652 3503 3029 2623 3026 3503 3652 3666 3667 3667 3667 3667
 13  -0.559 3786 3786 3786 3786 3786 3770 3607 3089 2645 3085 3607 3770 3786 3786 3786 3786 3786
 14  -0.618 3904 3904 3904 3904 3904 3886 3709 3147 2667 3144 3709 3886 3904 3904 3904 3904 3904
 15  -0.676 4020 4020 4020 4020 4020 4001 3810 3204 2688 3201 3809 4001 4020 4020 4020 4020 4020
 16  -0.735 4135 4135 4135 4135 4134 4114 3909 3260 2710 3257 3908 4114 4134 4135 4135 4135 4135
 17  -0.794 4248 4248 4248 4248 4248 4226 4006 3315 2731 3312 4006 4226 4248 4248 4248 4248 4248
 18  -0.853 4360 4360 4360 4360 4360 4337 4103 3370 2751 3367 4103 4337 4360 4360 4360 4360 4360
 19  -0.912 4471 4471 4471 4471 4471 4447 4199 3423 2772 3420 4199 4447 4471 4471 4471 4471 4471
 20  -0.971 4582 4582 4582 4582 4581 4555 4294 3476 2792 3473 4294 4555 4581 4582 4582 4582 4582
 21  -1.029    0    0    0    0    0    0    0    0    0    0    0    0    0    0    0    0    0




 Section j = 48

    i =      1    5    9   13   17   21   25   29   33   37   41   45   49   53   57   61   65
        d = 4500 4500 4499 4499 4499 4499 4499 4500 4500 4500 4500 4500 4500 4500 4500 4500 4499
  1  -0.004 2429 2429 2429 2429 2429 2429 2429 2429 2429 2429 2429 2429 2429 2429 2429 2429 2429
  2  -0.011 2455 2455 2455 2455 2455 2455 2455 2455 2455 2455 2455 2455 2455 2455 2455 2455 2455
  3  -0.022 2494 2494 2494 2494 2494 2494 2494 2494 2494 2494 2494 2494 2494 2494 2494 2494 2494
  4  -0.044 2567 2567 2567 2567 2567 2567 2567 2567 2567 2567 2567 2567 2567 2567 2567 2567 2567
  5  -0.088 2703 2703 2703 2703 2703 2703 2703 2703 2703 2703 2703 2703 2703 2703 2703 2703 2703
  6  -0.147 2866 2866 2866 2866 2866 2866 2866 2866 2866 2866 2866 2866 2866 2866 2866 2866 2866
  7  -0.206 3017 3017 3017 3017 3017 3017 3017 3017 3017 3017 3017 3017 3017 3017 3017 3017 3017
  8  -0.265 3157 3157 3157 3157 3157 3157 3157 3157 3157 3157 3157 3157 3157 3157 3157 3157 3157
  9  -0.324 3291 3291 3291 3291 3291 3291 3291 3291 3291 3291 3291 3291 3291 3291 3291 3291 3291
 10  -0.382 3420 3420 3420 3420 3420 3420 3420 3420 3420 3420 3420 3420 3420 3420 3420 3420 3420
 11  -0.441 3545 3545 3545 3545 3545 3545 3545 3545 3545 3545 3545 3545 3545 3545 3545 3545 3545
 12  -0.500 3667 3667 3667 3667 3667 3667 3667 3667 3667 3667 3667 3667 3667 3667 3667 3667 3667
 13  -0.559 3786 3786 3786 3786 3786 3786 3786 3786 3786 3786 3786 3786 3786 3786 3786 3786 3786
 14  -0.618 3904 3904 3904 3904 3904 3904 3904 3904 3904 3904 3904 3904 3904 3904 3904 3904 3904
 15  -0.676 4020 4020 4020 4020 4020 4020 4020 4020 4020 4020 4020 4020 4020 4020 4020 4020 4020
 16  -0.735 4135 4135 4135 4135 4135 4135 4135 4135 4135 4135 4135 4135 4135 4135 4135 4135 4135
 17  -0.794 4248 4248 4248 4248 4248 4248 4248 4248 4248 4248 4248 4248 4248 4248 4248 4248 4248
 18  -0.853 4360 4360 4360 4360 4360 4360 4360 4360 4360 4360 4360 4360 4360 4360 4360 4360 4360
 19  -0.912 4471 4471 4471 4471 4471 4471 4471 4471 4471 4471 4471 4471 4471 4471 4471 4471 4471
 20  -0.971 4582 4582 4582 4582 4582 4582 4582 4582 4582 4582 4582 4582 4582 4582 4582 4582 4582
 21  -1.029    0    0    0    0    0    0    0    0    0    0    0    0    0    0    0    0    0



 x-velocity, u                           

 Time =    0.0125 days    multiply all values by 1.00E-04

 Section i =  1

    j =      1    4    7   10   13   16   19   22   25   28   31   34   37   40   43   46   49
        d =    1 4501 4500 4500 4500 4500 4500 4500 4500 4500 4500 4500 4500 4500 4500 4500    1
  1  -0.004    0    0    0    0    0    0    0    0    0    0    0    0    0    0    0    0    0
  2  -0.011    0    0    0    0    0    0    0    0    0    0    0    0    0    0    0    0    0
  3  -0.022    0    0    0    0    0    0    0    0    0    0    0    0    0    0    0    0    0
  4  -0.044    0    0    0    0    0    0    0    0    0    0    0    0    0    0    0    0    0
  5  -0.088    0    0    0    0    0    0    0    0    0    0    0    0    0    0    0    0    0
  6  -0.147    0    0    0    0    0    0    0    0    0    0    0    0    0    0    0    0    0
  7  -0.206    0    0    0    0    0    0    0    0    0    0    0    0    0    0    0    0    0
  8  -0.265    0    0    0    0    0    0    0    0    0    0    0    0    0    0    0    0    0
  9  -0.324    0    0    0    0    0    0    0    0    0    0    0    0    0    0    0    0    0
 10  -0.382    0    0    0    0    0    0    0    0    0    0    0    0    0    0    0    0    0
 11  -0.441    0    0    0    0    0    0    0    0    0    0    0    0    0    0    0    0    0
 12  -0.500    0    0    0    0    0    0    0    0    0    0    0    0    0    0    0    0    0
 13  -0.559    0    0    0    0    0    0    0    0    0    0    0    0    0    0    0    0    0
 14  -0.618    0    0    0    0    0    0    0    0    0    0    0    0    0    0    0    0    0
 15  -0.676    0    0    0    0    0    0    0    0    0    0    0    0    0    0    0    0    0
 16  -0.735    0    0    0    0    0    0    0    0    0    0    0    0    0    0    0    0    0
 17  -0.794    0    0    0    0    0    0    0    0    0    0    0    0    0    0    0    0    0
 18  -0.853    0    0    0    0    0    0    0    0    0    0    0    0    0    0    0    0    0
 19  -0.912    0    0    0    0    0    0    0    0    0    0    0    0    0    0    0    0    0
 20  -0.971    0    0    0    0    0    0    0    0    0    0    0    0    0    0    0    0    0
 21  -1.029    0    0    0    0    0    0    0    0    0    0    0    0    0    0    0    0    0




 Section i = 32

    j =      1    4    7   10   13   16   19   22   25   28   31   34   37   40   43   46   49
        d =    1 4500 4500 4498 4453 4107 2999 1374  552 1373 2999 4106 4452 4498 4500 4500    1
  1  -0.004    0 2066 2131 2212 2311 2481 2812 3374 3808 3467 2878 2534 2365 2274 2202 2143    0
  2  -0.011    0 2097 2161 2238 2334 2500 2830 3393 3808 3448 2860 2514 2342 2248 2173 2112    0
  3  -0.022    0 2097 2161 2238 2334 2500 2830 3393 3808 3448 2860 2514 2342 2248 2173 2112    0
  4  -0.044    0 2097 2161 2238 2334 2500 2830 3393 3808 3448 2860 2515 2342 2248 2173 2112    0
  5  -0.088    0 2097 2161 2238 2334 2500 2830 3393 3807 3449 2861 2515 2342 2248 2173 2112    0
  6  -0.147    0 2097 2161 2238 2334 2501 2831 3394 3805 3450 2862 2515 2342 2248 2173 2112    0
  7  -0.206    0 2097 2161 2239 2334 2501 2833 3396 3803 3451 2863 2515 2342 2248 2173 2112    0
  8  -0.265    0 2097 2161 2239 2334 2501 2834 3398 3801 3452 2864 2516 2342 2248 2173 2112    0
  9  -0.324    0 2097 2161 2239 2334 2502 2835 3399 3798 3454 2866 2516 2342 2248 2173 2112    0
 10  -0.382    0 2097 2161 2239 2334 2502 2836 3401 3794 3456 2867 2516 2342 2248 2173 2112    0
 11  -0.441    0 2097 2161 2239 2334 2502 2838 3403 3790 3458 2868 2517 2342 2248 2173 2112    0
 12  -0.500    0 2097 2161 2239 2334 2503 2839 3405 3786 3460 2869 2517 2342 2248 2173 2112    0
 13  -0.559    0 2097 2161 2239 2334 2503 2840 3408 3782 3461 2870 2517 2343 2248 2173 2112    0
 14  -0.618    0 2097 2161 2239 2334 2503 2841 3410 3777 3463 2871 2517 2343 2248 2173 2112    0
 15  -0.676    0 2097 2161 2239 2334 2503 2841 3412 3773 3465 2872 2517 2343 2248 2173 2112    0
 16  -0.735    0 2097 2161 2239 2334 2503 2842 3414 3768 3467 2872 2517 2343 2248 2173 2112    0
 17  -0.794    0 2097 2161 2239 2334 2504 2843 3416 3763 3468 2873 2518 2343 2248 2173 2112    0
 18  -0.853    0 2097 2161 2239 2334 2504 2843 3418 3758 3470 2874 2518 2343 2248 2173 2112    0
 19  -0.912    0 2097 2161 2239 2334 2504 2844 3420 3753 3472 2874 2518 2343 2248 2173 2112    0
 20  -0.971    0 2093 2156 2234 2329 2497 2833 3389 3663 3441 2863 2511 2338 2243 2169 2108    0
 21  -1.029    0    0    0    0    0    0    0    0    0    0    0    0    0    0    0    0    0




 Section i = 64

    j =      1    4    7   10   13   16   19   22   25   28   31   34   37   40   43   46   49
        d =    1 4500 4500 4500 4500 4500 4500 4500 4500 4500 4500 4500 4500 4500 4500 4499    1
  1  -0.004    0 1834 1901 2003 2098 2157 2187 2202 2209 2209 2199 2173 2118 2025 1913 1841    0
  2  -0.011    0 1865 1930 2030 2120 2175 2200 2208 2209 2203 2187 2155 2096 1998 1884 1810    0
  3  -0.022    0 1865 1930 2030 2120 2175 2200 2208 2209 2203 2187 2155 2096 1998 1884 1810    0
  4  -0.044    0 1865 1930 2030 2120 2175 2200 2208 2209 2203 2187 2155 2096 1998 1884 1810    0
  5  -0.088    0 1865 1930 2030 2120 2175 2200 2208 2209 2203 2187 2155 2096 1998 1884 1810    0
  6  -0.147    0 1865 1930 2030 2120 2175 2200 2208 2209 2203 2187 2155 2096 1998 1884 1810    0
  7  -0.206    0 1865 1930 2030 2120 2175 2200 2208 2209 2203 2187 2155 2096 1998 1884 1810    0
  8  -0.265    0 1865 1930 2030 2120 2175 2200 2208 2209 2203 2187 2155 2096 1999 1884 1810    0
  9  -0.324    0 1865 1930 2030 2120 2175 2200 2208 2209 2203 2187 2155 2096 1999 1884 1810    0
 10  -0.382    0 1865 1930 2030 2120 2175 2200 2208 2209 2203 2187 2155 2096 1999 1884 1810    0
 11  -0.441    0 1865 1930 2030 2120 2175 2200 2208 2209 2203 2187 2155 2096 1999 1884 1810    0
 12  -0.500    0 1865 1930 2030 2120 2175 2200 2208 2209 2203 2187 2155 2096 1999 1884 1810    0
 13  -0.559    0 1865 1930 2030 2120 2175 2200 2208 2209 2203 2187 2155 2096 1999 1884 1810    0
 14  -0.618    0 1865 1930 2030 2120 2175 2200 2208 2209 2203 2187 2155 2096 1999 1884 1810    0
 15  -0.676    0 1865 1930 2030 2120 2175 2200 2208 2209 2203 2187 2155 2096 1999 1884 1810    0
 16  -0.735    0 1865 1930 2030 2120 2175 2200 2208 2209 2203 2187 2155 2096 1999 1884 1810    0
 17  -0.794    0 1865 1930 2030 2120 2174 2200 2208 2209 2203 2187 2155 2096 1999 1884 1810    0
 18  -0.853    0 1865 1930 2030 2120 2174 2200 2208 2209 2203 2187 2155 2096 1999 1884 1810    0
 19  -0.912    0 1865 1930 2030 2120 2174 2200 2208 2209 2203 2187 2155 2096 1999 1884 1810    0
 20  -0.971    0 1861 1927 2026 2116 2171 2196 2204 2205 2199 2183 2151 2092 1995 1880 1806    0
 21  -1.029    0    0    0    0    0    0    0    0    0    0    0    0    0    0    0    0    0



 y-velocity, v                           

 Time =    0.0125 days    multiply all values by 1.00E-05

 Section i =  1

    j =      1    4    7   10   13   16   19   22   25   28   31   34   37   40   43   46   49
        d =    1 4501 4500 4500 4500 4500 4500 4500 4500 4500 4500 4500 4500 4500 4500 4500    1
  1  -0.004    0    0    0    0    0    0    0    0    0    0    0    0    0    0    0    0    0
  2  -0.011    0    0    0    0    0    0    0    0    0    0    0    0    0    0    0    0    0
  3  -0.022    0    0    0    0    0    0    0    0    0    0    0    0    0    0    0    0    0
  4  -0.044    0    0    0    0    0    0    0    0    0    0    0    0    0    0    0    0    0
  5  -0.088    0    0    0    0    0    0    0    0    0    0    0    0    0    0    0    0    0
  6  -0.147    0    0    0    0    0    0    0    0    0    0    0    0    0    0    0    0    0
  7  -0.206    0    0    0    0    0    0    0    0    0    0    0    0    0    0    0    0    0
  8  -0.265    0    0    0    0    0    0    0    0    0    0    0    0    0    0    0    0    0
  9  -0.324    0    0    0    0    0    0    0    0    0    0    0    0    0    0    0    0    0
 10  -0.382    0    0    0    0    0    0    0    0    0    0    0    0    0    0    0    0    0
 11  -0.441    0    0    0    0    0    0    0    0    0    0    0    0    0    0    0    0    0
 12  -0.500    0    0    0    0    0    0    0    0    0    0    0    0    0    0    0    0    0
 13  -0.559    0    0    0    0    0    0    0    0    0    0    0    0    0    0    0    0    0
 14  -0.618    0    0    0    0    0    0    0    0    0    0    0    0    0    0    0    0    0
 15  -0.676    0    0    0    0    0    0    0    0    0    0    0    0    0    0    0    0    0
 16  -0.735    0    0    0    0    0    0    0    0    0    0    0    0    0    0    0    0    0
 17  -0.794    0    0    0    0    0    0    0    0    0    0    0    0    0    0    0    0    0
 18  -0.853    0    0    0    0    0    0    0    0    0    0    0    0    0    0    0    0    0
 19  -0.912    0    0    0    0    0    0    0    0    0    0    0    0    0    0    0    0    0
 20  -0.971    0    0    0    0    0    0    0    0    0    0    0    0    0    0    0    0    0
 21  -1.029    0    0    0    0    0    0    0    0    0    0    0    0    0    0    0    0    0




 Section i = 32

    j =      1    4    7   10   13   16   19   22   25   28   31   34   37   40   43   46   49
        d =    1 4500 4500 4498 4453 4107 2999 1374  552 1373 2999 4106 4452 4498 4500 4500    1
  1  -0.004    0 -173 -384 -450 -559-1002-2113-4729-5151 1999 1296  555  155  -34 -105  -57    0
  2  -0.011    0 -186 -396 -461 -568-1010-2120-4737-5154 2006 1303  562  164  -23  -93  -44    0
  3  -0.022    0 -186 -396 -461 -568-1010-2121-4738-5154 2007 1303  562  164  -23  -93  -44    0
  4  -0.044    0 -186 -396 -461 -568-1011-2122-4742-5156 2011 1306  563  164  -23  -93  -44    0
  5  -0.088    0 -186 -396 -461 -568-1012-2127-4755-5162 2027 1314  566  164  -23  -93  -44    0
  6  -0.147    0 -186 -396 -461 -568-1014-2136-4782-5176 2062 1331  571  165  -23  -93  -44    0
  7  -0.206    0 -186 -396 -461 -569-1015-2146-4817-5197 2108 1352  576  167  -23  -93  -44    0
  8  -0.265    0 -186 -396 -461 -569-1017-2156-4858-5222 2165 1374  582  168  -23  -93  -44    0
  9  -0.324    0 -186 -396 -461 -569-1019-2167-4903-5251 2229 1397  587  169  -23  -93  -44    0
 10  -0.382    0 -186 -396 -461 -569-1021-2176-4950-5285 2299 1419  592  170  -23  -93  -44    0
 11  -0.441    0 -186 -396 -461 -569-1022-2185-4999-5322 2374 1440  596  171  -23  -93  -44    0
 12  -0.500    0 -186 -396 -461 -569-1023-2193-5047-5362 2451 1460  600  171  -23  -93  -43    0
 13  -0.559    0 -186 -396 -461 -569-1024-2201-5095-5404 2531 1479  603  172  -24  -93  -43    0
 14  -0.618    0 -186 -396 -461 -569-1025-2207-5143-5449 2612 1496  607  173  -23  -93  -43    0
 15  -0.676    0 -186 -396 -461 -569-1025-2213-5188-5495 2694 1512  609  174  -24  -93  -43    0
 16  -0.735    0 -186 -396 -461 -569-1026-2218-5232-5543 2775 1526  612  174  -24  -93  -43    0
 17  -0.794    0 -186 -396 -460 -569-1026-2222-5274-5591 2856 1540  613  174  -24  -93  -43    0
 18  -0.853    0 -186 -396 -460 -569-1027-2226-5314-5641 2937 1552  615  175  -24  -93  -43    0
 19  -0.912    0 -186 -396 -460 -570-1027-2229-5353-5692 3015 1562  616  175  -24  -93  -43    0
 20  -0.971    0 -184 -393 -457 -566-1021-2218-5325-5474 3069 1571  619  177  -22  -91  -41    0
 21  -1.029    0    0    0    0    0    0    0    0    0    0    0    0    0    0    0    0    0




 Section i = 64

    j =      1    4    7   10   13   16   19   22   25   28   31   34   37   40   43   46   49
        d =    1 4500 4500 4500 4500 4500 4500 4500 4500 4500 4500 4500 4500 4500 4500 4499    1
  1  -0.004    0 -279 -542 -524 -401 -329 -307 -300 -303 -293 -287 -288 -255 -131   62  126    0
  2  -0.011    0 -290 -553 -535 -410 -336 -312 -303 -304 -291 -283 -281 -247 -121   73  138    0
  3  -0.022    0 -290 -553 -535 -410 -336 -312 -303 -304 -291 -283 -281 -247 -121   73  138    0
  4  -0.044    0 -290 -553 -535 -410 -336 -312 -303 -303 -291 -283 -281 -247 -121   73  138    0
  5  -0.088    0 -290 -553 -535 -410 -336 -313 -303 -303 -291 -283 -281 -247 -121   73  138    0
  6  -0.147    0 -290 -553 -535 -410 -336 -313 -303 -303 -291 -283 -282 -247 -121   73  138    0
  7  -0.206    0 -290 -553 -535 -410 -336 -313 -303 -303 -292 -283 -282 -247 -121   73  138    0
  8  -0.265    0 -290 -553 -535 -410 -336 -313 -303 -303 -292 -283 -282 -247 -121   73  138    0
  9  -0.324    0 -290 -553 -535 -410 -336 -313 -303 -302 -292 -284 -282 -247 -120   73  138    0
 10  -0.382    0 -290 -553 -535 -411 -336 -313 -304 -302 -292 -284 -282 -248 -120   73  138    0
 11  -0.441    0 -290 -553 -535 -411 -336 -313 -304 -302 -292 -284 -282 -248 -120   73  138    0
 12  -0.500    0 -290 -553 -535 -411 -336 -313 -304 -302 -292 -284 -282 -248 -120   73  138    0
 13  -0.559    0 -290 -553 -535 -411 -336 -313 -304 -302 -292 -284 -282 -248 -120   73  138    0
 14  -0.618    0 -290 -552 -535 -411 -336 -313 -304 -301 -292 -284 -282 -248 -120   73  138    0
 15  -0.676    0 -290 -552 -535 -411 -336 -313 -304 -301 -292 -284 -282 -248 -119   73  138    0
 16  -0.735    0 -290 -552 -535 -411 -336 -313 -304 -301 -292 -284 -283 -248 -119   73  138    0
 17  -0.794    0 -290 -552 -536 -411 -336 -313 -304 -301 -293 -284 -283 -248 -119   73  138    0
 18  -0.853    0 -290 -552 -536 -412 -336 -313 -305 -300 -293 -284 -283 -249 -119   73  138    0
 19  -0.912    0 -290 -552 -536 -412 -336 -313 -305 -300 -293 -284 -283 -249 -118   73  138    0
 20  -0.971    0 -289 -550 -534 -410 -335 -311 -303 -298 -291 -282 -281 -247 -116   75  140    0
 21  -1.029    0    0    0    0    0    0    0    0    0    0    0    0    0    0    0    0    0



 z-velocity, w                           

 Time =    0.0125 days    multiply all values by 1.00E-07

 Section i =  1

    j =      1    4    7   10   13   16   19   22   25   28   31   34   37   40   43   46   49
        d =    1 4501 4500 4500 4500 4500 4500 4500 4500 4500 4500 4500 4500 4500 4500 4500    1
  1  -0.004    0    0    0    0    0    0    0    0    0    0    0    0    0    0    0    0    0
  2  -0.011    0    0    0    0    0    0    0    0    0    0    0    0    0    0    0    0    0
  3  -0.022    0    0    0    0    0    0    0    0    0    0    0    0    0    0    0    0    0
  4  -0.044    0    0    0    0    0    0    0    0    0    0    0    0    0    0    0    0    0
  5  -0.088    0    0    0    0    0    0    0    0    0    0    0    0    0    0    0    0    0
  6  -0.147    0    0    0    0    0    0    0    0    0    0    0    0    0    0    0    0    0
  7  -0.206    0    0    0    0    0    0    0    0    0    0    0    0    0    0    0    0    0
  8  -0.265    0    0    0    0    0    0    0    0    0    0    0    0    0    0    0    0    0
  9  -0.324    0    0    0    0    0    0    0    0    0    0    0    0    0    0    0    0    0
 10  -0.382    0    0    0    0    0    0    0    0    0    0    0    0    0    0    0    0    0
 11  -0.441    0    0    0    0    0    0    0    0    0    0    0    0    0    0    0    0    0
 12  -0.500    0    0    0    0    0    0    0    0    0    0    0    0    0    0    0    0    0
 13  -0.559    0    0    0    0    0    0    0    0    0    0    0    0    0    0    0    0    0
 14  -0.618    0    0    0    0    0    0    0    0    0    0    0    0    0    0    0    0    0
 15  -0.676    0    0    0    0    0    0    0    0    0    0    0    0    0    0    0    0    0
 16  -0.735    0    0    0    0    0    0    0    0    0    0    0    0    0    0    0    0    0
 17  -0.794    0    0    0    0    0    0    0    0    0    0    0    0    0    0    0    0    0
 18  -0.853    0    0    0    0    0    0    0    0    0    0    0    0    0    0    0    0    0
 19  -0.912    0    0    0    0    0    0    0    0    0    0    0    0    0    0    0    0    0
 20  -0.971    0    0    0    0    0    0    0    0    0    0    0    0    0    0    0    0    0
 21  -1.029    0    0    0    0    0    0    0    0    0    0    0    0    0    0    0    0    0




 Section i = 32

    j =      1    4    7   10   13   16   19   22   25   28   31   34   37   40   43   46   49
        d =    1 4500 4500 4498 4453 4107 2999 1374  552 1373 2999 4106 4452 4498 4500 4500    1
  1  -0.004    0    0    0    0    0    0    0    0    0    0    0    0    0    0    0    0    0
  2  -0.011    0   -2   -1    0   -1   -1    0  -38  -91  -47   -3    3    3    1   -4   -1    0
  3  -0.022    0   -3   -3    0   -1   -1    0  -76 -180  -93   -6    7    6    1   -9   -2    0
  4  -0.044    0   -6   -5    1   -2   -1    1 -151 -360 -185  -11   14   13    3  -17   -3    0
  5  -0.088    0  -12  -11    3   -4   -2    4 -298 -717 -368  -21   28   26    6  -33   -6    0
  6  -0.147    0  -22  -22    7   -8   -6   11 -577-1410 -714  -35   52   50   13  -62  -11    0
  7  -0.206    0  -31  -33   10  -11  -11   23 -824-2060-1023  -42   75   73   19  -87  -15    0
  8  -0.265    0  -39  -42   12  -13  -17   38-1030-2647-1285  -43   96   96   23 -107  -19    0
  9  -0.324    0  -48  -50   12  -15  -21   53-1190-3155-1492  -38  113  117   26 -123  -24    0
 10  -0.382    0  -55  -57    9  -17  -26   67-1301-3571-1642  -31  127  133   27 -135  -27    0
 11  -0.441    0  -59  -63    6  -17  -28   80-1364-3882-1733  -22  139  142   27 -144  -30    0
 12  -0.500    0  -62  -66    6  -19  -29   89-1380-4078-1766  -12  147  146   30 -149  -31    0
 13  -0.559    0  -63  -69    8  -23  -29   96-1351-4148-1742   -1  153  143   33 -151  -30    0
 14  -0.618    0  -61  -69   10  -29  -28   99-1280-4085-1664    9  154  135   34 -148  -28    0
 15  -0.676    0  -56  -66   11  -35  -27   99-1171-3882-1534   20  146  121   33 -139  -24    0
 16  -0.735    0  -50  -60   11  -40  -26   95-1027-3533-1358   29  131  107   32 -127  -21    0
 17  -0.794    0  -42  -52   12  -41  -23   85 -854-3033-1138   34  113   91   30 -110  -16    0
 18  -0.853    0  -34  -43   11  -36  -19   72 -654-2379 -879   35   91   73   26  -90  -11    0
 19  -0.912    0  -24  -32    9  -27  -12   55 -433-1565 -583   31   65   52   20  -66   -7    0
 20  -0.971    0  -13  -17    5  -15   -4   34 -193 -591 -254   26   38   28   11  -36   -3    0
 21  -1.029    0    0    0    0    0    0    0    0    0    0    0    0    0    0    0    1    0




 Section i = 64

    j =      1    4    7   10   13   16   19   22   25   28   31   34   37   40   43   46   49
        d =    1 4500 4500 4500 4500 4500 4500 4500 4500 4500 4500 4500 4500 4500 4500 4499    1
  1  -0.004    0    0    0    0    0    0    0    0    0    0    0    0    0    0    0    0    0
  2  -0.011    0    7    6    5    3    5    5   -2    0    0   -2   -6   -7   -4   -7   -8    0
  3  -0.022    0    7    6    5    2    7    8   -4    0    2    0   -9   -9   -3   -8   -9    0
  4  -0.044    0    7    6    5    0   11   14   -9    1    6    2  -13  -13   -1  -10  -11    0
  5  -0.088    0    7    6    5   -4   18   25  -19    2   13    7  -22  -21    4  -13  -15    0
  6  -0.147    0    7    7    6  -13   32   44  -36    5   26   15  -39  -35   12  -19  -23    0
  7  -0.206    0    6    7    5  -20   45   61  -50    7   37   22  -53  -47   19  -23  -30    0
  8  -0.265    0    6    7    5  -27   56   75  -62    7   48   28  -65  -56   25  -27  -35    0
  9  -0.324    0    6    8    4  -33   66   88  -72    6   57   33  -76  -65   30  -30  -40    0
 10  -0.382    0    5    8    4  -38   74   99  -80    4   65   37  -86  -73   34  -33  -44    0
 11  -0.441    0    5    8    4  -42   80  106  -84    2   70   39  -93  -78   37  -35  -46    0
 12  -0.500    0    5    8    3  -44   82  110  -86    1   72   41  -96  -81   39  -36  -47    0
 13  -0.559    0    4    7    2  -44   83  111  -86   -1   73   41  -97  -81   40  -36  -47    0
 14  -0.618    0    3    6    0  -43   80  108  -83   -2   71   39  -95  -79   39  -34  -45    0
 15  -0.676    0    2    5   -1  -40   75  101  -78   -2   66   36  -91  -74   37  -32  -42    0
 16  -0.735    0    2    4   -2  -36   68   91  -72   -3   60   31  -83  -68   33  -29  -39    0
 17  -0.794    0    1    2   -3  -31   58   79  -64   -4   52   26  -73  -59   28  -25  -34    0
 18  -0.853    0    0    1   -4  -26   45   63  -53   -5   41   20  -61  -48   23  -20  -27    0
 19  -0.912    0    0    0   -5  -19   31   44  -40   -5   28   13  -46  -36   16  -15  -19    0
 20  -0.971    0   -1   -1   -4  -12   13   21  -24   -6   12    4  -27  -21    7   -9  -10    0
 21  -1.029    0    1    1    1    1    1    1    1    1    1    1    1    1    1    1    1    0



 Potential temperature, t                

 Time =    0.0125 days    multiply all values by 1.00E-02

 Section i =  1

    j =      1    4    7   10   13   16   19   22   25   28   31   34   37   40   43   46   49
        d =    1 4501 4500 4500 4500 4500 4500 4500 4500 4500 4500 4500 4500 4500 4500 4500    1
  1  -0.004    0 1975 1975 1975 1975 1975 1975 1975 1975 1975 1975 1975 1975 1975 1975 1975    0
  2  -0.011    0 1927 1927 1927 1927 1927 1927 1927 1927 1927 1927 1927 1927 1927 1927 1927    0
  3  -0.022    0 1858 1858 1858 1858 1858 1858 1858 1858 1858 1858 1858 1858 1858 1858 1858    0
  4  -0.044    0 1730 1730 1730 1730 1730 1730 1730 1730 1730 1730 1730 1730 1730 1730 1730    0
  5  -0.088    0 1508 1508 1508 1508 1508 1508 1508 1508 1508 1508 1508 1508 1508 1508 1508    0
  6  -0.147    0 1274 1274 1274 1274 1274 1274 1274 1274 1274 1274 1274 1274 1274 1274 1274    0
  7  -0.206    0 1094 1094 1094 1094 1094 1094 1094 1094 1094 1094 1094 1094 1094 1094 1094    0
  8  -0.265    0  956  956  956  956  956  956  956  956  956  956  956  956  956  956  956    0
  9  -0.324    0  850  850  850  850  850  850  850  850  850  850  850  850  850  850  850    0
 10  -0.382    0  768  768  768  768  768  768  768  768  768  768  768  768  768  768  768    0
 11  -0.441    0  706  706  706  706  706  706  706  706  706  706  706  706  706  706  706    0
 12  -0.500    0  658  658  658  658  658  658  658  658  658  658  658  658  658  658  658    0
 13  -0.559    0  621  621  621  621  621  621  621  621  621  621  621  621  621  621  621    0
 14  -0.618    0  593  593  593  593  593  593  593  593  593  593  593  593  593  593  593    0
 15  -0.676    0  571  571  571  571  571  571  571  571  571  571  571  571  571  571  571    0
 16  -0.735    0  555  555  555  555  555  555  555  555  555  555  555  555  555  555  555    0
 17  -0.794    0  542  542  542  542  542  542  542  542  542  542  542  542  542  542  542    0
 18  -0.853    0  532  532  532  532  532  532  532  532  532  532  532  532  532  532  532    0
 19  -0.912    0  525  525  525  525  525  525  525  525  525  525  525  525  525  525  525    0
 20  -0.971    0  519  519  519  519  519  519  519  519  519  519  519  519  519  519  519    0
 21  -1.029    0    0    0    0    0    0    0    0    0    0    0    0    0    0    0    0    0




 Section i = 32

    j =      1    4    7   10   13   16   19   22   25   28   31   34   37   40   43   46   49
        d =    1 4500 4500 4498 4453 4107 2999 1374  552 1373 2999 4106 4452 4498 4500 4500    1
  1  -0.004    0 1975 1975 1975 1976 1977 1983 1992 1997 1992 1983 1977 1976 1975 1975 1975    0
  2  -0.011    0 1927 1927 1927 1928 1934 1951 1977 1990 1977 1951 1934 1928 1927 1927 1927    0
  3  -0.022    0 1858 1858 1858 1860 1870 1904 1955 1981 1955 1904 1870 1860 1858 1858 1858    0
  4  -0.044    0 1730 1730 1730 1732 1751 1814 1911 1962 1911 1814 1751 1732 1730 1730 1730    0
  5  -0.088    0 1508 1508 1509 1513 1544 1651 1827 1925 1827 1651 1544 1513 1509 1508 1508    0
  6  -0.147    0 1274 1274 1274 1279 1320 1465 1723 1877 1723 1464 1320 1279 1274 1274 1274    0
  7  -0.206    0 1094 1094 1094 1100 1144 1308 1628 1830 1627 1308 1144 1100 1094 1094 1094    0
  8  -0.265    0  956  956  956  962 1006 1178 1539 1786 1538 1177 1006  962  956  956  956    0
  9  -0.324    0  850  850  850  855  897 1068 1458 1742 1457 1067  897  855  850  850  850    0
 10  -0.382    0  768  768  769  773  812  976 1383 1701 1382  976  812  773  769  768  768    0
 11  -0.441    0  706  706  706  710  745  899 1314 1660 1313  898  745  710  706  706  706    0
 12  -0.500    0  658  658  658  662  692  834 1250 1621 1249  834  692  662  658  658  658    0
 13  -0.559    0  621  621  621  625  651  780 1192 1584 1190  780  651  625  621  621  621    0
 14  -0.618    0  593  593  593  596  619  735 1138 1547 1136  735  619  596  593  593  593    0
 15  -0.676    0  571  571  572  574  593  697 1088 1512 1086  697  593  574  572  571  571    0
 16  -0.735    0  555  555  555  557  573  665 1042 1478 1040  665  573  557  555  555  555    0
 17  -0.794    0  542  542  542  544  557  638 1000 1445  998  638  557  544  542  542  542    0
 18  -0.853    0  532  532  532  534  545  616  961 1414  959  616  545  534  532  532  532    0
 19  -0.912    0  525  525  525  526  535  597  925 1383  923  597  535  526  525  525  525    0
 20  -0.971    0  519  519  519  520  528  581  892 1354  890  581  528  520  519  519  519    0
 21  -1.029    0    0    0    0    0    0    0    0    0    0    0    0    0    0    0    0    0




 Section i = 64

    j =      1    4    7   10   13   16   19   22   25   28   31   34   37   40   43   46   49
        d =    1 4500 4500 4500 4500 4500 4500 4500 4500 4500 4500 4500 4500 4500 4500 4499    1
  1  -0.004    0 1975 1975 1975 1975 1975 1975 1975 1975 1975 1975 1975 1975 1975 1975 1975    0
  2  -0.011    0 1927 1927 1927 1927 1927 1927 1927 1927 1927 1927 1927 1927 1927 1927 1927    0
  3  -0.022    0 1858 1858 1858 1858 1858 1858 1858 1858 1858 1858 1858 1858 1858 1858 1858    0
  4  -0.044    0 1730 1730 1730 1730 1730 1730 1730 1730 1730 1730 1730 1730 1730 1730 1730    0
  5  -0.088    0 1508 1508 1508 1508 1508 1508 1508 1508 1508 1508 1508 1508 1508 1508 1508    0
  6  -0.147    0 1274 1274 1274 1274 1274 1274 1274 1274 1274 1274 1274 1274 1274 1274 1274    0
  7  -0.206    0 1094 1094 1094 1094 1094 1094 1094 1094 1094 1094 1094 1094 1094 1094 1094    0
  8  -0.265    0  956  956  956  956  956  956  956  956  956  956  956  956  956  956  956    0
  9  -0.324    0  850  850  850  850  850  850  850  850  850  850  850  850  850  850  850    0
 10  -0.382    0  768  768  768  768  768  768  768  768  768  768  768  768  768  768  768    0
 11  -0.441    0  706  706  706  706  706  706  706  706  706  706  706  706  706  706  706    0
 12  -0.500    0  658  658  658  658  658  658  658  658  658  658  658  658  658  658  658    0
 13  -0.559    0  621  621  621  621  621  621  621  621  621  621  621  621  621  621  621    0
 14  -0.618    0  593  593  593  593  593  593  593  593  593  593  593  593  593  593  593    0
 15  -0.676    0  571  571  571  571  571  571  571  571  571  571  571  571  571  571  571    0
 16  -0.735    0  555  555  555  555  555  555  555  555  555  555  555  555  555  555  555    0
 17  -0.794    0  542  542  542  542  542  542  542  542  542  542  542  542  542  542  542    0
 18  -0.853    0  532  532  532  532  532  532  532  532  532  532  532  532  532  532  532    0
 19  -0.912    0  525  525  525  525  525  525  525  525  525  525  525  525  525  525  525    0
 20  -0.971    0  519  519  519  519  519  519  519  519  519  519  519  519  519  519  519    0
 21  -1.029    0    0    0    0    0    0    0    0    0    0    0    0    0    0    0    0    0



vtot =    0.3932879E+15   atot =    0.8916713E+11  eaver =  -0.7579611E-02
taver =   0.8340313E+01   saver =   0.3500068E+02  tsalt =   0.1376535E+17

*****************************************************************************************************************************

 time =   0.0250, iint =      12, iext =      31, iprint =       6


 Depth-averaged u, uab                   

 Time =    0.0250 days    multiply all values by 1.00E-04

      1    5    9   13   17   21   25   29   33   37   41   45   49   53   57   61   65
  49    0    0    0    0    0    0    0    0    0    0    0    0    0    0    0    0    0
  46    0 1997 2004 2030 2066 2097 2118 2129 2128 2124 2115 2098 2078 2062 2040 2039 2037
  43    0 1976 1992 2023 2063 2100 2128 2149 2156 2145 2122 2096 2073 2054 2030 2020 2014
  40    0 1967 1986 2011 2046 2092 2140 2189 2212 2186 2131 2084 2053 2035 2019 2006 1999
  37    0 1973 1981 1993 2016 2063 2141 2254 2321 2257 2131 2049 2017 2009 2006 2002 1999
  34    0 1981 1974 1972 1977 2005 2106 2347 2545 2375 2093 1980 1968 1981 1990 2000 2004
  31    0 1987 1968 1954 1934 1917 1992 2414 2984 2526 1977 1876 1916 1956 1978 1996 2007
  28    0 1990 1967 1942 1899 1824 1804 2266 3759 2516 1784 1777 1877 1939 1970 1992 2006
  25    0 1993 1969 1939 1885 1778 1681 1996 4471 2240 1686 1745 1866 1932 1965 1988 2003
  22    0 1997 1973 1946 1896 1804 1757 2213 3745 2561 1844 1807 1887 1938 1964 1985 1999
  19    0 2000 1981 1962 1928 1885 1925 2337 2967 2589 2054 1918 1931 1953 1968 1983 1992
  16    0 2002 1993 1983 1971 1974 2050 2293 2539 2424 2152 2016 1982 1974 1976 1980 1979
  13    0 2003 2005 2007 2013 2039 2107 2227 2322 2287 2167 2073 2024 1995 1985 1974 1966
  10    0 2008 2016 2029 2046 2076 2122 2178 2217 2204 2152 2098 2054 2015 1992 1971 1962
   7    0 2023 2027 2044 2067 2092 2121 2147 2163 2158 2135 2105 2071 2032 1999 1978 1968
   4    0 2042 2038 2052 2076 2096 2117 2132 2135 2134 2126 2106 2078 2043 2007 1993 1981
   1    0    0    0    0    0    0    0    0    0    0    0    0    0    0    0    0    0



 Depth-averaged v, vab                   

 Time =    0.0250 days    multiply all values by 1.00E-04

      1    5    9   13   17   21   25   29   33   37   41   45   49   53   57   61   65
  49    0    0    0    0    0    0    0    0    0    0    0    0    0    0    0    0    0
  46    0    9   28   36   38   33   27   17    2  -13  -20  -20  -20  -17   -9   11    0
  43    0   19   35   45   59   65   59   36    1  -32  -49  -48  -35  -17   -3   16    0
  40    0   23   25   42   70   98  103   68   -5  -73  -98  -80  -45  -11   12   23    0
  37    0   25   25   50   91  147  184  136  -23 -168 -187 -129  -64  -15   15   27    0
  34    0   32   34   59  110  199  303  272  -58 -348 -308 -169  -72  -17   14   28    0
  31    0   39   39   57  103  209  386  462 -143 -627 -382 -160  -56   -8   16   29    0
  28    0   41   36   42   67  138  275  435 -459 -786 -266  -78  -18    6   21   32    0
  25    0   39   30   22   15    6  -61 -404-1046  -57   71   57   33   25   27   35    0
  22    0   35   23    3  -33 -116 -336 -783 -326  515  346  172   81   44   33   36    0
  19    0   32   17  -13  -65 -172 -371 -527 -117  398  371  211  105   55   33   32    0
  16    0   28   13  -19  -72 -160 -269 -282  -51  217  262  181  101   52   28   28    0
  13    0   24   12  -16  -59 -113 -155 -134  -22  105  152  127   81   43   23   24    0
  10    0   23    7  -12  -41  -67  -78  -58   -5   54   87   85   63   38   22   14    0
   7    0   19    0  -13  -27  -36  -37  -24    1   30   48   52   45   31   19    4    0
   4    0   10   -2   -8  -10  -11  -10   -7    2   12   18   18   17   15    9   -2    0
   1    0    0    0    0    0    0    0    0    0    0    0    0    0    0    0    0    0



 Surface elevation, elb                  

 Time =    0.0250 days    multiply all values by 1.00E-04

      1    5    9   13   17   21   25   29   33   37   41   45   49   53   57   61   65
  49    0    0    0    0    0    0    0    0    0    0    0    0    0    0    0    0    0
  46-2006-2266-2436-2794-2861-2588-2116-1627-1321-1086 -688 -152  150   53 -394 -875-1439
  43-1137 -853 -665 -906-1178-1276-1284-1097 -835 -587 -383 -366 -524 -965-1330-1496-1556
  40 -548  -77  253  220    4 -294 -506 -457 -314 -214 -189 -458 -933-1455-1697-1751-1539
  37 -428 -208  150  380  410  151   23  104   76  -95 -214 -500 -998-1375-1259-1184-1186
  34 -485 -374  -34  221  320  222  316  454  210 -256 -447 -542 -785 -946 -712 -595 -751
  31 -451 -272  -15   62  158  295  582  776  262 -537 -701 -587 -486 -439 -360 -328 -421
  28 -311 -136   37  -89   10  356  785 1116  254 -891 -897 -665 -343 -158 -239 -225 -205
  25 -137  -32   85  -81    3  357  756 1137  391-1205 -986 -679 -283  -48 -174 -108  -22
  22   50   28  100   50  103  291  525  620 -220-1124 -893 -598 -312 -128 -136   40  149
  19  293  116  205  317  314  234  255  163 -421 -843 -660 -462 -396 -318 -123  188  247
  16  624  435  564  763  633  254   24 -130 -404 -553 -387 -322 -459 -461 -184  170  240
  13  990 1022 1128 1159  820  305  -66 -196 -220 -176  -54 -171 -456 -589 -479 -136  236
  10 1260 1490 1522 1285  803  345   36  -13  123  303  413  232  -42 -347 -532 -221  450
   7 1312 1235 1133  802  363  154  152  310  537  775 1011 1103 1075  856  535  676  984
   4 1285  702  257 -203 -398 -156  361  838 1091 1288 1703 2276 2713 2811 2352 2074 1724
   1    0    0    0    0    0    0    0    0    0    0    0    0    0    0    0    0    0



 Streamfunction, psi from u              

 Time =    0.0250 days    multiply all values by 1.00E+05

      1    5    9   13   17   21   25   29   33   37   41   45   49   53   57   61   65
  49    0 2261 2259 2265 2273 2275 2269 2259 2256 2257 2264 2272 2274 2270 2261 2260 2259
  46    0 2060 2057 2060 2064 2064 2055 2045 2041 2043 2050 2060 2065 2062 2055 2054 2053
  43    0 1879 1875 1876 1877 1873 1862 1850 1846 1849 1857 1870 1876 1874 1870 1869 1869
  40    0 1719 1713 1712 1709 1702 1688 1673 1668 1672 1684 1699 1708 1708 1705 1705 1705
  37    0 1575 1568 1566 1561 1551 1532 1511 1502 1509 1528 1549 1559 1561 1558 1559 1559
  34    0 1445 1438 1435 1430 1417 1393 1363 1349 1362 1391 1417 1429 1429 1427 1427 1428
  31    0 1325 1319 1317 1313 1300 1275 1239 1221 1239 1276 1302 1312 1311 1308 1307 1307
  28    0 1213 1209 1208 1205 1197 1178 1153 1140 1157 1185 1202 1206 1202 1197 1195 1194
  25    0 1105 1102 1102 1103 1100 1097 1098 1106 1110 1111 1109 1105 1097 1090 1087 1085
  22    0  996  995  997 1000 1004 1014 1037 1060 1054 1032 1014 1003  992  983  979  976
  19    0  884  883  887  892  900  916  943  964  957  931  910  895  882  873  867  864
  16    0  763  764  768  774  783  798  816  829  825  808  790  777  764  754  748  745
  13    0  632  632  636  643  650  660  671  677  675  666  655  644  633  623  618  615
  10    0  485  485  489  494  499  506  511  513  512  508  502  495  486  478  474  472
   7    0  321  320  322  326  329  333  335  336  335  334  331  326  321  315  313  311
   4    0  135  135  136  137  138  140  141  141  141  140  139  137  135  133  132  132
   1    0    0    0    0    0    0    0    0    0    0    0    0    0    0    0    0    0



 Streamfunction, psi from v              

 Time =    0.0250 days    multiply all values by 1.00E+05

      1    5    9   13   17   21   25   29   33   37   41   45   49   53   57   61   65
  49    0 2260 2260 2260 2260 2260 2260 2260 2260 2260 2260 2260 2260 2260 2260 2260 2260
  46    0 2059 2057 2054 2050 2047 2044 2043 2042 2042 2043 2045 2047 2048 2050 2050 2047
  43    0 1878 1875 1871 1866 1861 1855 1852 1850 1851 1854 1858 1862 1864 1866 1865 1861
  40    0 1717 1714 1710 1705 1698 1690 1683 1680 1682 1689 1696 1702 1705 1705 1703 1700
  37    0 1572 1569 1566 1560 1550 1537 1523 1518 1524 1537 1551 1560 1564 1564 1562 1558
  34    0 1441 1438 1433 1426 1414 1394 1372 1361 1373 1398 1418 1430 1434 1435 1432 1429
  31    0 1321 1317 1312 1305 1293 1272 1243 1228 1248 1281 1303 1313 1316 1316 1313 1309
  28    0 1209 1204 1200 1195 1187 1173 1155 1146 1165 1191 1204 1208 1209 1207 1204 1200
  25    0 1100 1096 1093 1091 1090 1091 1098 1110 1116 1115 1110 1106 1103 1100 1097 1091
  22    0  992  988  986  987  992 1006 1034 1060 1055 1031 1011  999  993  989  985  979
  19    0  879  876  875  878  887  905  936  960  953  926  902  887  879  874  871  865
  16    0  759  756  756  760  769  785  806  821  816  798  779  766  758  754  751  746
  13    0  628  625  625  628  635  645  657  664  662  652  640  631  624  621  618  614
  10    0  481  479  479  481  485  491  497  500  498  493  486  479  474  471  468  467
   7    0  317  315  316  318  320  323  326  327  326  323  319  315  311  308  306  307
   4    0  133  133  133  134  135  136  136  137  136  135  134  132  130  129  128  129
   1    0    0    0    0    0    0    0    0    0    0    0    0    0    0    0    0    0



 x-velocity, u                           

 Time =    0.0250 days    multiply all values by 1.00E-04

 Layer k =  1

      1    5    9   13   17   21   25   29   33   37   41   45   49   53   57   61   65
  49    0    0    0    0    0    0    0    0    0    0    0    0    0    0    0    0    0
  46    0 2061 2066 2095 2133 2163 2182 2186 2179 2175 2174 2161 2143 2125 2099 2107 2032
  43    0 2037 2052 2080 2117 2157 2186 2202 2208 2196 2175 2152 2127 2104 2088 2083 2045
  40    0 2015 2040 2060 2089 2142 2191 2238 2264 2237 2179 2134 2100 2079 2073 2058 2053
  37    0 2009 2022 2034 2053 2108 2187 2298 2368 2304 2176 2097 2061 2048 2047 2040 2051
  34    0 2009 2002 2005 2009 2046 2151 2385 2571 2411 2141 2027 2009 2013 2021 2028 2040
  31    0 2007 1991 1978 1957 1955 2052 2459 2952 2542 2044 1927 1947 1981 2003 2019 2026
  28    0 2001 1984 1958 1910 1857 1892 2403 3612 2579 1895 1831 1896 1954 1991 2007 2012
  25    0 1993 1976 1944 1884 1801 1780 2241 4264 2458 1819 1792 1872 1936 1975 1991 2000
  22    0 1985 1964 1937 1884 1814 1820 2314 3530 2571 1920 1831 1881 1927 1956 1972 1991
  19    0 1973 1954 1939 1905 1875 1937 2331 2876 2534 2060 1913 1911 1928 1941 1953 1984
  16    0 1960 1954 1948 1936 1946 2027 2262 2493 2380 2122 1986 1946 1935 1937 1936 1978
  13    0 1952 1963 1963 1964 1996 2064 2182 2280 2243 2120 2029 1975 1945 1941 1925 1970
  10    0 1957 1971 1975 1987 2022 2067 2122 2162 2149 2096 2045 1998 1956 1943 1922 1957
   7    0 1976 1974 1983 2005 2034 2061 2083 2096 2092 2073 2049 2015 1972 1945 1929 1937
   4    0 1991 1979 1990 2019 2039 2058 2065 2062 2063 2064 2051 2025 1989 1951 1936 1917
   1    0    0    0    0    0    0    0    0    0    0    0    0    0    0    0    0    0




 Layer k = 10

      1    5    9   13   17   21   25   29   33   37   41   45   49   53   57   61   65
  49    0    0    0    0    0    0    0    0    0    0    0    0    0    0    0    0    0
  46    0 2000 2004 2033 2071 2101 2120 2124 2117 2113 2112 2099 2081 2063 2037 2045 1977
  43    0 1979 1994 2021 2058 2099 2127 2144 2149 2138 2117 2094 2069 2046 2030 2025 1993
  40    0 1963 1987 2008 2036 2089 2139 2186 2211 2185 2127 2081 2047 2026 2020 2005 2007
  37    0 1965 1977 1989 2009 2063 2142 2253 2325 2260 2130 2052 2016 2003 2003 1995 2011
  34    0 1975 1967 1970 1974 2010 2111 2347 2546 2378 2097 1989 1973 1978 1986 1993 2009
  31    0 1983 1967 1954 1933 1925 2005 2416 2968 2522 1988 1891 1922 1957 1979 1995 2004
  28    0 1988 1972 1946 1898 1835 1827 2295 3676 2524 1810 1797 1882 1942 1979 1995 2001
  25    0 1993 1976 1944 1883 1789 1711 2072 4348 2322 1723 1765 1870 1936 1975 1991 2000
  22    0 1997 1976 1950 1895 1816 1781 2246 3673 2567 1867 1823 1891 1939 1969 1984 2002
  19    0 1997 1978 1963 1929 1895 1939 2346 2959 2582 2060 1927 1934 1952 1965 1977 2005
  16    0 1995 1989 1984 1971 1980 2057 2297 2543 2425 2152 2019 1981 1970 1972 1971 2009
  13    0 1997 2007 2007 2009 2040 2107 2226 2326 2289 2164 2073 2020 1990 1985 1969 2010
  10    0 2009 2023 2028 2039 2074 2120 2174 2214 2202 2148 2098 2050 2008 1995 1975 2004
   7    0 2035 2032 2041 2063 2093 2119 2141 2155 2150 2131 2107 2073 2030 2003 1988 1989
   4    0 2053 2041 2052 2080 2101 2120 2127 2124 2124 2125 2113 2087 2050 2013 1998 1972
   1    0    0    0    0    0    0    0    0    0    0    0    0    0    0    0    0    0




 Layer k = 20

      1    5    9   13   17   21   25   29   33   37   41   45   49   53   57   61   65
  49    0    0    0    0    0    0    0    0    0    0    0    0    0    0    0    0    0
  46    0 1992 1996 2025 2064 2093 2112 2116 2108 2105 2104 2092 2072 2054 2030 2037 1970
  43    0 1971 1986 2013 2050 2091 2118 2135 2140 2130 2108 2086 2060 2038 2022 2017 1987
  40    0 1955 1980 2000 2029 2081 2130 2177 2202 2175 2118 2074 2039 2018 2013 1998 2000
  37    0 1957 1970 1982 2001 2055 2133 2243 2316 2251 2121 2043 2009 1996 1995 1988 2004
  34    0 1967 1960 1962 1966 2001 2097 2335 2545 2371 2083 1979 1966 1971 1978 1986 2002
  31    0 1975 1959 1946 1925 1914 1979 2391 3004 2520 1952 1876 1915 1949 1972 1987 1997
  28    0 1981 1965 1939 1891 1820 1775 2164 3836 2432 1725 1772 1873 1934 1971 1987 1994
  25    0 1986 1969 1937 1876 1773 1642 1782 4259 1931 1601 1736 1862 1928 1968 1984 1993
  22    0 1989 1969 1943 1889 1801 1727 2116 3819 2477 1783 1799 1882 1932 1961 1977 1995
  19    0 1990 1971 1956 1922 1884 1913 2321 2988 2585 2026 1912 1926 1944 1958 1970 1999
  16    0 1987 1981 1976 1963 1971 2044 2284 2540 2419 2138 2008 1973 1963 1964 1963 2002
  13    0 1989 1999 2000 2001 2032 2099 2216 2317 2279 2155 2065 2012 1981 1977 1962 2003
  10    0 2002 2015 2019 2031 2067 2111 2165 2205 2192 2139 2089 2042 2000 1988 1967 1996
   7    0 2027 2025 2033 2055 2085 2111 2133 2145 2141 2122 2099 2065 2022 1995 1980 1982
   4    0 2045 2033 2044 2072 2093 2112 2118 2115 2115 2117 2104 2078 2042 2005 1990 1965
   1    0    0    0    0    0    0    0    0    0    0    0    0    0    0    0    0    0



 y-velocity, v                           

 Time =    0.0250 days    multiply all values by 1.00E-04

 Layer k =  1

      1    5    9   13   17   21   25   29   33   37   41   45   49   53   57   61   65
  49    0    0    0    0    0    0    0    0    0    0    0    0    0    0    0    0    0
  46    0  -19   -2    8   19   21   19   12   -3  -21  -27  -24  -18   -4    8   27    0
  43    0    6   23   33   53   66   61   38   -1  -40  -58  -55  -41  -17   -4   15    0
  40    0   18   31   51   79  105  109   71   -6  -79 -107  -93  -62  -31   -8   13    0
  37    0   29   36   65  103  152  183  131  -24 -164 -190 -141  -85  -44  -11   11    0
  34    0   49   45   67  114  197  284  235  -69 -320 -292 -173  -83  -33   -7    0    0
  31    0   59   44   52   95  196  337  346 -186 -537 -346 -159  -59  -13    0   -4    0
  28    0   46   33   32   56  123  225  249 -569 -640 -240  -81  -24    1    9   13    0
  25    0   24   20   17    9   -1  -66 -379 -982 -137   39   42   22   16   24   42    0
  22    0   10   12    1  -35 -115 -304 -633 -280  336  281  155   74   41   42   61    0
  19    0   12    6  -19  -71 -172 -344 -459 -103  323  331  208  113   67   52   59    0
  16    0   19   -1  -37  -85 -165 -259 -260  -41  205  258  191  119   76   50   44    0
  13    0   21   -3  -33  -71 -119 -156 -129  -14  115  165  143   98   63   42   31    0
  10    0   25    5  -11  -39  -67  -77  -55    2   68  102  100   75   45   28   15    0
   7    0   37   19    9  -12  -27  -32  -22    7   39   57   58   44   21    4  -11    0
   4    0   33   23   16    7    1   -1    1    9   19   21   18   12    1   -9  -14    0
   1    0    0    0    0    0    0    0    0    0    0    0    0    0    0    0    0    0




 Layer k = 10

      1    5    9   13   17   21   25   29   33   37   41   45   49   53   57   61   65
  49    0    0    0    0    0    0    0    0    0    0    0    0    0    0    0    0    0
  46    0  -13    4   14   25   28   25   19    3  -15  -21  -18  -12    2   15   33    0
  43    0   12   28   38   59   71   66   43    4  -34  -52  -49  -35  -11    1   21    0
  40    0   23   36   56   84  110  114   76   -1  -74 -102  -88  -57  -26   -3   18    0
  37    0   33   40   69  107  157  190  140  -19 -165 -188 -137  -81  -40   -6   15    0
  34    0   53   49   71  118  202  300  264  -60 -340 -303 -172  -80  -29   -3    3    0
  31    0   61   47   54   98  203  369  427 -159 -603 -372 -161  -57  -10    2   -2    0
  28    0   47   34   33   57  128  256  368 -513 -735 -263  -83  -22    2   10   14    0
  25    0   24   20   16    9   -1  -67 -400-1024 -102   51   44   22   16   24   42    0
  22    0    8   11    0  -37 -120 -332 -744 -318  443  318  160   73   39   41   60    0
  19    0    9    4  -22  -73 -177 -368 -514 -115  378  358  210  111   65   50   57    0
  16    0   15   -5  -41  -88 -170 -270 -277  -46  219  266  189  115   72   47   40    0
  13    0   17   -7  -37  -76 -124 -161 -136  -18  113  163  139   94   59   37   26    0
  10    0   20    0  -16  -44  -72  -83  -61   -3   62   97   95   70   40   22    9    0
   7    0   32   13    3  -18  -33  -38  -28    1   33   52   52   39   15   -2  -16    0
   4    0   26   17   10    1   -5   -7   -5    3   13   15   11    6   -5  -15  -21    0
   1    0    0    0    0    0    0    0    0    0    0    0    0    0    0    0    0    0




 Layer k = 20

      1    5    9   13   17   21   25   29   33   37   41   45   49   53   57   61   65
  49    0    0    0    0    0    0    0    0    0    0    0    0    0    0    0    0    0
  46    0  -12    4   15   26   28   26   20    3  -14  -20  -17  -10    3   16   34    0
  43    0   12   29   39   59   72   67   44    5  -33  -51  -48  -33  -10    2   22    0
  40    0   24   37   56   85  111  115   77    0  -74 -101  -86  -56  -25   -2   19    0
  37    0   34   41   70  107  157  193  145  -16 -167 -189 -137  -80  -38   -5   16    0
  34    0   54   49   71  118  204  309  285  -53 -360 -312 -172  -79  -28   -2    4    0
  31    0   62   47   54   98  206  394  510 -121 -687 -397 -162  -56   -9    3   -2    0
  28    0   48   34   34   57  131  284  550 -344 -920 -286  -84  -22    2   11   14    0
  25    0   24   21   17   11    0  -66 -429-1075  -15   66   47   23   16   25   43    0
  22    0    9   11    1  -36 -121 -355 -889 -376  635  357  166   73   39   41   61    0
  19    0    9    4  -21  -72 -178 -383 -557 -121  441  384  214  111   65   51   58    0
  16    0   15   -5  -40  -88 -169 -274 -286  -46  233  274  191  115   73   48   41    0
  13    0   17   -6  -37  -74 -123 -160 -136  -18  115  164  139   94   59   37   28    0
  10    0   21    1  -15  -43  -71  -82  -60   -2   63   97   95   70   40   22   10    0
   7    0   33   14    4  -18  -32  -37  -27    1   34   52   52   39   16   -1  -15    0
   4    0   28   18   10    2   -4   -6   -5    4   13   16   12    6   -4  -14  -20    0
   1    0    0    0    0    0    0    0    0    0    0    0    0    0    0    0    0    0



 z-velocity, w                           

 Time =    0.0250 days    multiply all values by 1.00E-06

 Layer k =  2

      1    5    9   13   17   21   25   29   33   37   41   45   49   53   57   61   65
  49    0    0    0    0    0    0    0    0    0    0    0    0    0    0    0    0    0
  46    0    0    0    0    0    0   -1    0    0    0    0    0    0    0    0    0    0
  43    0    0    0    0    0    0    0   -1    0    0    0    0    0    0    0    0    0
  40    0    0    0    0    0    0    0    0    1    0    0    0    0    0    0    0    0
  37    0   -1    0    0    0    0    1    1    0   -1   -1    0    0    0    0    0    0
  34    0    0    0    0   -1    1    3    3   -1   -2   -4   -1    0    0    0    0    0
  31    0   -1    0    0    0    2    6    1   -3    4   -5   -3    0    0    0    0    0
  28    0    0    0    0    0    4    4  -21  -10   27   -3   -6   -1   -1    0    0    0
  25    0   -1    0   -1    1    4    3  -35  -15   48   -1   -5   -1    0    0    0    0
  22    0    0    0   -1    0    3    4  -21   -6   27   -2   -5   -1    0    0    0    0
  19    0    0   -1    0    0    2    5    1   -4    2   -6   -3    0   -1    0   -1    0
  16    0   -1    0    0    0    1    2    3   -1   -3   -4   -1   -1    0    0   -1    0
  13    0    0    0    0    0    0    0    1    0   -2   -1   -1    0   -1   -1    0    0
  10    0    0    0    0    0    0    0    0    0    0    0    0   -1    0    0   -1    0
   7    0    0    0    0    0    0    0    0    0    0   -1    0    0    0    0    0    0
   4    0    0    0    0    0    0    0    0    0    0    0    0    0    0    0    0    0
   1    0    0    0    0    0    0    0    0    0    0    0    0    0    0    0    0    0




 Layer k = 10

      1    5    9   13   17   21   25   29   33   37   41   45   49   53   57   61   65
  49    0    0    0    0    0    0    0    0    0    0    0    0    0    0    0    0    0
  46    0  -10    9    5    6   10  -19    3   12   12    2   16  -14    1    3   -5    0
  43    0   -9   -5   -2  -12    1    2  -25    4   14   -9   -2    3   16   -2  -10    0
  40    0    3   -3    1   11   11    8   14   25   -3    7    7    3   -3    1    3    0
  37    0  -15    3   -8    6   11   31   24    1  -34  -34    2   17    9    5   -3    0
  34    0   -1   12   -5  -20   55  111   98  -19  -61 -100  -27   -6    5   -7   -8    0
  31    0  -22  -11  -10    4   76  220   83  -91  102 -147  -88   13    0    7   -6    0
  28    0   -2    1    7   14  140  155 -606 -358  914 -135 -174  -36  -16    2    6    0
  25    0  -15   -8   -5   30  150  135-1109 -589 1717  -81 -158  -29   -4    4   -2    0
  22    0    7    7  -28   12  110  156 -623 -203  900 -116 -156  -20   -9    4   -3    0
  19    0    5  -14    3   18   60  169   62 -130   41 -176  -81    3  -29   11  -30    0
  16    0   -8    2   15    0   24   78   90  -25  -99 -118  -28  -14    0   -9  -14    0
  13    0   -5   13   11    6   15   15   27    8  -45  -38  -25   -8  -17  -21    8    0
  10    0   18   16    5    1   10   -2   10   -8    0   -5    2  -17   10  -12  -16    0
   7    0    4   12   13    1   15    5   -7    2   -4  -16    6   14    4   -9    3    0
   4    0   11   -5    5   -7    7    4  -12   12   -9   -1  -11    7    0   -4   -6    0
   1    0    0    0    0    0    0    0    0    0    0    0    0    0    0    0    0    0




 Layer k = 20

      1    5    9   13   17   21   25   29   33   37   41   45   49   53   57   61   65
  49    0    0    0    0    0    0    0    0    0    0    0    0    0    0    0    0    0
  46    0   -2    3    3    3    3   -4    1    4    3    0    4   -4    1    1   -1    0
  43    0   -2   -2    0   -4    1    3   -5    2    4   -4    0    0    5    0   -3    0
  40    0    1   -1    1    4    6    1    5    5    1    0    1    2   -1    0    2    0
  37    0   -4    2   -2    0    3    6    2   -3   -7   -9    1    4    4    2    0    0
  34    0   -1    2   -2   -6   14   23   18   -7  -18  -16   -2   -2    1   -3   -1    0
  31    0   -7   -4   -5   -2   18   48   32  -22   -1  -29  -13    6   -1    3   -2    0
  28    0    0    0    2   -3   25   37  -76  -82  163  -43  -29  -10   -4    3    1    0
  25    0   -6   -3   -1    9   29   40 -175 -147  358  -35  -24   -5   -2    5    1    0
  22    0    4    2   -8    3   19   39  -84  -52  157  -41  -25   -4   -1    1   -2    0
  19    0    1   -5    0    5   11   36   27  -32  -14  -34   -8    2  -10    2  -10    0
  16    0   -3    0    3    0    4   17   17   -7  -23  -18   -6   -4    0   -2   -1    0
  13    0   -1    2    3    2    4    1    5    4   -7   -8   -5   -4   -5   -5    3    0
  10    0    5    5    1    0    3   -2    7   -3    1   -1    1   -6    2   -4   -4    0
   7    0    1    4    4   -1    4    4   -3    2    1   -4    3    3    2   -3    1    0
   4    0    3   -2    1   -1    2    2   -5    6   -2   -2   -4    1   -1   -1   -2    0
   1    0    0    0    0    0    0    0    0    0    0    0    0    0    0    0    0    0



 Potential temperature, t                

 Time =    0.0250 days    multiply all values by 1.00E-02

 Layer k =  1

      1    5    9   13   17   21   25   29   33   37   41   45   49   53   57   61   65
  49    0    0    0    0    0    0    0    0    0    0    0    0    0    0    0    0    0
  46 1975 1975 1975 1975 1975 1975 1975 1975 1975 1975 1975 1975 1975 1975 1975 1975 1975
  43 1975 1975 1975 1975 1975 1975 1975 1975 1975 1975 1975 1975 1975 1975 1975 1975 1975
  40 1975 1975 1975 1975 1975 1975 1975 1975 1975 1975 1975 1975 1975 1975 1975 1975 1975
  37 1975 1975 1975 1975 1975 1975 1975 1975 1976 1975 1975 1975 1975 1975 1975 1975 1975
  34 1975 1975 1975 1975 1975 1975 1976 1977 1977 1977 1976 1975 1975 1975 1975 1975 1975
  31 1975 1975 1975 1975 1975 1975 1977 1981 1984 1981 1977 1975 1975 1975 1975 1975 1975
  28 1975 1975 1975 1975 1975 1976 1978 1987 1993 1987 1979 1976 1975 1975 1975 1975 1975
  25 1975 1975 1975 1975 1975 1976 1979 1989 1997 1990 1979 1976 1975 1975 1975 1975 1975
  22 1975 1975 1975 1975 1975 1976 1978 1987 1993 1987 1979 1976 1975 1975 1975 1975 1975
  19 1975 1975 1975 1975 1975 1975 1977 1981 1984 1981 1977 1975 1975 1975 1975 1975 1975
  16 1975 1975 1975 1975 1975 1975 1976 1977 1977 1977 1976 1975 1975 1975 1975 1975 1975
  13 1975 1975 1975 1975 1975 1975 1975 1975 1976 1975 1975 1975 1975 1975 1975 1975 1975
  10 1975 1975 1975 1975 1975 1975 1975 1975 1975 1975 1975 1975 1975 1975 1975 1975 1975
   7 1975 1975 1975 1975 1975 1975 1975 1975 1975 1975 1975 1975 1975 1975 1975 1975 1975
   4 1975 1975 1975 1975 1975 1975 1975 1975 1975 1975 1975 1975 1975 1975 1975 1975 1975
   1    0    0    0    0    0    0    0    0    0    0    0    0    0    0    0    0    0




 Layer k = 10

      1    5    9   13   17   21   25   29   33   37   41   45   49   53   57   61   65
  49    0    0    0    0    0    0    0    0    0    0    0    0    0    0    0    0    0
  46  768  768  768  768  768  768  768  768  768  768  768  768  768  768  768  768  768
  43  768  768  768  768  768  768  768  768  768  768  768  768  768  768  768  768  768
  40  768  768  768  768  768  768  768  769  769  769  768  768  768  768  768  768  768
  37  768  768  768  768  768  769  769  772  773  772  769  769  768  768  768  768  768
  34  768  768  768  768  768  769  776  797  813  798  776  769  768  768  768  768  768
  31  768  768  768  768  768  771  797  893  983  899  800  771  769  768  768  768  768
  28  768  768  768  768  769  774  832 1093 1410 1113  837  774  769  768  768  768  768
  25  768  768  768  768  769  775  851 1230 1753 1263  858  776  769  768  768  768  768
  22  768  768  768  768  769  774  832 1094 1414 1114  837  774  769  768  768  768  768
  19  768  768  768  768  768  771  797  894  984  899  800  771  769  768  768  768  768
  16  768  768  768  768  768  769  776  797  813  798  776  769  768  768  768  768  768
  13  768  768  768  768  768  769  769  772  773  772  769  769  768  768  768  768  768
  10  768  768  768  768  768  768  768  769  769  769  768  768  768  768  768  768  768
   7  768  768  768  768  768  768  768  768  768  768  768  768  768  768  768  768  768
   4  768  768  768  768  768  768  768  768  768  768  768  768  768  768  768  768  768
   1    0    0    0    0    0    0    0    0    0    0    0    0    0    0    0    0    0




 Layer k = 20

      1    5    9   13   17   21   25   29   33   37   41   45   49   53   57   61   65
  49    0    0    0    0    0    0    0    0    0    0    0    0    0    0    0    0    0
  46  519  519  519  519  519  519  519  519  519  519  519  519  519  519  519  519  519
  43  519  519  519  519  519  519  519  519  519  519  519  519  519  519  519  519  519
  40  519  519  519  519  519  519  519  519  519  519  519  519  519  519  519  519  519
  37  519  519  519  519  519  519  519  520  520  520  519  519  519  519  519  519  519
  34  519  519  519  519  519  519  520  525  528  525  520  519  519  519  519  519  519
  31  519  519  519  519  519  519  525  550  584  552  525  520  519  519  519  519  519
  28  519  519  519  519  519  520  533  643  922  655  534  520  519  519  519  519  519
  25  519  519  519  519  519  520  538  742 1451  771  540  520  519  519  519  519  519
  22  519  519  519  519  519  520  533  644  926  656  534  520  519  519  519  519  519
  19  519  519  519  519  519  519  525  550  585  552  525  520  519  519  519  519  519
  16  519  519  519  519  519  519  520  525  528  525  520  519  519  519  519  519  519
  13  519  519  519  519  519  519  519  520  520  520  519  519  519  519  519  519  519
  10  519  519  519  519  519  519  519  519  519  519  519  519  519  519  519  519  519
   7  519  519  519  519  519  519  519  519  519  519  519  519  519  519  519  519  519
   4  519  519  519  519  519  519  519  519  519  519  519  519  519  519  519  519  519
   1    0    0    0    0    0    0    0    0    0    0    0    0    0    0    0    0    0



 Salinity, s                             

 Time =    0.0250 days    multiply all values by 1.00E-02

 Layer k =  1

      1    5    9   13   17   21   25   29   33   37   41   45   49   53   57   61   65
  49    0    0    0    0    0    0    0    0    0    0    0    0    0    0    0    0    0
  46 3500 3500 3500 3500 3500 3500 3500 3500 3500 3500 3500 3500 3500 3500 3500 3500 3500
  43 3500 3500 3500 3500 3500 3500 3500 3500 3500 3500 3500 3500 3500 3500 3500 3500 3500
  40 3500 3500 3500 3500 3500 3500 3500 3500 3500 3500 3500 3500 3500 3500 3500 3500 3500
  37 3500 3500 3500 3500 3500 3500 3500 3500 3500 3500 3500 3500 3500 3500 3500 3500 3500
  34 3500 3500 3500 3500 3500 3500 3500 3500 3500 3500 3500 3500 3500 3500 3500 3500 3500
  31 3500 3500 3500 3500 3500 3500 3500 3500 3500 3500 3500 3500 3500 3500 3500 3500 3500
  28 3500 3500 3500 3500 3500 3500 3500 3500 3500 3500 3500 3500 3500 3500 3500 3500 3500
  25 3500 3500 3500 3500 3500 3500 3500 3500 3500 3500 3500 3500 3500 3500 3500 3500 3500
  22 3500 3500 3500 3500 3500 3500 3500 3500 3500 3500 3500 3500 3500 3500 3500 3500 3500
  19 3500 3500 3500 3500 3500 3500 3500 3500 3500 3500 3500 3500 3500 3500 3500 3500 3500
  16 3500 3500 3500 3500 3500 3500 3500 3500 3500 3500 3500 3500 3500 3500 3500 3500 3500
  13 3500 3500 3500 3500 3500 3500 3500 3500 3500 3500 3500 3500 3500 3500 3500 3500 3500
  10 3500 3500 3500 3500 3500 3500 3500 3500 3500 3500 3500 3500 3500 3500 3500 3500 3500
   7 3500 3500 3500 3500 3500 3500 3500 3500 3500 3500 3500 3500 3500 3500 3500 3500 3500
   4 3500 3500 3500 3500 3500 3500 3500 3500 3500 3500 3500 3500 3500 3500 3500 3500 3500
   1    0    0    0    0    0    0    0    0    0    0    0    0    0    0    0    0    0




 Layer k = 10

      1    5    9   13   17   21   25   29   33   37   41   45   49   53   57   61   65
  49    0    0    0    0    0    0    0    0    0    0    0    0    0    0    0    0    0
  46 3500 3500 3500 3500 3500 3500 3500 3500 3500 3500 3500 3500 3500 3500 3500 3500 3500
  43 3500 3500 3500 3500 3500 3500 3500 3500 3500 3500 3500 3500 3500 3500 3500 3500 3500
  40 3500 3500 3500 3500 3500 3500 3500 3500 3500 3500 3500 3500 3500 3500 3500 3500 3500
  37 3500 3500 3500 3500 3500 3500 3500 3500 3500 3500 3500 3500 3500 3500 3500 3500 3500
  34 3500 3500 3500 3500 3500 3500 3500 3500 3500 3500 3500 3500 3500 3500 3500 3500 3500
  31 3500 3500 3500 3500 3500 3500 3500 3500 3500 3500 3500 3500 3500 3500 3500 3500 3500
  28 3500 3500 3500 3500 3500 3500 3500 3500 3500 3500 3500 3500 3500 3500 3500 3500 3500
  25 3500 3500 3500 3500 3500 3500 3500 3500 3500 3500 3500 3500 3500 3500 3500 3500 3500
  22 3500 3500 3500 3500 3500 3500 3500 3500 3500 3500 3500 3500 3500 3500 3500 3500 3500
  19 3500 3500 3500 3500 3500 3500 3500 3500 3500 3500 3500 3500 3500 3500 3500 3500 3500
  16 3500 3500 3500 3500 3500 3500 3500 3500 3500 3500 3500 3500 3500 3500 3500 3500 3500
  13 3500 3500 3500 3500 3500 3500 3500 3500 3500 3500 3500 3500 3500 3500 3500 3500 3500
  10 3500 3500 3500 3500 3500 3500 3500 3500 3500 3500 3500 3500 3500 3500 3500 3500 3500
   7 3500 3500 3500 3500 3500 3500 3500 3500 3500 3500 3500 3500 3500 3500 3500 3500 3500
   4 3500 3500 3500 3500 3500 3500 3500 3500 3500 3500 3500 3500 3500 3500 3500 3500 3500
   1    0    0    0    0    0    0    0    0    0    0    0    0    0    0    0    0    0




 Layer k = 20

      1    5    9   13   17   21   25   29   33   37   41   45   49   53   57   61   65
  49    0    0    0    0    0    0    0    0    0    0    0    0    0    0    0    0    0
  46 3500 3500 3500 3500 3500 3500 3500 3500 3500 3500 3500 3500 3500 3500 3500 3500 3500
  43 3500 3500 3500 3500 3500 3500 3500 3500 3500 3500 3500 3500 3500 3500 3500 3500 3500
  40 3500 3500 3500 3500 3500 3500 3500 3500 3500 3500 3500 3500 3500 3500 3500 3500 3500
  37 3500 3500 3500 3500 3500 3500 3500 3500 3500 3500 3500 3500 3500 3500 3500 3500 3500
  34 3500 3500 3500 3500 3500 3500 3500 3500 3500 3500 3500 3500 3500 3500 3500 3500 3500
  31 3500 3500 3500 3500 3500 3500 3500 3500 3500 3500 3500 3500 3500 3500 3500 3500 3500
  28 3500 3500 3500 3500 3500 3500 3500 3500 3500 3500 3500 3500 3500 3500 3500 3500 3500
  25 3500 3500 3500 3500 3500 3500 3500 3500 3500 3500 3500 3500 3500 3500 3500 3500 3500
  22 3500 3500 3500 3500 3500 3500 3500 3500 3500 3500 3500 3500 3500 3500 3500 3500 3500
  19 3500 3500 3500 3500 3500 3500 3500 3500 3500 3500 3500 3500 3500 3500 3500 3500 3500
  16 3500 3500 3500 3500 3500 3500 3500 3500 3500 3500 3500 3500 3500 3500 3500 3500 3500
  13 3500 3500 3500 3500 3500 3500 3500 3500 3500 3500 3500 3500 3500 3500 3500 3500 3500
  10 3500 3500 3500 3500 3500 3500 3500 3500 3500 3500 3500 3500 3500 3500 3500 3500 3500
   7 3500 3500 3500 3500 3500 3500 3500 3500 3500 3500 3500 3500 3500 3500 3500 3500 3500
   4 3500 3500 3500 3500 3500 3500 3500 3500 3500 3500 3500 3500 3500 3500 3500 3500 3500
   1    0    0    0    0    0    0    0    0    0    0    0    0    0    0    0    0    0



 (density-1000)/rhoref, rho              

 Time =    0.0250 days    multiply all values by 1.00E-05

 Layer k =  1

      1    5    9   13   17   21   25   29   33   37   41   45   49   53   57   61   65
  49    0    0    0    0    0    0    0    0    0    0    0    0    0    0    0    0    0
  46 2429 2429 2429 2429 2429 2429 2429 2429 2429 2429 2429 2429 2429 2429 2429 2429 2429
  43 2429 2429 2429 2429 2429 2429 2429 2429 2429 2429 2429 2429 2429 2429 2429 2429 2429
  40 2429 2429 2429 2429 2429 2429 2429 2429 2429 2429 2429 2429 2429 2429 2429 2429 2429
  37 2429 2429 2429 2429 2429 2429 2429 2429 2429 2429 2429 2429 2429 2429 2429 2429 2429
  34 2429 2429 2429 2429 2429 2429 2429 2428 2428 2428 2429 2429 2429 2429 2429 2429 2429
  31 2429 2429 2429 2429 2429 2429 2428 2426 2425 2426 2428 2429 2429 2429 2429 2429 2429
  28 2429 2429 2429 2429 2429 2429 2428 2423 2420 2423 2428 2429 2429 2429 2429 2429 2429
  25 2429 2429 2429 2429 2429 2429 2427 2421 2417 2421 2427 2429 2429 2429 2429 2429 2429
  22 2429 2429 2429 2429 2429 2429 2428 2423 2420 2423 2428 2429 2429 2429 2429 2429 2429
  19 2429 2429 2429 2429 2429 2429 2428 2426 2425 2426 2428 2429 2429 2429 2429 2429 2429
  16 2429 2429 2429 2429 2429 2429 2429 2428 2428 2428 2429 2429 2429 2429 2429 2429 2429
  13 2429 2429 2429 2429 2429 2429 2429 2429 2429 2429 2429 2429 2429 2429 2429 2429 2429
  10 2429 2429 2429 2429 2429 2429 2429 2429 2429 2429 2429 2429 2429 2429 2429 2429 2429
   7 2429 2429 2429 2429 2429 2429 2429 2429 2429 2429 2429 2429 2429 2429 2429 2429 2429
   4 2429 2429 2429 2429 2429 2429 2429 2429 2429 2429 2429 2429 2429 2429 2429 2429 2429
   1    0    0    0    0    0    0    0    0    0    0    0    0    0    0    0    0    0




 Layer k = 10

      1    5    9   13   17   21   25   29   33   37   41   45   49   53   57   61   65
  49    0    0    0    0    0    0    0    0    0    0    0    0    0    0    0    0    0
  46 3420 3420 3420 3420 3420 3420 3420 3420 3420 3420 3420 3420 3420 3420 3420 3420 3420
  43 3420 3420 3420 3420 3420 3420 3420 3420 3420 3420 3420 3420 3420 3420 3420 3420 3420
  40 3420 3420 3420 3420 3420 3420 3420 3419 3419 3419 3420 3420 3420 3420 3420 3420 3420
  37 3420 3420 3420 3420 3420 3419 3418 3414 3411 3414 3418 3419 3420 3420 3420 3420 3420
  34 3420 3420 3420 3420 3420 3418 3406 3371 3345 3370 3406 3418 3420 3420 3420 3420 3420
  31 3420 3420 3420 3420 3420 3415 3369 3229 3126 3228 3369 3415 3420 3420 3420 3420 3420
  28 3420 3420 3420 3420 3419 3410 3314 3010 2766 3006 3313 3410 3419 3420 3420 3420 3420
  25 3420 3420 3420 3420 3419 3407 3285 2891 2550 2884 3284 3407 3419 3420 3420 3420 3420
  22 3420 3420 3420 3420 3419 3410 3314 3010 2765 3006 3313 3410 3419 3420 3420 3420 3420
  19 3420 3420 3420 3420 3420 3415 3369 3229 3126 3228 3369 3415 3420 3420 3420 3420 3420
  16 3420 3420 3420 3420 3420 3418 3406 3371 3345 3370 3406 3418 3420 3420 3420 3420 3420
  13 3420 3420 3420 3420 3420 3419 3418 3414 3411 3414 3418 3419 3420 3420 3420 3420 3420
  10 3420 3420 3420 3420 3420 3420 3420 3419 3419 3419 3420 3420 3420 3420 3420 3420 3420
   7 3420 3420 3420 3420 3420 3420 3420 3420 3420 3420 3420 3420 3420 3420 3420 3420 3420
   4 3420 3420 3420 3420 3420 3420 3420 3420 3420 3420 3420 3420 3420 3420 3420 3420 3420
   1    0    0    0    0    0    0    0    0    0    0    0    0    0    0    0    0    0




 Layer k = 20

      1    5    9   13   17   21   25   29   33   37   41   45   49   53   57   61   65
  49    0    0    0    0    0    0    0    0    0    0    0    0    0    0    0    0    0
  46 4582 4582 4582 4582 4582 4582 4582 4582 4582 4582 4582 4582 4582 4582 4582 4582 4582
  43 4582 4582 4582 4582 4582 4582 4582 4582 4582 4582 4582 4582 4582 4582 4582 4582 4582
  40 4582 4582 4582 4582 4582 4582 4581 4581 4581 4581 4581 4582 4582 4582 4582 4582 4582
  37 4582 4582 4582 4582 4582 4581 4578 4569 4562 4569 4578 4581 4582 4582 4582 4582 4582
  34 4582 4582 4582 4582 4582 4579 4553 4474 4418 4474 4552 4579 4582 4582 4582 4582 4582
  31 4582 4582 4582 4582 4581 4571 4470 4166 3945 4165 4470 4571 4581 4582 4582 4582 4582
  28 4582 4582 4582 4582 4581 4560 4349 3696 3191 3693 4348 4560 4581 4582 4582 4582 4582
  25 4582 4582 4582 4582 4581 4555 4287 3446 2732 3441 4286 4555 4581 4582 4582 4582 4582
  22 4582 4582 4582 4582 4581 4560 4349 3695 3190 3693 4348 4560 4581 4582 4582 4582 4582
  19 4582 4582 4582 4582 4581 4571 4470 4166 3945 4165 4470 4571 4581 4582 4582 4582 4582
  16 4582 4582 4582 4582 4582 4579 4553 4474 4418 4474 4552 4579 4582 4582 4582 4582 4582
  13 4582 4582 4582 4582 4582 4581 4578 4569 4562 4569 4578 4581 4582 4582 4582 4582 4582
  10 4582 4582 4582 4582 4582 4582 4581 4581 4581 4581 4581 4582 4582 4582 4582 4582 4582
   7 4582 4582 4582 4582 4582 4582 4582 4582 4582 4582 4582 4582 4582 4582 4582 4582 4582
   4 4582 4582 4582 4582 4582 4582 4582 4582 4582 4582 4582 4582 4582 4582 4582 4582 4582
   1    0    0    0    0    0    0    0    0    0    0    0    0    0    0    0    0    0



 Horizontal kinematic viscosity, aam     

 Time =    0.0250 days    multiply all values by 1.00E-01

 Layer k =  1

      1    5    9   13   17   21   25   29   33   37   41   45   49   53   57   61   65
  49 5000 5000 5000 5000 5000 5000 5000 5000 5000 5000 5000 5000 5000 5000 5000 5000 5000
  46 5000   34   15   13   17   17   13   11    4   10   15   16   21   19   21   21 5000
  43 5000   27   11   14   19   22   19   10    2   11   17   21   20   12    5   32 5000
  40 5000   16   28   27   26   30   30   24   20   24   29   28   23   22   22   23 5000
  37 5000   22   24   21   23   34   44   50   52   48   43   33   20   17   22   25 5000
  34 5000   21   10    9   20   38   62   91  106   90   60   37   18    8   10   25 5000
  31 5000   13   12   11   23   43   76  150  200  151   77   42   25   14   14   18 5000
  28 5000    8   14   16   28   47   90  245  354  236   93   47   29   16   13   12 5000
  25 5000    5   12   17   29   48   98  336   72  307   97   48   29   16   12    8 5000
  22 5000    8   11   14   25   43   87  239  336  219   83   42   24   14   11    5 5000
  19 5000   14    6    9   19   37   73  151  196  139   72   37   17    6    5   10 5000
  16 5000   18    8    6   14   32   58   91  107   88   59   35   16    9   12   15 5000
  13 5000   17   19   16   18   29   42   50   55   51   43   33   21   21   23   12 5000
  10 5000   21   12   16   19   25   28   26   23   26   29   28   23   22   18   18 5000
   7 5000   25    7   10   16   19   16   13    5   11   18   20   17    9   10   30 5000
   4 5000   20   20   15   16   14   11   12    4   11   14   13   17   13   16   38 5000
   1 5000 5000 5000 5000 5000 5000 5000 5000 5000 5000 5000 5000 5000 5000 5000 5000 5000




 Layer k = 10

      1    5    9   13   17   21   25   29   33   37   41   45   49   53   57   61   65
  49 5000 5000 5000 5000 5000 5000 5000 5000 5000 5000 5000 5000 5000 5000 5000 5000 5000
  46 5000   34   15   13   17   17   13   11    3   10   15   16   20   19   21   22 5000
  43 5000   28   11   14   18   21   19   11    2   11   17   20   19   11    4   33 5000
  40 5000   17   27   26   26   29   30   25   22   25   29   28   22   21   22   23 5000
  37 5000   20   23   20   22   33   45   52   55   51   43   32   19   16   21   23 5000
  34 5000   17    8    7   18   37   64   96  115   98   63   37   16    6    8   22 5000
  31 5000   10   10    9   21   43   80  160  223  169   82   43   23   13   12   15 5000
  28 5000    7   13   15   27   49   94  257  396  265   99   50   28   15   11    9 5000
  25 5000    7   12   17   30   52  103  359   31  345  104   53   30   15   11    6 5000
  22 5000   11   12   14   27   49   96  265  386  248   92   48   26   14   12    7 5000
  19 5000   17    8   10   21   42   81  166  222  157   80   42   19    7    7   13 5000
  16 5000   21   10    8   16   35   62   96  114   95   64   38   18   10   13   18 5000
  13 5000   18   20   17   19   30   43   51   55   52   44   34   22   22   24   13 5000
  10 5000   21   13   17   20   25   28   25   22   25   29   29   24   22   18   16 5000
   7 5000   24    8   11   16   19   17   13    5   11   18   20   18    9   10   29 5000
   4 5000   19   21   15   17   14   12   12    4   11   14   13   17   14   16   37 5000
   1 5000 5000 5000 5000 5000 5000 5000 5000 5000 5000 5000 5000 5000 5000 5000 5000 5000




 Layer k = 20

      1    5    9   13   17   21   25   29   33   37   41   45   49   53   57   61   65
  49 5000 5000 5000 5000 5000 5000 5000 5000 5000 5000 5000 5000 5000 5000 5000 5000 5000
  46 5000   35   14   13   16   16   14   11    3   11   14   17   19   19   21   22 5000
  43 5000   28   11   14   18   21   18   11    2   12   17   21   19   11    4   33 5000
  40 5000   17   27   27   26   29   30   25   22   25   29   28   23   21   22   23 5000
  37 5000   19   23   20   22   33   45   53   56   52   44   32   18   16   20   23 5000
  34 5000   17    8    7   17   39   66  100  122  104   66   38   16    6    8   22 5000
  31 5000   11   10   10   21   45   84  173  256  194   90   46   24   12   12   15 5000
  28 5000    7   13   15   28   53  101  276  502  323  110   55   29   14   11    9 5000
  25 5000    8   12   16   30   55  110  368  142  407  116   57   30   15   12    6 5000
  22 5000   11   12   16   28   52  105  302  511  292  103   52   26   14   12    7 5000
  19 5000   17    9   10   21   44   87  183  253  179   86   45   19    7    7   13 5000
  16 5000   21   10    9   16   36   64  100  120  101   67   39   18   10   14   18 5000
  13 5000   18   21   17   19   30   44   52   56   53   45   34   22   22   25   13 5000
  10 5000   22   14   17   20   25   28   25   22   25   30   29   24   22   19   17 5000
   7 5000   24    7   11   16   17   16   13    4   12   18   20   18    9    9   28 5000
   4 5000   18   21   15   17   14   11   13    3   10   14   13   17   13   16   37 5000
   1 5000 5000 5000 5000 5000 5000 5000 5000 5000 5000 5000 5000 5000 5000 5000 5000 5000



 Vertical kinematic viscosity, km        

 Time =    0.0250 days    multiply all values by 1.00E-05

 Layer k =  1

      1    5    9   13   17   21   25   29   33   37   41   45   49   53   57   61   65
  49    0    0    0    0    0    0    0    0    0    0    0    0    0    0    0    0    0
  46 2356 3627 3627 3627 3627 3627 3627 3627 3627 3627 3627 3627 3627 3627 3627 3627 1283
  43 2154 3316 3316 3316 3316 3316 3316 3316 3316 3316 3316 3316 3316 3316 3316 3316 1173
  40 1839 2831 2831 2831 2831 2831 2831 2831 2831 2831 2831 2831 2831 2831 2831 2831 1001
  37 1442 2220 2220 2220 2220 2220 2220 2220 2220 2220 2220 2220 2220 2220 2220 2220  786
  34 1005 1547 1547 1547 1547 1547 1547 1547 1547 1547 1547 1547 1547 1547 1547 1547  547
  31  575  884  884  884  884  884  884  884  884  884  884  884  884  884  884  884  313
  28  210  322  322  322  322  322  322  322  322  322  322  322  322  322  322  322  114
  25    1    1    1    1    1    1    1    0    0    0    1    1    1    1    1    1    1
  22  210  322  322  322  322  322  322  322  322  322  322  322  322  322  322  322  114
  19  575  884  884  884  884  884  884  884  884  884  884  884  884  884  884  884  313
  16 1005 1547 1547 1547 1547 1547 1547 1547 1547 1547 1547 1547 1547 1547 1547 1547  547
  13 1442 2220 2220 2220 2220 2220 2220 2220 2220 2220 2220 2220 2220 2220 2220 2220  786
  10 1839 2831 2831 2831 2831 2831 2831 2831 2831 2831 2831 2831 2831 2831 2831 2831 1001
   7 2154 3316 3316 3316 3316 3316 3316 3316 3316 3316 3316 3316 3316 3316 3316 3316 1173
   4 2356 3627 3627 3627 3627 3627 3627 3627 3627 3627 3627 3627 3627 3627 3627 3627 1283
   1    0    0    0    0    0    0    0    0    0    0    0    0    0    0    0    0    0




 Layer k = 10

      1    5    9   13   17   21   25   29   33   37   41   45   49   53   57   61   65
  49    0    0    0    0    0    0    0    0    0    0    0    0    0    0    0    0    0
  46    1    1    1    1    1    1    1    1    1    1    1    1    1    1    1    1    1
  43    1    1    1    1    1    1    1    1    1    1    1    1    1    1    1    1    1
  40    1    1    1    1    1    1    1    1    1    1    1    1    1    1    1    1    1
  37    1    1    1    1    1    1    1    1    1    1    1    1    1    1    1    1    1
  34    1    1    1    1    1    1    1    1    1    1    1    1    1    1    1    1    1
  31    1    1    1    1    1    1    1    1    0    1    1    1    1    1    1    1    1
  28    1    1    1    1    1    1    1    0    0    0    1    1    1    1    1    1    1
  25    1    1    1    1    1    1    1    0    0    0    1    1    1    1    1    1    1
  22    1    1    1    1    1    1    1    0    0    0    1    1    1    1    1    1    1
  19    1    1    1    1    1    1    1    1    0    1    1    1    1    1    1    1    1
  16    1    1    1    1    1    1    1    1    1    1    1    1    1    1    1    1    1
  13    1    1    1    1    1    1    1    1    1    1    1    1    1    1    1    1    1
  10    1    1    1    1    1    1    1    1    1    1    1    1    1    1    1    1    1
   7    1    1    1    1    1    1    1    1    1    1    1    1    1    1    1    1    1
   4    1    1    1    1    1    1    1    1    1    1    1    1    1    1    1    1    1
   1    0    0    0    0    0    0    0    0    0    0    0    0    0    0    0    0    0




 Layer k = 20

      1    5    9   13   17   21   25   29   33   37   41   45   49   53   57   61   65
  49    0    0    0    0    0    0    0    0    0    0    0    0    0    0    0    0    0
  46    1    1    1    1    1    1    1    1    1    1    1    1    1    1    1    1    1
  43    1    1    1    1    1    1    1    1    1    1    1    1    1    1    1    1    1
  40    1    1    1    1    1    1    1    1    1    1    1    1    1    1    1    1    1
  37    1    1    1    1    1    1    1    1    1    1    1    1    1    1    1    1    1
  34    1    1    1    1    1    1    1    1    1    1    1    1    1    1    1    1    1
  31    1    1    1    1    1    1    1    1    0    1    1    1    1    1    1    1    1
  28    1    1    1    1    1    1    1    0    0    0    1    1    1    1    1    1    1
  25    1    1    1    1    1    1    1    0    0    0    1    1    1    1    1    1    1
  22    1    1    1    1    1    1    1    0    0    0    1    1    1    1    1    1    1
  19    1    1    1    1    1    1    1    1    0    1    1    1    1    1    1    1    1
  16    1    1    1    1    1    1    1    1    1    1    1    1    1    1    1    1    1
  13    1    1    1    1    1    1    1    1    1    1    1    1    1    1    1    1    1
  10    1    1    1    1    1    1    1    1    1    1    1    1    1    1    1    1    1
   7    1    1    1    1    1    1    1    1    1    1    1    1    1    1    1    1    1
   4    1    1    1    1    1    1    1    1    1    1    1    1    1    1    1    1    1
   1    0    0    0    0    0    0    0    0    0    0    0    0    0    0    0    0    0



 x-velocity, u                           

 Time =    0.0250 days    multiply all values by 1.00E-04

 Section j =  1

    i =      1    5    9   13   17   21   25   29   33   37   41   45   49   53   57   61   65
        d =    1    1    1    1    1    1    1    1    1    1    1    1    1    1    1    1    1
  1  -0.004    0    0    0    0    0    0    0    0    0    0    0    0    0    0    0    0    0
  2  -0.011    0    0    0    0    0    0    0    0    0    0    0    0    0    0    0    0    0
  3  -0.022    0    0    0    0    0    0    0    0    0    0    0    0    0    0    0    0    0
  4  -0.044    0    0    0    0    0    0    0    0    0    0    0    0    0    0    0    0    0
  5  -0.088    0    0    0    0    0    0    0    0    0    0    0    0    0    0    0    0    0
  6  -0.147    0    0    0    0    0    0    0    0    0    0    0    0    0    0    0    0    0
  7  -0.206    0    0    0    0    0    0    0    0    0    0    0    0    0    0    0    0    0
  8  -0.265    0    0    0    0    0    0    0    0    0    0    0    0    0    0    0    0    0
  9  -0.324    0    0    0    0    0    0    0    0    0    0    0    0    0    0    0    0    0
 10  -0.382    0    0    0    0    0    0    0    0    0    0    0    0    0    0    0    0    0
 11  -0.441    0    0    0    0    0    0    0    0    0    0    0    0    0    0    0    0    0
 12  -0.500    0    0    0    0    0    0    0    0    0    0    0    0    0    0    0    0    0
 13  -0.559    0    0    0    0    0    0    0    0    0    0    0    0    0    0    0    0    0
 14  -0.618    0    0    0    0    0    0    0    0    0    0    0    0    0    0    0    0    0
 15  -0.676    0    0    0    0    0    0    0    0    0    0    0    0    0    0    0    0    0
 16  -0.735    0    0    0    0    0    0    0    0    0    0    0    0    0    0    0    0    0
 17  -0.794    0    0    0    0    0    0    0    0    0    0    0    0    0    0    0    0    0
 18  -0.853    0    0    0    0    0    0    0    0    0    0    0    0    0    0    0    0    0
 19  -0.912    0    0    0    0    0    0    0    0    0    0    0    0    0    0    0    0    0
 20  -0.971    0    0    0    0    0    0    0    0    0    0    0    0    0    0    0    0    0
 21  -1.029    0    0    0    0    0    0    0    0    0    0    0    0    0    0    0    0    0




 Section j = 24

    i =      1    5    9   13   17   21   25   29   33   37   41   45   49   53   57   61   65
        d = 4500 4500 4500 4500 4499 4435 3793 1892  552 1892 3793 4435 4498 4500 4500 4500 4500
  1  -0.004    0 1991 1973 1941 1881 1797 1777 2249 4104 2477 1836 1797 1871 1932 1969 1985 1997
  2  -0.011    0 1995 1977 1945 1885 1802 1781 2257 4133 2489 1840 1801 1876 1936 1973 1989 2000
  3  -0.022    0 1995 1977 1945 1885 1801 1781 2256 4134 2488 1840 1801 1876 1936 1973 1989 2000
  4  -0.044    0 1995 1977 1945 1885 1801 1779 2253 4135 2486 1838 1800 1876 1936 1973 1989 2000
  5  -0.088    0 1995 1977 1945 1885 1800 1773 2242 4140 2480 1830 1798 1875 1936 1973 1989 2000
  6  -0.147    0 1995 1977 1945 1885 1798 1762 2220 4150 2466 1816 1794 1875 1936 1973 1989 2000
  7  -0.206    0 1995 1977 1945 1885 1795 1750 2192 4165 2447 1800 1789 1875 1936 1973 1989 2000
  8  -0.265    0 1995 1977 1945 1885 1793 1737 2162 4183 2424 1783 1784 1874 1936 1973 1989 2000
  9  -0.324    0 1995 1977 1945 1885 1791 1725 2130 4205 2399 1766 1780 1874 1936 1973 1989 2000
 10  -0.382    0 1995 1977 1945 1885 1789 1714 2098 4230 2372 1749 1775 1874 1936 1973 1989 2000
 11  -0.441    0 1995 1977 1945 1885 1787 1704 2067 4258 2344 1734 1772 1873 1936 1973 1989 2000
 12  -0.500    0 1995 1977 1945 1884 1786 1695 2036 4287 2314 1719 1768 1873 1936 1973 1989 2000
 13  -0.559    0 1995 1977 1945 1884 1785 1687 2006 4319 2284 1706 1766 1873 1936 1973 1989 2000
 14  -0.618    0 1995 1977 1945 1884 1784 1680 1979 4353 2253 1693 1763 1873 1936 1973 1989 2000
 15  -0.676    0 1995 1977 1945 1884 1783 1674 1952 4387 2222 1682 1761 1872 1936 1973 1989 2000
 16  -0.735    0 1995 1977 1945 1884 1782 1668 1927 4423 2191 1672 1759 1872 1936 1973 1989 2000
 17  -0.794    0 1995 1977 1945 1884 1781 1663 1904 4461 2160 1662 1757 1872 1936 1973 1989 2000
 18  -0.853    0 1995 1976 1945 1884 1781 1659 1883 4498 2129 1654 1756 1872 1936 1973 1989 2000
 19  -0.912    0 1995 1976 1945 1884 1780 1656 1863 4538 2099 1646 1755 1872 1936 1974 1989 2000
 20  -0.971    0 1987 1969 1938 1877 1774 1646 1829 4265 2042 1633 1748 1865 1929 1966 1982 1993
 21  -1.029    0    0    0    0    0    0    0    0    0    0    0    0    0    0    0    0    0




 Section j = 48

    i =      1    5    9   13   17   21   25   29   33   37   41   45   49   53   57   61   65
        d = 4500 4500 4500 4500 4500 4500 4500 4500 4500 4500 4500 4500 4500 4500 4500 4500 4500
  1  -0.004    0 2023 2030 2060 2095 2122 2142 2142 2129 2128 2133 2122 2104 2089 2063 2071 1507
  2  -0.011    0 1991 1999 2028 2064 2091 2110 2111 2098 2096 2102 2090 2072 2058 2031 2040 1479
  3  -0.022    0 1991 1999 2028 2064 2091 2110 2111 2098 2096 2102 2090 2072 2058 2031 2040 1479
  4  -0.044    0 1991 1999 2028 2064 2091 2110 2111 2098 2096 2102 2090 2072 2058 2031 2040 1479
  5  -0.088    0 1991 1999 2028 2064 2091 2110 2111 2098 2097 2102 2090 2072 2058 2031 2040 1479
  6  -0.147    0 1991 1999 2028 2064 2091 2110 2111 2098 2097 2102 2090 2072 2058 2031 2040 1479
  7  -0.206    0 1991 1999 2028 2064 2091 2110 2111 2098 2097 2102 2090 2072 2058 2031 2040 1479
  8  -0.265    0 1991 1999 2028 2064 2091 2110 2111 2098 2097 2102 2090 2072 2058 2032 2040 1479
  9  -0.324    0 1991 1999 2028 2064 2091 2110 2111 2098 2097 2102 2090 2072 2058 2032 2040 1479
 10  -0.382    0 1991 1999 2028 2064 2091 2110 2111 2098 2096 2102 2090 2073 2058 2032 2040 1479
 11  -0.441    0 1991 1999 2028 2064 2091 2110 2111 2098 2096 2102 2090 2073 2058 2032 2040 1479
 12  -0.500    0 1991 1999 2028 2064 2091 2110 2111 2098 2096 2102 2090 2073 2058 2032 2040 1479
 13  -0.559    0 1991 1999 2028 2064 2091 2110 2111 2098 2096 2102 2090 2073 2058 2032 2040 1479
 14  -0.618    0 1991 1999 2028 2064 2091 2110 2111 2098 2096 2102 2090 2073 2058 2032 2040 1479
 15  -0.676    0 1991 1999 2028 2064 2091 2110 2111 2098 2096 2102 2090 2073 2058 2032 2040 1479
 16  -0.735    0 1991 1999 2028 2064 2091 2110 2111 2098 2096 2102 2090 2073 2058 2032 2040 1479
 17  -0.794    0 1991 1999 2028 2064 2091 2110 2111 2098 2096 2102 2090 2073 2058 2032 2040 1479
 18  -0.853    0 1991 1999 2028 2064 2091 2110 2111 2098 2096 2102 2090 2073 2058 2032 2040 1479
 19  -0.912    0 1991 1999 2028 2064 2091 2110 2111 2098 2096 2102 2090 2073 2058 2032 2040 1479
 20  -0.971    0 1984 1991 2020 2056 2082 2102 2102 2090 2088 2093 2082 2065 2050 2024 2032 1474
 21  -1.029    0    0    0    0    0    0    0    0    0    0    0    0    0    0    0    0    0



 y-velocity, v                           

 Time =    0.0250 days    multiply all values by 1.00E-05

 Section j =  1

    i =      1    5    9   13   17   21   25   29   33   37   41   45   49   53   57   61   65
        d =    1    1    1    1    1    1    1    1    1    1    1    1    1    1    1    1    1
  1  -0.004    0    0    0    0    0    0    0    0    0    0    0    0    0    0    0    0    0
  2  -0.011    0    0    0    0    0    0    0    0    0    0    0    0    0    0    0    0    0
  3  -0.022    0    0    0    0    0    0    0    0    0    0    0    0    0    0    0    0    0
  4  -0.044    0    0    0    0    0    0    0    0    0    0    0    0    0    0    0    0    0
  5  -0.088    0    0    0    0    0    0    0    0    0    0    0    0    0    0    0    0    0
  6  -0.147    0    0    0    0    0    0    0    0    0    0    0    0    0    0    0    0    0
  7  -0.206    0    0    0    0    0    0    0    0    0    0    0    0    0    0    0    0    0
  8  -0.265    0    0    0    0    0    0    0    0    0    0    0    0    0    0    0    0    0
  9  -0.324    0    0    0    0    0    0    0    0    0    0    0    0    0    0    0    0    0
 10  -0.382    0    0    0    0    0    0    0    0    0    0    0    0    0    0    0    0    0
 11  -0.441    0    0    0    0    0    0    0    0    0    0    0    0    0    0    0    0    0
 12  -0.500    0    0    0    0    0    0    0    0    0    0    0    0    0    0    0    0    0
 13  -0.559    0    0    0    0    0    0    0    0    0    0    0    0    0    0    0    0    0
 14  -0.618    0    0    0    0    0    0    0    0    0    0    0    0    0    0    0    0    0
 15  -0.676    0    0    0    0    0    0    0    0    0    0    0    0    0    0    0    0    0
 16  -0.735    0    0    0    0    0    0    0    0    0    0    0    0    0    0    0    0    0
 17  -0.794    0    0    0    0    0    0    0    0    0    0    0    0    0    0    0    0    0
 18  -0.853    0    0    0    0    0    0    0    0    0    0    0    0    0    0    0    0    0
 19  -0.912    0    0    0    0    0    0    0    0    0    0    0    0    0    0    0    0    0
 20  -0.971    0    0    0    0    0    0    0    0    0    0    0    0    0    0    0    0    0
 21  -1.029    0    0    0    0    0    0    0    0    0    0    0    0    0    0    0    0    0




 Section j = 24

    i =      1    5    9   13   17   21   25   29   33   37   41   45   49   53   57   61   65
        d = 4500 4500 4500 4500 4499 4435 3793 1892  552 1892 3793 4435 4498 4500 4500 4500 4500
  1  -0.004    0  173  170  117  -56 -435-1641-5509-6623  873 1369  840  399  229  306  502    0
  2  -0.011    0  167  164  111  -63 -441-1649-5523-6663  860 1362  834  393  223  300  496    0
  3  -0.022    0  167  164  111  -63 -441-1650-5527-6665  864 1364  834  393  223  300  496    0
  4  -0.044    0  167  164  111  -63 -441-1653-5540-6671  878 1370  835  393  223  299  496    0
  5  -0.088    0  167  164  111  -63 -442-1664-5591-6697  931 1391  839  393  223  299  496    0
  6  -0.147    0  167  164  110  -64 -444-1683-5692-6755 1042 1430  847  394  223  299  496    0
  7  -0.206    0  167  163  111  -64 -446-1706-5820-6836 1185 1476  855  394  223  299  497    0
  8  -0.265    0  166  163  111  -64 -448-1728-5964-6939 1352 1523  862  394  223  299  497    0
  9  -0.324    0  166  163  111  -64 -450-1750-6117-7060 1534 1569  869  395  223  299  497    0
 10  -0.382    0  167  163  111  -64 -452-1770-6273-7197 1726 1613  875  395  223  298  498    0
 11  -0.441    0  167  163  111  -64 -454-1788-6429-7350 1923 1654  881  395  223  298  498    0
 12  -0.500    0  167  163  112  -64 -455-1805-6581-7515 2124 1692  886  395  223  298  499    0
 13  -0.559    0  167  163  112  -64 -455-1821-6729-7692 2324 1726  891  394  223  298  499    0
 14  -0.618    0  168  163  112  -64 -456-1835-6872-7879 2522 1756  895  394  223  298  499    0
 15  -0.676    0  168  163  112  -64 -456-1847-7007-8076 2717 1785  898  394  223  298  500    0
 16  -0.735    0  169  163  113  -64 -456-1859-7137-8279 2909 1810  902  394  223  298  500    0
 17  -0.794    0  169  163  113  -63 -456-1869-7259-8489 3095 1832  905  394  224  298  500    0
 18  -0.853    0  169  163  113  -63 -455-1879-7375-8706 3276 1851  908  395  224  298  500    0
 19  -0.912    0  170  163  113  -62 -456-1887-7484-8928 3452 1869  910  395  224  298  501    0
 20  -0.971    0  178  171  121  -55 -449-1880-7501-8538 3601 1884  914  400  231  305  508    0
 21  -1.029    0    0    0    0    0    0    0    0    0    0    0    0    0    0    0    0    0




 Section j = 48

    i =      1    5    9   13   17   21   25   29   33   37   41   45   49   53   57   61   65
        d = 4500 4500 4500 4500 4500 4500 4500 4500 4500 4500 4500 4500 4500 4500 4500 4500 4500
  1  -0.004    0 -143  -77  -21   12   16   13    6  -39  -94 -104  -87  -72  -12   53  129    0
  2  -0.011    0  -96  -31   26   58   63   60   52    7  -47  -57  -41  -25   34   99  176    0
  3  -0.022    0  -96  -31   26   58   63   60   52    7  -47  -57  -41  -25   34  100  176    0
  4  -0.044    0  -96  -31   26   58   63   60   52    7  -47  -57  -41  -25   34   99  176    0
  5  -0.088    0  -96  -31   26   58   62   60   52    7  -47  -57  -41  -25   35   99  176    0
  6  -0.147    0  -96  -31   26   58   62   60   52    7  -47  -57  -41  -25   35   99  175    0
  7  -0.206    0  -96  -31   26   58   62   60   52    7  -47  -58  -41  -25   35  100  176    0
  8  -0.265    0  -96  -31   26   58   62   60   52    7  -46  -58  -42  -25   35  100  176    0
  9  -0.324    0  -96  -31   26   58   62   60   52    7  -46  -58  -42  -25   35  100  176    0
 10  -0.382    0  -97  -31   26   58   62   60   52    7  -46  -58  -42  -25   35  100  176    0
 11  -0.441    0  -97  -30   26   58   62   60   52    7  -46  -58  -42  -26   35  100  176    0
 12  -0.500    0  -97  -30   26   58   62   60   52    7  -45  -58  -42  -26   35  100  176    0
 13  -0.559    0  -97  -30   26   57   61   60   52    7  -45  -58  -42  -26   35  100  176    0
 14  -0.618    0  -97  -30   26   57   61   60   51    7  -45  -58  -43  -26   35  100  176    0
 15  -0.676    0  -97  -30   26   57   61   60   51    7  -45  -58  -43  -26   35  101  176    0
 16  -0.735    0  -97  -30   26   57   61   60   51    7  -44  -58  -43  -26   35  101  176    0
 17  -0.794    0  -97  -30   26   57   61   60   51    7  -44  -58  -43  -26   35  101  176    0
 18  -0.853    0  -97  -30   26   57   61   60   51    7  -44  -58  -44  -26   35  101  176    0
 19  -0.912    0  -97  -30   26   57   61   60   51    7  -44  -58  -44  -26   35  101  176    0
 20  -0.971    0  -90  -22   33   64   68   69   59   15  -35  -49  -35  -18   44  109  184    0
 21  -1.029    0    0    0    0    0    0    0    0    0    0    0    0    0    0    0    0    0



 z-velocity, w                           

 Time =    0.0250 days    multiply all values by 1.00E-06

 Section j =  1

    i =      1    5    9   13   17   21   25   29   33   37   41   45   49   53   57   61   65
        d =    1    1    1    1    1    1    1    1    1    1    1    1    1    1    1    1    1
  1  -0.000    0    0    0    0    0    0    0    0    0    0    0    0    0    0    0    0    0
  2  -0.007    0    0    0    0    0    0    0    0    0    0    0    0    0    0    0    0    0
  3  -0.015    0    0    0    0    0    0    0    0    0    0    0    0    0    0    0    0    0
  4  -0.029    0    0    0    0    0    0    0    0    0    0    0    0    0    0    0    0    0
  5  -0.059    0    0    0    0    0    0    0    0    0    0    0    0    0    0    0    0    0
  6  -0.118    0    0    0    0    0    0    0    0    0    0    0    0    0    0    0    0    0
  7  -0.176    0    0    0    0    0    0    0    0    0    0    0    0    0    0    0    0    0
  8  -0.235    0    0    0    0    0    0    0    0    0    0    0    0    0    0    0    0    0
  9  -0.294    0    0    0    0    0    0    0    0    0    0    0    0    0    0    0    0    0
 10  -0.353    0    0    0    0    0    0    0    0    0    0    0    0    0    0    0    0    0
 11  -0.412    0    0    0    0    0    0    0    0    0    0    0    0    0    0    0    0    0
 12  -0.471    0    0    0    0    0    0    0    0    0    0    0    0    0    0    0    0    0
 13  -0.529    0    0    0    0    0    0    0    0    0    0    0    0    0    0    0    0    0
 14  -0.588    0    0    0    0    0    0    0    0    0    0    0    0    0    0    0    0    0
 15  -0.647    0    0    0    0    0    0    0    0    0    0    0    0    0    0    0    0    0
 16  -0.706    0    0    0    0    0    0    0    0    0    0    0    0    0    0    0    0    0
 17  -0.765    0    0    0    0    0    0    0    0    0    0    0    0    0    0    0    0    0
 18  -0.824    0    0    0    0    0    0    0    0    0    0    0    0    0    0    0    0    0
 19  -0.882    0    0    0    0    0    0    0    0    0    0    0    0    0    0    0    0    0
 20  -0.941    0    0    0    0    0    0    0    0    0    0    0    0    0    0    0    0    0
 21  -1.000    0    0    0    0    0    0    0    0    0    0    0    0    0    0    0    0    0




 Section j = 24

    i =      1    5    9   13   17   21   25   29   33   37   41   45   49   53   57   61   65
        d = 4500 4500 4500 4500 4499 4435 3793 1892  552 1892 3793 4435 4498 4500 4500 4500 4500
  1  -0.000    0    0    0    0    0    0    0    0    0    0    0    0    0    0    0    0    0
  2  -0.007    0    0   -1    0    0    4    3  -37  -13   43   -1   -6   -1    0    0    0    0
  3  -0.015    0    0   -1   -1    0    9    5  -73  -25   86   -1  -11   -2    0    0    0    0
  4  -0.029    0    1   -1   -1    1   19   11 -145  -50  173   -1  -21   -3    0    1    1    0
  5  -0.059    0    2   -2   -2    2   37   23 -287  -98  343   -3  -41   -6    0    1    2    0
  6  -0.118    0    5   -3   -4    5   71   46 -552 -193  665  -10  -78  -12    0    3    4    0
  7  -0.176    0    7   -3   -6    7  100   67 -780 -283  953  -22 -109  -17    1    4    4    0
  8  -0.235    0   10   -3   -9    9  121   86 -964 -365 1196  -36 -133  -21    2    6    5    0
  9  -0.294    0   13   -2  -12   11  135  102-1102 -436 1390  -53 -150  -23    3    7    4    0
 10  -0.353    0   16   -1  -14   12  143  114-1194 -496 1532  -69 -160  -23    3    8    4    0
 11  -0.412    0   18    0  -17   13  146  122-1241 -543 1621  -83 -164  -24    4    9    3    0
 12  -0.471    0   19    1  -18   12  145  126-1246 -574 1658  -96 -163  -23    5    9    2    0
 13  -0.529    0   21    2  -20   12  139  125-1214 -589 1643 -106 -157  -22    5    9    0    0
 14  -0.588    0   21    3  -21   11  130  120-1147 -586 1580 -112 -148  -21    6    9   -1    0
 15  -0.647    0   21    3  -21   10  117  112-1048 -564 1469 -112 -134  -19    6    8   -2    0
 16  -0.706    0   19    3  -20    9  103  100 -922 -523 1315 -108 -117  -16    6    7   -3    0
 17  -0.765    0   17    3  -18    8   85   85 -771 -461 1119  -98  -97  -13    5    6   -3    0
 18  -0.824    0   14    3  -15    6   65   67 -599 -377  885  -83  -76   -9    4    5   -3    0
 19  -0.882    0   11    3  -11    4   43   48 -408 -271  615  -61  -53   -6    3    3   -3    0
 20  -0.941    0    6    1   -6    2   21   26 -201 -142  311  -35  -28   -3    2    2   -2    0
 21  -1.000    0    0    0    0    0    0    0    0    0    0    0    0    0    0    0    0    0




 Section j = 48

    i =      1    5    9   13   17   21   25   29   33   37   41   45   49   53   57   61   65
        d = 4500 4500 4500 4500 4500 4500 4500 4500 4500 4500 4500 4500 4500 4500 4500 4500 4500
  1  -0.000    0    0    0    0    0    0    0    0    0    0    0    0    0    0    0    0    0
  2  -0.007    0    2    2    2    2    2    2    2    2    2    2    2    2    2    2    2    0
  3  -0.015    0    2    2    1    2    2    2    2    2    1    2    2    2    2    2    2    0
  4  -0.029    0    3    2    1    3    1    2    2    2    1    2    3    2    2    2    3    0
  5  -0.059    0    3    3    0    4    1    1    3    3    1    3    4    1    2    1    3    0
  6  -0.118    0    5    3   -2    6    0    1    4    4    0    4    5    1    2    1    5    0
  7  -0.176    0    6    4   -3    9   -1    1    5    4   -1    4    6    1    3    1    6    0
  8  -0.235    0    8    5   -5   10   -1    1    6    5   -2    5    7    1    3    1    7    0
  9  -0.294    0    9    5   -6   12   -2    0    7    6   -3    6    7    0    3    1    8    0
 10  -0.353    0    9    6   -7   13   -2    0    8    7   -3    7    8    0    3    1    9    0
 11  -0.412    0   10    6   -8   14   -2    0    9    8   -4    8    8    0    4    1   10    0
 12  -0.471    0   10    6   -9   14   -2   -1   10    9   -4    9    7    0    4    1   10    0
 13  -0.529    0   10    7   -9   14   -2   -1   10    9   -4   10    7    0    4    1   10    0
 14  -0.588    0   10    6   -9   14   -2   -1   10   10   -4   10    6    0    4    1   10    0
 15  -0.647    0   10    6   -8   14   -2   -1   10    9   -4   10    6    0    4    1   10    0
 16  -0.706    0    9    6   -7   13   -2    0    9    9   -3   10    5    0    4    1    9    0
 17  -0.765    0    8    6   -6   12   -1    0    8    8   -2    9    4    1    4    2    8    0
 18  -0.824    0    7    5   -4   10    0    0    7    8   -1    8    3    1    4    2    7    0
 19  -0.882    0    6    4   -3    8    0    1    6    6    0    6    3    1    3    2    5    0
 20  -0.941    0    4    3    0    5    1    2    4    5    1    5    2    2    3    2    4    0
 21  -1.000    0    0    0    0    0    0    0    0    0    0    0    0    0    0    0    0    0



 Potential temperature, t                

 Time =    0.0250 days    multiply all values by 1.00E-02

 Section j =  1

    i =      1    5    9   13   17   21   25   29   33   37   41   45   49   53   57   61   65
        d =    1    1    1    1    1    1    1    1    1    1    1    1    1    1    1    1    1
  1  -0.004    0    0    0    0    0    0    0    0    0    0    0    0    0    0    0    0    0
  2  -0.011    0    0    0    0    0    0    0    0    0    0    0    0    0    0    0    0    0
  3  -0.022    0    0    0    0    0    0    0    0    0    0    0    0    0    0    0    0    0
  4  -0.044    0    0    0    0    0    0    0    0    0    0    0    0    0    0    0    0    0
  5  -0.088    0    0    0    0    0    0    0    0    0    0    0    0    0    0    0    0    0
  6  -0.147    0    0    0    0    0    0    0    0    0    0    0    0    0    0    0    0    0
  7  -0.206    0    0    0    0    0    0    0    0    0    0    0    0    0    0    0    0    0
  8  -0.265    0    0    0    0    0    0    0    0    0    0    0    0    0    0    0    0    0
  9  -0.324    0    0    0    0    0    0    0    0    0    0    0    0    0    0    0    0    0
 10  -0.382    0    0    0    0    0    0    0    0    0    0    0    0    0    0    0    0    0
 11  -0.441    0    0    0    0    0    0    0    0    0    0    0    0    0    0    0    0    0
 12  -0.500    0    0    0    0    0    0    0    0    0    0    0    0    0    0    0    0    0
 13  -0.559    0    0    0    0    0    0    0    0    0    0    0    0    0    0    0    0    0
 14  -0.618    0    0    0    0    0    0    0    0    0    0    0    0    0    0    0    0    0
 15  -0.676    0    0    0    0    0    0    0    0    0    0    0    0    0    0    0    0    0
 16  -0.735    0    0    0    0    0    0    0    0    0    0    0    0    0    0    0    0    0
 17  -0.794    0    0    0    0    0    0    0    0    0    0    0    0    0    0    0    0    0
 18  -0.853    0    0    0    0    0    0    0    0    0    0    0    0    0    0    0    0    0
 19  -0.912    0    0    0    0    0    0    0    0    0    0    0    0    0    0    0    0    0
 20  -0.971    0    0    0    0    0    0    0    0    0    0    0    0    0    0    0    0    0
 21  -1.029    0    0    0    0    0    0    0    0    0    0    0    0    0    0    0    0    0




 Section j = 24

    i =      1    5    9   13   17   21   25   29   33   37   41   45   49   53   57   61   65
        d = 4500 4500 4500 4500 4499 4435 3793 1892  552 1892 3793 4435 4498 4500 4500 4500 4500
  1  -0.004 1975 1975 1975 1975 1975 1976 1979 1989 1997 1990 1979 1976 1975 1975 1975 1975 1975
  2  -0.011 1927 1927 1927 1927 1927 1928 1938 1968 1991 1970 1939 1928 1927 1927 1927 1927 1927
  3  -0.022 1858 1858 1858 1858 1858 1860 1879 1937 1981 1940 1880 1860 1858 1858 1858 1858 1858
  4  -0.044 1730 1730 1730 1730 1730 1733 1767 1876 1963 1883 1770 1734 1730 1730 1730 1730 1730
  5  -0.088 1508 1508 1508 1508 1509 1514 1571 1763 1927 1775 1576 1515 1509 1508 1508 1508 1508
  6  -0.147 1274 1274 1274 1274 1274 1281 1356 1626 1880 1645 1362 1282 1274 1274 1274 1274 1274
  7  -0.206 1094 1094 1094 1094 1094 1101 1183 1504 1835 1527 1191 1103 1094 1094 1094 1094 1094
  8  -0.265  956  956  956  956  956  963 1046 1395 1791 1422 1054  964  956  956  956  956  956
  9  -0.324  850  850  850  850  850  857  936 1298 1749 1328  944  858  850  850  850  850  850
 10  -0.382  768  768  768  768  769  775  849 1212 1708 1243  856  776  769  768  768  768  768
 11  -0.441  706  706  706  706  706  712  778 1135 1669 1167  785  713  706  706  706  706  706
 12  -0.500  658  658  658  658  658  663  722 1066 1630 1099  728  664  658  658  658  658  658
 13  -0.559  621  621  621  621  621  626  678 1005 1593 1038  683  626  621  621  621  621  621
 14  -0.618  593  593  593  593  593  597  642  951 1558  983  647  597  593  593  593  593  593
 15  -0.676  571  571  571  571  572  575  613  902 1523  934  618  575  572  571  571  571  571
 16  -0.735  555  555  555  555  555  557  591  859 1489  890  594  558  555  555  555  555  555
 17  -0.794  542  542  542  542  542  544  572  820 1457  850  576  544  542  542  542  542  542
 18  -0.853  532  532  532  532  532  534  558  785 1426  814  561  534  532  532  532  532  532
 19  -0.912  525  525  525  525  525  526  546  755 1395  783  549  526  525  525  525  525  525
 20  -0.971  519  519  519  519  519  520  537  727 1366  754  539  520  519  519  519  519  519
 21  -1.029    0    0    0    0    0    0    0    0    0    0    0    0    0    0    0    0    0




 Section j = 48

    i =      1    5    9   13   17   21   25   29   33   37   41   45   49   53   57   61   65
        d = 4500 4500 4500 4500 4500 4500 4500 4500 4500 4500 4500 4500 4500 4500 4500 4500 4500
  1  -0.004 1975 1975 1975 1975 1975 1975 1975 1975 1975 1975 1975 1975 1975 1975 1975 1975 1975
  2  -0.011 1927 1927 1927 1927 1927 1927 1927 1927 1927 1927 1927 1927 1927 1927 1927 1927 1927
  3  -0.022 1858 1858 1858 1858 1858 1858 1858 1858 1858 1858 1858 1858 1858 1858 1858 1858 1858
  4  -0.044 1730 1730 1730 1730 1730 1730 1730 1730 1730 1730 1730 1730 1730 1730 1730 1730 1730
  5  -0.088 1508 1508 1508 1508 1508 1508 1508 1508 1508 1508 1508 1508 1508 1508 1508 1508 1508
  6  -0.147 1274 1274 1274 1274 1274 1274 1274 1274 1274 1274 1274 1274 1274 1274 1274 1274 1274
  7  -0.206 1094 1094 1094 1094 1094 1094 1094 1094 1094 1094 1094 1094 1094 1094 1094 1094 1094
  8  -0.265  956  956  956  956  956  956  956  956  956  956  956  956  956  956  956  956  956
  9  -0.324  850  850  850  850  850  850  850  850  850  850  850  850  850  850  850  850  850
 10  -0.382  768  768  768  768  768  768  768  768  768  768  768  768  768  768  768  768  768
 11  -0.441  706  706  706  706  706  706  706  706  706  706  706  706  706  706  706  706  706
 12  -0.500  658  658  658  658  658  658  658  658  658  658  658  658  658  658  658  658  658
 13  -0.559  621  621  621  621  621  621  621  621  621  621  621  621  621  621  621  621  621
 14  -0.618  593  593  593  593  593  593  593  593  593  593  593  593  593  593  593  593  593
 15  -0.676  571  571  571  571  571  571  571  571  571  571  571  571  571  571  571  571  571
 16  -0.735  555  555  555  555  555  555  555  555  555  555  555  555  555  555  555  555  555
 17  -0.794  542  542  542  542  542  542  542  542  542  542  542  542  542  542  542  542  542
 18  -0.853  532  532  532  532  532  532  532  532  532  532  532  532  532  532  532  532  532
 19  -0.912  525  525  525  525  525  525  525  525  525  525  525  525  525  525  525  525  525
 20  -0.971  519  519  519  519  519  519  519  519  519  519  519  519  519  519  519  519  519
 21  -1.029    0    0    0    0    0    0    0    0    0    0    0    0    0    0    0    0    0



 Salinity, s                             

 Time =    0.0250 days    multiply all values by 1.00E-02

 Section j =  1

    i =      1    5    9   13   17   21   25   29   33   37   41   45   49   53   57   61   65
        d =    1    1    1    1    1    1    1    1    1    1    1    1    1    1    1    1    1
  1  -0.004    0    0    0    0    0    0    0    0    0    0    0    0    0    0    0    0    0
  2  -0.011    0    0    0    0    0    0    0    0    0    0    0    0    0    0    0    0    0
  3  -0.022    0    0    0    0    0    0    0    0    0    0    0    0    0    0    0    0    0
  4  -0.044    0    0    0    0    0    0    0    0    0    0    0    0    0    0    0    0    0
  5  -0.088    0    0    0    0    0    0    0    0    0    0    0    0    0    0    0    0    0
  6  -0.147    0    0    0    0    0    0    0    0    0    0    0    0    0    0    0    0    0
  7  -0.206    0    0    0    0    0    0    0    0    0    0    0    0    0    0    0    0    0
  8  -0.265    0    0    0    0    0    0    0    0    0    0    0    0    0    0    0    0    0
  9  -0.324    0    0    0    0    0    0    0    0    0    0    0    0    0    0    0    0    0
 10  -0.382    0    0    0    0    0    0    0    0    0    0    0    0    0    0    0    0    0
 11  -0.441    0    0    0    0    0    0    0    0    0    0    0    0    0    0    0    0    0
 12  -0.500    0    0    0    0    0    0    0    0    0    0    0    0    0    0    0    0    0
 13  -0.559    0    0    0    0    0    0    0    0    0    0    0    0    0    0    0    0    0
 14  -0.618    0    0    0    0    0    0    0    0    0    0    0    0    0    0    0    0    0
 15  -0.676    0    0    0    0    0    0    0    0    0    0    0    0    0    0    0    0    0
 16  -0.735    0    0    0    0    0    0    0    0    0    0    0    0    0    0    0    0    0
 17  -0.794    0    0    0    0    0    0    0    0    0    0    0    0    0    0    0    0    0
 18  -0.853    0    0    0    0    0    0    0    0    0    0    0    0    0    0    0    0    0
 19  -0.912    0    0    0    0    0    0    0    0    0    0    0    0    0    0    0    0    0
 20  -0.971    0    0    0    0    0    0    0    0    0    0    0    0    0    0    0    0    0
 21  -1.029    0    0    0    0    0    0    0    0    0    0    0    0    0    0    0    0    0




 Section j = 24

    i =      1    5    9   13   17   21   25   29   33   37   41   45   49   53   57   61   65
        d = 4500 4500 4500 4500 4499 4435 3793 1892  552 1892 3793 4435 4498 4500 4500 4500 4500
  1  -0.004 3500 3500 3500 3500 3500 3500 3500 3500 3500 3500 3500 3500 3500 3500 3500 3500 3500
  2  -0.011 3500 3500 3500 3500 3500 3500 3500 3500 3500 3500 3500 3500 3500 3500 3500 3500 3500
  3  -0.022 3500 3500 3500 3500 3500 3500 3500 3500 3500 3500 3500 3500 3500 3500 3500 3500 3500
  4  -0.044 3500 3500 3500 3500 3500 3500 3500 3500 3500 3500 3500 3500 3500 3500 3500 3500 3500
  5  -0.088 3500 3500 3500 3500 3500 3500 3500 3500 3500 3500 3500 3500 3500 3500 3500 3500 3500
  6  -0.147 3500 3500 3500 3500 3500 3500 3500 3500 3500 3500 3500 3500 3500 3500 3500 3500 3500
  7  -0.206 3500 3500 3500 3500 3500 3500 3500 3500 3500 3500 3500 3500 3500 3500 3500 3500 3500
  8  -0.265 3500 3500 3500 3500 3500 3500 3500 3500 3500 3500 3500 3500 3500 3500 3500 3500 3500
  9  -0.324 3500 3500 3500 3500 3500 3500 3500 3500 3500 3500 3500 3500 3500 3500 3500 3500 3500
 10  -0.382 3500 3500 3500 3500 3500 3500 3500 3500 3500 3500 3500 3500 3500 3500 3500 3500 3500
 11  -0.441 3500 3500 3500 3500 3500 3500 3500 3500 3500 3500 3500 3500 3500 3500 3500 3500 3500
 12  -0.500 3500 3500 3500 3500 3500 3500 3500 3500 3500 3500 3500 3500 3500 3500 3500 3500 3500
 13  -0.559 3500 3500 3500 3500 3500 3500 3500 3500 3500 3500 3500 3500 3500 3500 3500 3500 3500
 14  -0.618 3500 3500 3500 3500 3500 3500 3500 3500 3500 3500 3500 3500 3500 3500 3500 3500 3500
 15  -0.676 3500 3500 3500 3500 3500 3500 3500 3500 3500 3500 3500 3500 3500 3500 3500 3500 3500
 16  -0.735 3500 3500 3500 3500 3500 3500 3500 3500 3500 3500 3500 3500 3500 3500 3500 3500 3500
 17  -0.794 3500 3500 3500 3500 3500 3500 3500 3500 3500 3500 3500 3500 3500 3500 3500 3500 3500
 18  -0.853 3500 3500 3500 3500 3500 3500 3500 3500 3500 3500 3500 3500 3500 3500 3500 3500 3500
 19  -0.912 3500 3500 3500 3500 3500 3500 3500 3500 3500 3500 3500 3500 3500 3500 3500 3500 3500
 20  -0.971 3500 3500 3500 3500 3500 3500 3500 3500 3500 3500 3500 3500 3500 3500 3500 3500 3500
 21  -1.029    0    0    0    0    0    0    0    0    0    0    0    0    0    0    0    0    0




 Section j = 48

    i =      1    5    9   13   17   21   25   29   33   37   41   45   49   53   57   61   65
        d = 4500 4500 4500 4500 4500 4500 4500 4500 4500 4500 4500 4500 4500 4500 4500 4500 4500
  1  -0.004 3500 3500 3500 3500 3500 3500 3500 3500 3500 3500 3500 3500 3500 3500 3500 3500 3500
  2  -0.011 3500 3500 3500 3500 3500 3500 3500 3500 3500 3500 3500 3500 3500 3500 3500 3500 3500
  3  -0.022 3500 3500 3500 3500 3500 3500 3500 3500 3500 3500 3500 3500 3500 3500 3500 3500 3500
  4  -0.044 3500 3500 3500 3500 3500 3500 3500 3500 3500 3500 3500 3500 3500 3500 3500 3500 3500
  5  -0.088 3500 3500 3500 3500 3500 3500 3500 3500 3500 3500 3500 3500 3500 3500 3500 3500 3500
  6  -0.147 3500 3500 3500 3500 3500 3500 3500 3500 3500 3500 3500 3500 3500 3500 3500 3500 3500
  7  -0.206 3500 3500 3500 3500 3500 3500 3500 3500 3500 3500 3500 3500 3500 3500 3500 3500 3500
  8  -0.265 3500 3500 3500 3500 3500 3500 3500 3500 3500 3500 3500 3500 3500 3500 3500 3500 3500
  9  -0.324 3500 3500 3500 3500 3500 3500 3500 3500 3500 3500 3500 3500 3500 3500 3500 3500 3500
 10  -0.382 3500 3500 3500 3500 3500 3500 3500 3500 3500 3500 3500 3500 3500 3500 3500 3500 3500
 11  -0.441 3500 3500 3500 3500 3500 3500 3500 3500 3500 3500 3500 3500 3500 3500 3500 3500 3500
 12  -0.500 3500 3500 3500 3500 3500 3500 3500 3500 3500 3500 3500 3500 3500 3500 3500 3500 3500
 13  -0.559 3500 3500 3500 3500 3500 3500 3500 3500 3500 3500 3500 3500 3500 3500 3500 3500 3500
 14  -0.618 3500 3500 3500 3500 3500 3500 3500 3500 3500 3500 3500 3500 3500 3500 3500 3500 3500
 15  -0.676 3500 3500 3500 3500 3500 3500 3500 3500 3500 3500 3500 3500 3500 3500 3500 3500 3500
 16  -0.735 3500 3500 3500 3500 3500 3500 3500 3500 3500 3500 3500 3500 3500 3500 3500 3500 3500
 17  -0.794 3500 3500 3500 3500 3500 3500 3500 3500 3500 3500 3500 3500 3500 3500 3500 3500 3500
 18  -0.853 3500 3500 3500 3500 3500 3500 3500 3500 3500 3500 3500 3500 3500 3500 3500 3500 3500
 19  -0.912 3500 3500 3500 3500 3500 3500 3500 3500 3500 3500 3500 3500 3500 3500 3500 3500 3500
 20  -0.971 3500 3500 3500 3500 3500 3500 3500 3500 3500 3500 3500 3500 3500 3500 3500 3500 3500
 21  -1.029    0    0    0    0    0    0    0    0    0    0    0    0    0    0    0    0    0



 (density-1000)/rhoref, rho              

 Time =    0.0250 days    multiply all values by 1.00E-05

 Section j =  1

    i =      1    5    9   13   17   21   25   29   33   37   41   45   49   53   57   61   65
        d =    1    1    1    1    1    1    1    1    1    1    1    1    1    1    1    1    1
  1  -0.004    0    0    0    0    0    0    0    0    0    0    0    0    0    0    0    0    0
  2  -0.011    0    0    0    0    0    0    0    0    0    0    0    0    0    0    0    0    0
  3  -0.022    0    0    0    0    0    0    0    0    0    0    0    0    0    0    0    0    0
  4  -0.044    0    0    0    0    0    0    0    0    0    0    0    0    0    0    0    0    0
  5  -0.088    0    0    0    0    0    0    0    0    0    0    0    0    0    0    0    0    0
  6  -0.147    0    0    0    0    0    0    0    0    0    0    0    0    0    0    0    0    0
  7  -0.206    0    0    0    0    0    0    0    0    0    0    0    0    0    0    0    0    0
  8  -0.265    0    0    0    0    0    0    0    0    0    0    0    0    0    0    0    0    0
  9  -0.324    0    0    0    0    0    0    0    0    0    0    0    0    0    0    0    0    0
 10  -0.382    0    0    0    0    0    0    0    0    0    0    0    0    0    0    0    0    0
 11  -0.441    0    0    0    0    0    0    0    0    0    0    0    0    0    0    0    0    0
 12  -0.500    0    0    0    0    0    0    0    0    0    0    0    0    0    0    0    0    0
 13  -0.559    0    0    0    0    0    0    0    0    0    0    0    0    0    0    0    0    0
 14  -0.618    0    0    0    0    0    0    0    0    0    0    0    0    0    0    0    0    0
 15  -0.676    0    0    0    0    0    0    0    0    0    0    0    0    0    0    0    0    0
 16  -0.735    0    0    0    0    0    0    0    0    0    0    0    0    0    0    0    0    0
 17  -0.794    0    0    0    0    0    0    0    0    0    0    0    0    0    0    0    0    0
 18  -0.853    0    0    0    0    0    0    0    0    0    0    0    0    0    0    0    0    0
 19  -0.912    0    0    0    0    0    0    0    0    0    0    0    0    0    0    0    0    0
 20  -0.971    0    0    0    0    0    0    0    0    0    0    0    0    0    0    0    0    0
 21  -1.029    0    0    0    0    0    0    0    0    0    0    0    0    0    0    0    0    0




 Section j = 24

    i =      1    5    9   13   17   21   25   29   33   37   41   45   49   53   57   61   65
        d = 4500 4500 4500 4500 4499 4435 3793 1892  552 1892 3793 4435 4498 4500 4500 4500 4500
  1  -0.004 2429 2429 2429 2429 2429 2429 2427 2422 2418 2421 2427 2429 2429 2429 2429 2429 2429
  2  -0.011 2455 2455 2455 2455 2455 2455 2449 2433 2421 2432 2449 2455 2455 2455 2455 2455 2455
  3  -0.022 2494 2494 2494 2494 2494 2493 2482 2450 2426 2449 2482 2493 2494 2494 2494 2494 2494
  4  -0.044 2567 2567 2567 2567 2567 2565 2545 2483 2436 2481 2544 2565 2567 2567 2567 2567 2567
  5  -0.088 2703 2703 2703 2703 2703 2699 2662 2546 2455 2543 2661 2699 2703 2703 2703 2703 2703
  6  -0.147 2866 2866 2866 2866 2866 2861 2805 2625 2481 2621 2803 2861 2866 2866 2866 2866 2866
  7  -0.206 3017 3017 3017 3017 3016 3009 2936 2701 2506 2695 2935 3009 3016 3017 3017 3017 3017
  8  -0.265 3157 3157 3157 3157 3157 3148 3059 2772 2530 2766 3058 3148 3157 3157 3157 3157 3157
  9  -0.324 3291 3291 3291 3291 3291 3280 3176 2840 2554 2834 3175 3280 3291 3291 3291 3291 3291
 10  -0.382 3420 3420 3420 3420 3419 3408 3289 2906 2578 2899 3287 3408 3419 3420 3420 3420 3420
 11  -0.441 3545 3545 3545 3545 3544 3531 3398 2969 2601 2963 3396 3531 3544 3545 3545 3545 3545
 12  -0.500 3667 3667 3667 3667 3666 3652 3504 3030 2623 3024 3503 3652 3666 3667 3667 3667 3667
 13  -0.559 3786 3786 3786 3786 3786 3770 3607 3090 2646 3084 3606 3770 3786 3786 3786 3786 3786
 14  -0.618 3904 3904 3904 3904 3904 3886 3709 3148 2668 3142 3708 3886 3904 3904 3904 3904 3904
 15  -0.676 4020 4020 4020 4020 4020 4001 3810 3205 2689 3199 3809 4001 4020 4020 4020 4020 4020
 16  -0.735 4135 4135 4135 4135 4134 4114 3909 3261 2711 3256 3908 4114 4134 4135 4135 4135 4135
 17  -0.794 4248 4248 4248 4248 4248 4226 4007 3316 2732 3311 4006 4226 4248 4248 4248 4248 4248
 18  -0.853 4360 4360 4360 4360 4360 4337 4103 3371 2753 3365 4103 4337 4360 4360 4360 4360 4360
 19  -0.912 4471 4471 4471 4471 4471 4447 4199 3424 2773 3419 4199 4447 4471 4471 4471 4471 4471
 20  -0.971 4582 4582 4582 4582 4581 4555 4294 3477 2793 3472 4294 4555 4581 4582 4582 4582 4582
 21  -1.029    0    0    0    0    0    0    0    0    0    0    0    0    0    0    0    0    0




 Section j = 48

    i =      1    5    9   13   17   21   25   29   33   37   41   45   49   53   57   61   65
        d = 4500 4500 4500 4500 4500 4500 4500 4500 4500 4500 4500 4500 4500 4500 4500 4500 4500
  1  -0.004 2429 2429 2429 2429 2429 2429 2429 2429 2429 2429 2429 2429 2429 2429 2429 2429 2429
  2  -0.011 2455 2455 2455 2455 2455 2455 2455 2455 2455 2455 2455 2455 2455 2455 2455 2455 2455
  3  -0.022 2494 2494 2494 2494 2494 2494 2494 2494 2494 2494 2494 2494 2494 2494 2494 2494 2494
  4  -0.044 2567 2567 2567 2567 2567 2567 2567 2567 2567 2567 2567 2567 2567 2567 2567 2567 2567
  5  -0.088 2703 2703 2703 2703 2703 2703 2703 2703 2703 2703 2703 2703 2703 2703 2703 2703 2703
  6  -0.147 2866 2866 2866 2866 2866 2866 2866 2866 2866 2866 2866 2866 2866 2866 2866 2866 2866
  7  -0.206 3017 3017 3017 3017 3017 3017 3017 3017 3017 3017 3017 3017 3017 3017 3017 3017 3017
  8  -0.265 3157 3157 3157 3157 3157 3157 3157 3157 3157 3157 3157 3157 3157 3157 3157 3157 3157
  9  -0.324 3291 3291 3291 3291 3291 3291 3291 3291 3291 3291 3291 3291 3291 3291 3291 3291 3291
 10  -0.382 3420 3420 3420 3420 3420 3420 3420 3420 3420 3420 3420 3420 3420 3420 3420 3420 3420
 11  -0.441 3545 3545 3545 3545 3545 3545 3545 3545 3545 3545 3545 3545 3545 3545 3545 3545 3545
 12  -0.500 3667 3667 3667 3667 3667 3667 3667 3667 3667 3667 3667 3667 3667 3667 3667 3667 3667
 13  -0.559 3786 3786 3786 3786 3786 3786 3786 3786 3786 3786 3786 3786 3786 3786 3786 3786 3786
 14  -0.618 3904 3904 3904 3904 3904 3904 3904 3904 3904 3904 3904 3904 3904 3904 3904 3904 3904
 15  -0.676 4020 4020 4020 4020 4020 4020 4020 4020 4020 4020 4020 4020 4020 4020 4020 4020 4020
 16  -0.735 4135 4135 4135 4135 4135 4135 4135 4135 4135 4135 4135 4135 4135 4135 4135 4135 4135
 17  -0.794 4248 4248 4248 4248 4248 4248 4248 4248 4248 4248 4248 4248 4248 4248 4248 4248 4248
 18  -0.853 4360 4360 4360 4360 4360 4360 4360 4360 4360 4360 4360 4360 4360 4360 4360 4360 4360
 19  -0.912 4471 4471 4471 4471 4471 4471 4471 4471 4471 4471 4471 4471 4471 4471 4471 4471 4471
 20  -0.971 4582 4582 4582 4582 4582 4582 4582 4582 4582 4582 4582 4582 4582 4582 4582 4582 4582
 21  -1.029    0    0    0    0    0    0    0    0    0    0    0    0    0    0    0    0    0



 x-velocity, u                           

 Time =    0.0250 days    multiply all values by 1.00E-04

 Section i =  1

    j =      1    4    7   10   13   16   19   22   25   28   31   34   37   40   43   46   49
        d =    1 4500 4500 4500 4500 4500 4500 4500 4500 4500 4500 4500 4500 4500 4500 4500    1
  1  -0.004    0    0    0    0    0    0    0    0    0    0    0    0    0    0    0    0    0
  2  -0.011    0    0    0    0    0    0    0    0    0    0    0    0    0    0    0    0    0
  3  -0.022    0    0    0    0    0    0    0    0    0    0    0    0    0    0    0    0    0
  4  -0.044    0    0    0    0    0    0    0    0    0    0    0    0    0    0    0    0    0
  5  -0.088    0    0    0    0    0    0    0    0    0    0    0    0    0    0    0    0    0
  6  -0.147    0    0    0    0    0    0    0    0    0    0    0    0    0    0    0    0    0
  7  -0.206    0    0    0    0    0    0    0    0    0    0    0    0    0    0    0    0    0
  8  -0.265    0    0    0    0    0    0    0    0    0    0    0    0    0    0    0    0    0
  9  -0.324    0    0    0    0    0    0    0    0    0    0    0    0    0    0    0    0    0
 10  -0.382    0    0    0    0    0    0    0    0    0    0    0    0    0    0    0    0    0
 11  -0.441    0    0    0    0    0    0    0    0    0    0    0    0    0    0    0    0    0
 12  -0.500    0    0    0    0    0    0    0    0    0    0    0    0    0    0    0    0    0
 13  -0.559    0    0    0    0    0    0    0    0    0    0    0    0    0    0    0    0    0
 14  -0.618    0    0    0    0    0    0    0    0    0    0    0    0    0    0    0    0    0
 15  -0.676    0    0    0    0    0    0    0    0    0    0    0    0    0    0    0    0    0
 16  -0.735    0    0    0    0    0    0    0    0    0    0    0    0    0    0    0    0    0
 17  -0.794    0    0    0    0    0    0    0    0    0    0    0    0    0    0    0    0    0
 18  -0.853    0    0    0    0    0    0    0    0    0    0    0    0    0    0    0    0    0
 19  -0.912    0    0    0    0    0    0    0    0    0    0    0    0    0    0    0    0    0
 20  -0.971    0    0    0    0    0    0    0    0    0    0    0    0    0    0    0    0    0
 21  -1.029    0    0    0    0    0    0    0    0    0    0    0    0    0    0    0    0    0




 Section i = 32

    j =      1    4    7   10   13   16   19   22   25   28   31   34   37   40   43   46   49
        d =    1 4500 4500 4498 4453 4106 2999 1373  553 1373 2999 4106 4453 4498 4500 4500    1
  1  -0.004    0 2063 2094 2156 2265 2459 2794 3310 3696 3383 2890 2553 2361 2262 2207 2181    0
  2  -0.011    0 2125 2153 2208 2310 2498 2830 3346 3696 3347 2855 2514 2316 2209 2149 2119    0
  3  -0.022    0 2125 2153 2208 2310 2498 2830 3347 3696 3347 2855 2514 2316 2209 2149 2119    0
  4  -0.044    0 2125 2153 2208 2310 2498 2831 3347 3695 3347 2856 2515 2316 2209 2149 2119    0
  5  -0.088    0 2125 2153 2208 2310 2499 2833 3349 3692 3350 2859 2516 2317 2209 2149 2119    0
  6  -0.147    0 2125 2153 2208 2310 2500 2838 3354 3684 3355 2864 2517 2317 2209 2149 2119    0
  7  -0.206    0 2125 2153 2208 2311 2502 2844 3359 3674 3361 2871 2519 2317 2209 2149 2119    0
  8  -0.265    0 2125 2153 2208 2311 2504 2850 3366 3662 3369 2877 2521 2317 2209 2149 2119    0
  9  -0.324    0 2125 2153 2208 2311 2505 2856 3374 3647 3377 2884 2523 2318 2209 2149 2119    0
 10  -0.382    0 2125 2153 2208 2311 2507 2862 3382 3630 3386 2891 2525 2318 2209 2149 2119    0
 11  -0.441    0 2125 2153 2208 2311 2508 2867 3391 3612 3395 2897 2526 2318 2209 2149 2119    0
 12  -0.500    0 2125 2153 2208 2311 2509 2873 3400 3592 3404 2902 2527 2318 2209 2149 2119    0
 13  -0.559    0 2125 2153 2208 2312 2510 2877 3409 3571 3413 2907 2528 2319 2209 2149 2119    0
 14  -0.618    0 2125 2153 2208 2312 2511 2882 3417 3549 3422 2912 2529 2319 2209 2149 2119    0
 15  -0.676    0 2125 2153 2208 2312 2512 2886 3426 3526 3431 2916 2530 2319 2209 2149 2119    0
 16  -0.735    0 2125 2153 2208 2312 2512 2889 3435 3502 3440 2920 2531 2319 2209 2149 2119    0
 17  -0.794    0 2125 2153 2208 2312 2513 2892 3443 3478 3448 2923 2531 2319 2209 2149 2119    0
 18  -0.853    0 2125 2153 2208 2312 2513 2895 3452 3452 3456 2926 2532 2319 2209 2149 2119    0
 19  -0.912    0 2125 2153 2208 2312 2514 2898 3460 3427 3464 2929 2532 2319 2209 2149 2119    0
 20  -0.971    0 2116 2144 2199 2302 2501 2877 3403 3252 3404 2907 2519 2309 2200 2140 2110    0
 21  -1.029    0    0    0    0    0    0    0    0    0    0    0    0    0    0    0    0    0




 Section i = 64

    j =      1    4    7   10   13   16   19   22   25   28   31   34   37   40   43   46   49
        d =    1 4500 4500 4500 4500 4500 4500 4500 4500 4500 4500 4500 4500 4500 4500 4500    1
  1  -0.004    0 1936 1932 1922 1931 1954 1971 1978 1985 1999 2018 2030 2033 2042 2076 2099    0
  2  -0.011    0 1998 1990 1975 1975 1989 1995 1991 1985 1986 1993 1995 1988 1990 2017 2037    0
  3  -0.022    0 1998 1990 1975 1975 1989 1995 1991 1985 1986 1993 1995 1988 1990 2017 2037    0
  4  -0.044    0 1998 1990 1975 1975 1989 1995 1991 1985 1986 1993 1995 1988 1990 2017 2037    0
  5  -0.088    0 1998 1990 1975 1975 1989 1995 1991 1985 1986 1993 1995 1988 1990 2017 2037    0
  6  -0.147    0 1998 1990 1974 1975 1989 1995 1991 1985 1986 1993 1995 1988 1990 2017 2037    0
  7  -0.206    0 1998 1990 1974 1975 1989 1995 1991 1985 1986 1993 1995 1988 1990 2017 2037    0
  8  -0.265    0 1998 1990 1974 1975 1989 1995 1991 1985 1986 1993 1995 1988 1990 2017 2037    0
  9  -0.324    0 1998 1990 1974 1975 1989 1995 1991 1985 1986 1993 1995 1988 1990 2017 2037    0
 10  -0.382    0 1998 1990 1974 1975 1989 1995 1991 1985 1986 1993 1995 1988 1990 2017 2037    0
 11  -0.441    0 1998 1990 1974 1975 1989 1995 1991 1985 1986 1993 1995 1988 1990 2017 2037    0
 12  -0.500    0 1998 1990 1974 1975 1989 1995 1991 1985 1986 1993 1995 1988 1990 2017 2037    0
 13  -0.559    0 1998 1990 1974 1975 1989 1995 1991 1985 1986 1994 1995 1988 1990 2017 2037    0
 14  -0.618    0 1998 1990 1974 1975 1989 1995 1991 1985 1986 1994 1995 1988 1990 2017 2037    0
 15  -0.676    0 1998 1990 1974 1975 1989 1995 1991 1985 1986 1994 1995 1988 1990 2017 2037    0
 16  -0.735    0 1998 1990 1974 1975 1989 1995 1991 1985 1986 1994 1995 1988 1990 2017 2037    0
 17  -0.794    0 1998 1990 1974 1975 1989 1996 1991 1985 1986 1994 1995 1988 1990 2017 2037    0
 18  -0.853    0 1998 1990 1974 1975 1989 1996 1991 1985 1986 1994 1995 1988 1990 2017 2037    0
 19  -0.912    0 1998 1990 1974 1975 1989 1996 1991 1985 1986 1994 1995 1988 1990 2017 2037    0
 20  -0.971    0 1990 1983 1966 1967 1981 1988 1983 1977 1979 1986 1988 1981 1983 2010 2029    0
 21  -1.029    0    0    0    0    0    0    0    0    0    0    0    0    0    0    0    0    0



 y-velocity, v                           

 Time =    0.0250 days    multiply all values by 1.00E-04

 Section i =  1

    j =      1    4    7   10   13   16   19   22   25   28   31   34   37   40   43   46   49
        d =    1 4500 4500 4500 4500 4500 4500 4500 4500 4500 4500 4500 4500 4500 4500 4500    1
  1  -0.004    0    0    0    0    0    0    0    0    0    0    0    0    0    0    0    0    0
  2  -0.011    0    0    0    0    0    0    0    0    0    0    0    0    0    0    0    0    0
  3  -0.022    0    0    0    0    0    0    0    0    0    0    0    0    0    0    0    0    0
  4  -0.044    0    0    0    0    0    0    0    0    0    0    0    0    0    0    0    0    0
  5  -0.088    0    0    0    0    0    0    0    0    0    0    0    0    0    0    0    0    0
  6  -0.147    0    0    0    0    0    0    0    0    0    0    0    0    0    0    0    0    0
  7  -0.206    0    0    0    0    0    0    0    0    0    0    0    0    0    0    0    0    0
  8  -0.265    0    0    0    0    0    0    0    0    0    0    0    0    0    0    0    0    0
  9  -0.324    0    0    0    0    0    0    0    0    0    0    0    0    0    0    0    0    0
 10  -0.382    0    0    0    0    0    0    0    0    0    0    0    0    0    0    0    0    0
 11  -0.441    0    0    0    0    0    0    0    0    0    0    0    0    0    0    0    0    0
 12  -0.500    0    0    0    0    0    0    0    0    0    0    0    0    0    0    0    0    0
 13  -0.559    0    0    0    0    0    0    0    0    0    0    0    0    0    0    0    0    0
 14  -0.618    0    0    0    0    0    0    0    0    0    0    0    0    0    0    0    0    0
 15  -0.676    0    0    0    0    0    0    0    0    0    0    0    0    0    0    0    0    0
 16  -0.735    0    0    0    0    0    0    0    0    0    0    0    0    0    0    0    0    0
 17  -0.794    0    0    0    0    0    0    0    0    0    0    0    0    0    0    0    0    0
 18  -0.853    0    0    0    0    0    0    0    0    0    0    0    0    0    0    0    0    0
 19  -0.912    0    0    0    0    0    0    0    0    0    0    0    0    0    0    0    0    0
 20  -0.971    0    0    0    0    0    0    0    0    0    0    0    0    0    0    0    0    0
 21  -1.029    0    0    0    0    0    0    0    0    0    0    0    0    0    0    0    0    0




 Section i = 32

    j =      1    4    7   10   13   16   19   22   25   28   31   34   37   40   43   46   49
        d =    1 4500 4500 4498 4453 4106 2999 1373  553 1373 2999 4106 4453 4498 4500 4500    1
  1  -0.004    0    7   -2  -14  -49 -112 -243 -518 -991 -238   -6   22   20   15    9    1    0
  2  -0.011    0    1   -8  -20  -53 -116 -247 -522 -993 -234   -2   26   24   20   15    7    0
  3  -0.022    0    1   -8  -20  -53 -116 -247 -523 -993 -234   -2   26   24   20   15    7    0
  4  -0.044    0    1   -8  -20  -53 -116 -248 -524 -994 -232    0   26   24   20   15    7    0
  5  -0.088    0    1   -8  -20  -53 -117 -250 -531 -997 -224    4   28   24   20   15    7    0
  6  -0.147    0    1   -8  -20  -53 -118 -255 -544-1003 -208   12   30   25   20   15    7    0
  7  -0.206    0    1   -8  -20  -54 -119 -260 -561-1013 -187   22   33   25   20   15    7    0
  8  -0.265    0    1   -8  -20  -54 -121 -266 -580-1025 -161   33   35   26   20   15    7    0
  9  -0.324    0    1   -8  -20  -54 -122 -271 -602-1038 -131   44   38   26   20   15    7    0
 10  -0.382    0    0   -8  -20  -54 -123 -276 -625-1054  -98   55   40   27   21   15    7    0
 11  -0.441    0    0   -8  -20  -54 -124 -281 -648-1072  -64   65   42   27   21   15    7    0
 12  -0.500    0    0   -8  -20  -54 -124 -285 -671-1090  -28   75   44   28   21   15    7    0
 13  -0.559    0    0   -8  -20  -54 -125 -289 -694-1110    9   84   46   28   20   15    7    0
 14  -0.618    0    0   -8  -20  -54 -126 -292 -717-1131   47   92   47   28   21   15    7    0
 15  -0.676    0    0   -8  -20  -54 -126 -295 -738-1153   85  100   49   28   21   15    7    0
 16  -0.735    0    0   -8  -20  -54 -127 -298 -759-1176  124  107   50   29   21   15    7    0
 17  -0.794    0    0   -8  -20  -55 -127 -300 -779-1199  162  113   51   29   21   15    7    0
 18  -0.853    0    0   -8  -20  -55 -127 -302 -798-1222  200  119   51   29   21   15    7    0
 19  -0.912    0    0   -8  -20  -55 -128 -304 -816-1247  237  124   52   29   20   15    7    0
 20  -0.971    0    1   -7  -19  -53 -126 -301 -814-1193  270  129   54   30   21   16    8    0
 21  -1.029    0    0    0    0    0    0    0    0    0    0    0    0    0    0    0    0    0




 Section i = 64

    j =      1    4    7   10   13   16   19   22   25   28   31   34   37   40   43   46   49
        d =    1 4500 4500 4500 4500 4500 4500 4500 4500 4500 4500 4500 4500 4500 4500 4500    1
  1  -0.004    0  -14  -26   -1   38   63   69   60   42   22    4   -5    3   29   53   40    0
  2  -0.011    0  -19  -32   -6   34   60   66   58   42   23    6   -2    7   34   59   46    0
  3  -0.022    0  -19  -32   -6   34   60   66   58   42   23    6   -2    7   34   59   46    0
  4  -0.044    0  -19  -32   -6   34   60   66   58   42   23    6   -2    7   34   59   46    0
  5  -0.088    0  -19  -32   -6   34   60   66   58   42   23    6   -2    7   34   59   46    0
  6  -0.147    0  -19  -32   -6   34   60   66   58   42   23    6   -2    7   34   59   46    0
  7  -0.206    0  -19  -32   -6   34   60   66   58   42   23    6   -2    7   34   59   46    0
  8  -0.265    0  -19  -32   -6   34   60   66   59   42   23    6   -2    7   34   59   46    0
  9  -0.324    0  -19  -32   -6   34   60   66   59   42   23    6   -2    7   34   59   46    0
 10  -0.382    0  -19  -32   -6   34   60   66   59   42   23    6   -2    7   34   59   46    0
 11  -0.441    0  -19  -32   -6   34   60   66   59   42   23    6   -2    7   34   59   46    0
 12  -0.500    0  -19  -32   -6   34   60   66   59   42   23    6   -2    7   34   59   46    0
 13  -0.559    0  -19  -32   -6   34   60   66   59   42   23    6   -2    7   34   59   46    0
 14  -0.618    0  -19  -32   -6   34   60   66   58   42   23    6   -2    7   34   59   46    0
 15  -0.676    0  -19  -32   -6   34   60   66   58   42   23    6   -2    7   34   59   46    0
 16  -0.735    0  -19  -32   -6   34   60   66   58   42   23    6   -2    7   34   58   46    0
 17  -0.794    0  -19  -32   -6   34   60   66   58   43   23    6   -2    7   34   58   46    0
 18  -0.853    0  -19  -32   -6   34   60   66   58   43   23    6   -2    7   34   58   46    0
 19  -0.912    0  -19  -32   -6   34   60   66   58   43   23    6   -2    7   34   58   46    0
 20  -0.971    0  -18  -31   -5   34   60   67   59   44   24    7   -1    8   35   59   47    0
 21  -1.029    0    0    0    0    0    0    0    0    0    0    0    0    0    0    0    0    0



 z-velocity, w                           

 Time =    0.0250 days    multiply all values by 1.00E-06

 Section i =  1

    j =      1    4    7   10   13   16   19   22   25   28   31   34   37   40   43   46   49
        d =    1 4500 4500 4500 4500 4500 4500 4500 4500 4500 4500 4500 4500 4500 4500 4500    1
  1  -0.004    0    0    0    0    0    0    0    0    0    0    0    0    0    0    0    0    0
  2  -0.011    0    0    0    0    0    0    0    0    0    0    0    0    0    0    0    0    0
  3  -0.022    0    0    0    0    0    0    0    0    0    0    0    0    0    0    0    0    0
  4  -0.044    0    0    0    0    0    0    0    0    0    0    0    0    0    0    0    0    0
  5  -0.088    0    0    0    0    0    0    0    0    0    0    0    0    0    0    0    0    0
  6  -0.147    0    0    0    0    0    0    0    0    0    0    0    0    0    0    0    0    0
  7  -0.206    0    0    0    0    0    0    0    0    0    0    0    0    0    0    0    0    0
  8  -0.265    0    0    0    0    0    0    0    0    0    0    0    0    0    0    0    0    0
  9  -0.324    0    0    0    0    0    0    0    0    0    0    0    0    0    0    0    0    0
 10  -0.382    0    0    0    0    0    0    0    0    0    0    0    0    0    0    0    0    0
 11  -0.441    0    0    0    0    0    0    0    0    0    0    0    0    0    0    0    0    0
 12  -0.500    0    0    0    0    0    0    0    0    0    0    0    0    0    0    0    0    0
 13  -0.559    0    0    0    0    0    0    0    0    0    0    0    0    0    0    0    0    0
 14  -0.618    0    0    0    0    0    0    0    0    0    0    0    0    0    0    0    0    0
 15  -0.676    0    0    0    0    0    0    0    0    0    0    0    0    0    0    0    0    0
 16  -0.735    0    0    0    0    0    0    0    0    0    0    0    0    0    0    0    0    0
 17  -0.794    0    0    0    0    0    0    0    0    0    0    0    0    0    0    0    0    0
 18  -0.853    0    0    0    0    0    0    0    0    0    0    0    0    0    0    0    0    0
 19  -0.912    0    0    0    0    0    0    0    0    0    0    0    0    0    0    0    0    0
 20  -0.971    0    0    0    0    0    0    0    0    0    0    0    0    0    0    0    0    0
 21  -1.029    0    0    0    0    0    0    0    0    0    0    0    0    0    0    0    0    0




 Section i = 32

    j =      1    4    7   10   13   16   19   22   25   28   31   34   37   40   43   46   49
        d =    1 4500 4500 4498 4453 4106 2999 1373  553 1373 2999 4106 4453 4498 4500 4500    1
  1  -0.004    0    0    0    0    0    0    0    0    0    0    0    0    0    0    0    0    0
  2  -0.011    0    0    0    1    0    1   -1  -20  -45  -24   -2    1    1    0    0    0    0
  3  -0.022    0    0    0    1   -1    2   -2  -39  -89  -48   -4    1    1    0    0   -1    0
  4  -0.044    0    0    0    3   -1    5   -4  -77 -178  -96   -8    3    3    0    0   -2    0
  5  -0.088    0    0    0    6   -2   10   -7 -153 -355 -190  -15    5    5    0   -1   -3    0
  6  -0.147    0    1    0   12   -5   18  -11 -296 -698 -370  -27   11   11   -1   -2   -6    0
  7  -0.206    0    2    0   18   -8   25  -12 -422-1020 -530  -35   15   17   -1   -3   -9    0
  8  -0.265    0    2   -1   24  -10   30  -10 -526-1311 -666  -39   20   23   -1   -4  -11    0
  9  -0.324    0    2   -1   28  -13   34   -7 -607-1565 -774  -40   23   29   -1   -5  -13    0
 10  -0.382    0    2   -2   31  -15   36   -2 -663-1773 -853  -38   27   35   -1   -7  -15    0
 11  -0.441    0    1   -2   34  -18   38    3 -694-1930 -901  -35   30   39   -1   -8  -17    0
 12  -0.500    0    1   -3   36  -20   39    8 -701-2032 -919  -30   32   42   -1   -9  -17    0
 13  -0.559    0    0   -4   37  -23   38   13 -684-2072 -908  -24   34   43    0  -10  -18    0
 14  -0.618    0    0   -4   37  -25   37   16 -647-2048 -869  -19   35   42    1  -11  -17    0
 15  -0.676    0   -1   -5   36  -26   35   19 -591-1956 -804  -13   33   40    2  -11  -16    0
 16  -0.735    0   -1   -5   33  -26   31   20 -517-1793 -714   -7   30   36    3  -11  -15    0
 17  -0.794    0   -1   -4   30  -25   26   20 -430-1557 -602   -3   26   31    3  -11  -13    0
 18  -0.853    0   -2   -4   25  -21   21   18 -330-1245 -469    0   21   25    3   -9  -11    0
 19  -0.912    0   -1   -3   18  -16   15   14 -221 -856 -319    3   15   18    2   -7   -8    0
 20  -0.971    0   -1   -2   10   -8    9    9 -104 -387 -152    4    9   10    1   -4   -4    0
 21  -1.029    0    0    0    0    0    0    0    0    0    0    0    0    0    0    0    0    0




 Section i = 64

    j =      1    4    7   10   13   16   19   22   25   28   31   34   37   40   43   46   49
        d =    1 4500 4500 4500 4500 4500 4500 4500 4500 4500 4500 4500 4500 4500 4500 4500    1
  1  -0.004    0    0    0    0    0    0    0    0    0    0    0    0    0    0    0    0    0
  2  -0.011    0    2    1    1    1    1    1    0    0   -1   -1   -1   -1   -1   -2   -2    0
  3  -0.022    0    2    1    1    0    1    1    0    1   -1   -1   -1   -1   -1   -2   -2    0
  4  -0.044    0    2    1    0    0    1    1   -1    2   -2   -2   -1   -2   -1   -2   -2    0
  5  -0.088    0    2    1    0   -1    2    2   -2    4   -2   -3   -1   -2   -1   -3   -3    0
  6  -0.147    0    3    0   -2   -3    4    3   -3    8   -4   -6    0   -3   -1   -4   -5    0
  7  -0.206    0    3    0   -4   -5    6    4   -4   12   -5   -8    0   -4   -1   -4   -6    0
  8  -0.265    0    3    0   -6   -6    9    6   -6   15   -6  -10    0   -4   -1   -5   -7    0
  9  -0.324    0    3    0   -7   -8   11    7   -7   18   -7  -11    0   -5   -1   -6   -8    0
 10  -0.382    0    4    0   -8   -9   13    9   -8   20   -7  -12   -1   -6    0   -6   -8    0
 11  -0.441    0    4   -1   -9  -10   14   11   -9   22   -7  -13   -1   -7    0   -7   -9    0
 12  -0.500    0    3   -1   -9  -11   16   12  -10   22   -6  -13   -2   -8    0   -7   -9    0
 13  -0.559    0    3   -1  -10  -12   16   13  -11   22   -6  -13   -2   -8    1   -7   -9    0
 14  -0.618    0    3   -1  -10  -12   16   13  -12   22   -5  -13   -3   -9    1   -7   -9    0
 15  -0.676    0    2   -1  -10  -12   16   13  -12   21   -4  -12   -3   -9    1   -7   -9    0
 16  -0.735    0    2   -2   -9  -11   14   12  -11   19   -3  -11   -3   -8    1   -6   -8    0
 17  -0.794    0    1   -2   -8  -10   12   11  -10   16   -2  -10   -3   -8    1   -6   -8    0
 18  -0.853    0    1   -2   -7   -8   10    9   -9   13   -2   -8   -3   -7    1   -5   -6    0
 19  -0.912    0    0   -2   -6   -6    7    6   -7    9   -1   -6   -3   -5    0   -4   -5    0
 20  -0.971    0    0   -2   -4   -4    3    3   -5    4   -1   -4   -2   -4    0   -3   -3    0
 21  -1.029    0    0    0    0    0    0    0    0    0    0    0    0    0    0    0    0    0



 Potential temperature, t                

 Time =    0.0250 days    multiply all values by 1.00E-02

 Section i =  1

    j =      1    4    7   10   13   16   19   22   25   28   31   34   37   40   43   46   49
        d =    1 4500 4500 4500 4500 4500 4500 4500 4500 4500 4500 4500 4500 4500 4500 4500    1
  1  -0.004    0 1975 1975 1975 1975 1975 1975 1975 1975 1975 1975 1975 1975 1975 1975 1975    0
  2  -0.011    0 1927 1927 1927 1927 1927 1927 1927 1927 1927 1927 1927 1927 1927 1927 1927    0
  3  -0.022    0 1858 1858 1858 1858 1858 1858 1858 1858 1858 1858 1858 1858 1858 1858 1858    0
  4  -0.044    0 1730 1730 1730 1730 1730 1730 1730 1730 1730 1730 1730 1730 1730 1730 1730    0
  5  -0.088    0 1508 1508 1508 1508 1508 1508 1508 1508 1508 1508 1508 1508 1508 1508 1508    0
  6  -0.147    0 1274 1274 1274 1274 1274 1274 1274 1274 1274 1274 1274 1274 1274 1274 1274    0
  7  -0.206    0 1094 1094 1094 1094 1094 1094 1094 1094 1094 1094 1094 1094 1094 1094 1094    0
  8  -0.265    0  956  956  956  956  956  956  956  956  956  956  956  956  956  956  956    0
  9  -0.324    0  850  850  850  850  850  850  850  850  850  850  850  850  850  850  850    0
 10  -0.382    0  768  768  768  768  768  768  768  768  768  768  768  768  768  768  768    0
 11  -0.441    0  706  706  706  706  706  706  706  706  706  706  706  706  706  706  706    0
 12  -0.500    0  658  658  658  658  658  658  658  658  658  658  658  658  658  658  658    0
 13  -0.559    0  621  621  621  621  621  621  621  621  621  621  621  621  621  621  621    0
 14  -0.618    0  593  593  593  593  593  593  593  593  593  593  593  593  593  593  593    0
 15  -0.676    0  571  571  571  571  571  571  571  571  571  571  571  571  571  571  571    0
 16  -0.735    0  555  555  555  555  555  555  555  555  555  555  555  555  555  555  555    0
 17  -0.794    0  542  542  542  542  542  542  542  542  542  542  542  542  542  542  542    0
 18  -0.853    0  532  532  532  532  532  532  532  532  532  532  532  532  532  532  532    0
 19  -0.912    0  525  525  525  525  525  525  525  525  525  525  525  525  525  525  525    0
 20  -0.971    0  519  519  519  519  519  519  519  519  519  519  519  519  519  519  519    0
 21  -1.029    0    0    0    0    0    0    0    0    0    0    0    0    0    0    0    0    0




 Section i = 32

    j =      1    4    7   10   13   16   19   22   25   28   31   34   37   40   43   46   49
        d =    1 4500 4500 4498 4453 4106 2999 1373  553 1373 2999 4106 4453 4498 4500 4500    1
  1  -0.004    0 1975 1975 1975 1976 1977 1983 1992 1996 1992 1983 1977 1976 1975 1975 1975    0
  2  -0.011    0 1927 1927 1927 1928 1934 1951 1977 1990 1977 1951 1934 1928 1927 1927 1927    0
  3  -0.022    0 1858 1858 1858 1860 1870 1904 1954 1980 1954 1904 1870 1860 1858 1858 1858    0
  4  -0.044    0 1730 1730 1730 1732 1751 1814 1910 1960 1910 1813 1751 1732 1730 1730 1730    0
  5  -0.088    0 1508 1508 1509 1513 1544 1650 1826 1921 1825 1650 1544 1513 1509 1508 1508    0
  6  -0.147    0 1274 1274 1274 1279 1320 1464 1721 1871 1720 1463 1320 1279 1274 1274 1274    0
  7  -0.206    0 1094 1094 1094 1100 1144 1308 1625 1823 1623 1307 1144 1100 1094 1094 1094    0
  8  -0.265    0  956  956  956  962 1006 1177 1536 1776 1534 1176 1005  961  956  956  956    0
  9  -0.324    0  850  850  850  855  897 1067 1455 1731 1452 1066  897  855  850  850  850    0
 10  -0.382    0  768  768  769  773  812  975 1379 1688 1376  974  812  773  769  768  768    0
 11  -0.441    0  706  706  706  710  745  898 1310 1646 1307  898  745  710  706  706  706    0
 12  -0.500    0  658  658  658  662  692  834 1246 1606 1243  833  692  662  658  658  658    0
 13  -0.559    0  621  621  621  625  651  780 1188 1567 1184  779  651  625  621  621  621    0
 14  -0.618    0  593  593  593  596  619  734 1134 1529 1130  734  619  596  593  593  593    0
 15  -0.676    0  571  571  572  574  593  696 1084 1493 1080  696  593  574  572  571  571    0
 16  -0.735    0  555  555  555  557  573  665 1038 1458 1034  664  573  557  555  555  555    0
 17  -0.794    0  542  542  542  544  557  638  996 1425  992  637  557  544  542  542  542    0
 18  -0.853    0  532  532  532  534  545  616  957 1392  953  615  545  534  532  532  532    0
 19  -0.912    0  525  525  525  526  535  597  921 1361  917  597  535  526  525  525  525    0
 20  -0.971    0  519  519  519  520  528  581  888 1332  884  581  528  520  519  519  519    0
 21  -1.029    0    0    0    0    0    0    0    0    0    0    0    0    0    0    0    0    0




 Section i = 64

    j =      1    4    7   10   13   16   19   22   25   28   31   34   37   40   43   46   49
        d =    1 4500 4500 4500 4500 4500 4500 4500 4500 4500 4500 4500 4500 4500 4500 4500    1
  1  -0.004    0 1975 1975 1975 1975 1975 1975 1975 1975 1975 1975 1975 1975 1975 1975 1975    0
  2  -0.011    0 1927 1927 1927 1927 1927 1927 1927 1927 1927 1927 1927 1927 1927 1927 1927    0
  3  -0.022    0 1858 1858 1858 1858 1858 1858 1858 1858 1858 1858 1858 1858 1858 1858 1858    0
  4  -0.044    0 1730 1730 1730 1730 1730 1730 1730 1730 1730 1730 1730 1730 1730 1730 1730    0
  5  -0.088    0 1508 1508 1508 1508 1508 1508 1508 1508 1508 1508 1508 1508 1508 1508 1508    0
  6  -0.147    0 1274 1274 1274 1274 1274 1274 1274 1274 1274 1274 1274 1274 1274 1274 1274    0
  7  -0.206    0 1094 1094 1094 1094 1094 1094 1094 1094 1094 1094 1094 1094 1094 1094 1094    0
  8  -0.265    0  956  956  956  956  956  956  956  956  956  956  956  956  956  956  956    0
  9  -0.324    0  850  850  850  850  850  850  850  850  850  850  850  850  850  850  850    0
 10  -0.382    0  768  768  768  768  768  768  768  768  768  768  768  768  768  768  768    0
 11  -0.441    0  706  706  706  706  706  706  706  706  706  706  706  706  706  706  706    0
 12  -0.500    0  658  658  658  658  658  658  658  658  658  658  658  658  658  658  658    0
 13  -0.559    0  621  621  621  621  621  621  621  621  621  621  621  621  621  621  621    0
 14  -0.618    0  593  593  593  593  593  593  593  593  593  593  593  593  593  593  593    0
 15  -0.676    0  571  571  571  571  571  571  571  571  571  571  571  571  571  571  571    0
 16  -0.735    0  555  555  555  555  555  555  555  555  555  555  555  555  555  555  555    0
 17  -0.794    0  542  542  542  542  542  542  542  542  542  542  542  542  542  542  542    0
 18  -0.853    0  532  532  532  532  532  532  532  532  532  532  532  532  532  532  532    0
 19  -0.912    0  525  525  525  525  525  525  525  525  525  525  525  525  525  525  525    0
 20  -0.971    0  519  519  519  519  519  519  519  519  519  519  519  519  519  519  519    0
 21  -1.029    0    0    0    0    0    0    0    0    0    0    0    0    0    0    0    0    0



vtot =    0.3932882E+15   atot =    0.8916713E+11  eaver =  -0.1054503E-01
taver =   0.8340322E+01   saver =   0.3500061E+02  tsalt =   0.1376533E+17

*****************************************************************************************************************************

 time =   0.0250, iint =      13, iext =      31, iprint =       6


