
 source   = pom2k  2006-05-03                       
 title      = Run 1                                   

 iproblem   =          1
 mode       =          3
 nadv       =          1
 nitera     =          2
 sw         =     0.5000
 nread      =          0
 dte        =       6.00
 dti        =      180.0
 isplit     =         30
 time_start = 2000-01-01 00:00:00 +00:00
 days       =     0.0250
 iend       =         12
 prtd1      =     0.0125
 iprint     =          6
 prtd2      =     1.0000
 swtch      =    1000.00
 iswtch     =     480000
 iskp, jskp =     4,    3
 lramp      =          F
 rhoref     =   1025.000
 tbias      =      0.000
 sbias      =      0.000
 grav       =     9.8060
 kappa      =     0.4000
 z0b        =   0.010000
 cbcmin     =   0.002500
 cbcmax     =   1.000000
 horcon     =      0.200
 tprni      =     0.2000
 umol       =     0.0000
 hmax       =    4500.00
 vmaxl      =   100.0000
 slmax      =     2.0000
 kl1, kl2   =     6,   19
 ntp        =          2
 nbct       =          1
 nbcs       =          1
 ispadv     =          5
 smoth      =     0.1000
 alpha      =     0.2250

  k       z         zz         dz         dzz

     1    -0.000    -0.004     0.007     0.007
     2    -0.007    -0.011     0.007     0.011
     3    -0.015    -0.022     0.015     0.022
     4    -0.029    -0.044     0.029     0.044
     5    -0.059    -0.088     0.059     0.059
     6    -0.118    -0.147     0.059     0.059
     7    -0.176    -0.206     0.059     0.059
     8    -0.235    -0.265     0.059     0.059
     9    -0.294    -0.324     0.059     0.059
    10    -0.353    -0.382     0.059     0.059
    11    -0.412    -0.441     0.059     0.059
    12    -0.471    -0.500     0.059     0.059
    13    -0.529    -0.559     0.059     0.059
    14    -0.588    -0.618     0.059     0.059
    15    -0.647    -0.676     0.059     0.059
    16    -0.706    -0.735     0.059     0.059
    17    -0.765    -0.794     0.059     0.059
    18    -0.824    -0.853     0.059     0.059
    19    -0.882    -0.912     0.059     0.059
    20    -0.941    -0.971     0.059     0.059
    21    -1.000    -1.029     0.000     0.000



 grid increment in x, dx                 

 Time =    0.0000 days    multiply all values by 1.00E+00

      1    5    9   13   17   21   25   29   33   37   41   45   49   53   57   61   65
  49 7807 7043 6314 5649 5071 4602 4260 4057 4001 4094 4333 4708 5206 5808 6492 7231 8000
  46 7807 7043 6314 5649 5071 4602 4260 4057 4001 4094 4333 4708 5206 5808 6492 7231 8000
  43 7807 7043 6314 5649 5071 4602 4260 4057 4001 4094 4333 4708 5206 5808 6492 7231 8000
  40 7807 7043 6314 5649 5071 4602 4260 4057 4001 4094 4333 4708 5206 5808 6492 7231 8000
  37 7807 7043 6314 5649 5071 4602 4260 4057 4001 4094 4333 4708 5206 5808 6492 7231 8000
  34 7807 7043 6314 5649 5071 4602 4260 4057 4001 4094 4333 4708 5206 5808 6492 7231 8000
  31 7807 7043 6314 5649 5071 4602 4260 4057 4001 4094 4333 4708 5206 5808 6492 7231 8000
  28 7807 7043 6314 5649 5071 4602 4260 4057 4001 4094 4333 4708 5206 5808 6492 7231 8000
  25 7807 7043 6314 5649 5071 4602 4260 4057 4001 4094 4333 4708 5206 5808 6492 7231 8000
  22 7807 7043 6314 5649 5071 4602 4260 4057 4001 4094 4333 4708 5206 5808 6492 7231 8000
  19 7807 7043 6314 5649 5071 4602 4260 4057 4001 4094 4333 4708 5206 5808 6492 7231 8000
  16 7807 7043 6314 5649 5071 4602 4260 4057 4001 4094 4333 4708 5206 5808 6492 7231 8000
  13 7807 7043 6314 5649 5071 4602 4260 4057 4001 4094 4333 4708 5206 5808 6492 7231 8000
  10 7807 7043 6314 5649 5071 4602 4260 4057 4001 4094 4333 4708 5206 5808 6492 7231 8000
   7 7807 7043 6314 5649 5071 4602 4260 4057 4001 4094 4333 4708 5206 5808 6492 7231 8000
   4 7807 7043 6314 5649 5071 4602 4260 4057 4001 4094 4333 4708 5206 5808 6492 7231 8000
   1 7807 7043 6314 5649 5071 4602 4260 4057 4001 4094 4333 4708 5206 5808 6492 7231 8000



 grid increment in y, dy                 

 Time =    0.0000 days    multiply all values by 1.00E+00

      1    5    9   13   17   21   25   29   33   37   41   45   49   53   57   61   65
  49 8000 8000 8000 8000 8000 8000 8000 8000 8000 8000 8000 8000 8000 8000 8000 8000 8000
  46 7235 7235 7235 7235 7235 7235 7235 7235 7235 7235 7235 7235 7235 7235 7235 7235 7235
  43 6499 6499 6499 6499 6499 6499 6499 6499 6499 6499 6499 6499 6499 6499 6499 6499 6499
  40 5818 5818 5818 5818 5818 5818 5818 5818 5818 5818 5818 5818 5818 5818 5818 5818 5818
  37 5217 5217 5217 5217 5217 5217 5217 5217 5217 5217 5217 5217 5217 5217 5217 5217 5217
  34 4719 4719 4719 4719 4719 4719 4719 4719 4719 4719 4719 4719 4719 4719 4719 4719 4719
  31 4342 4342 4342 4342 4342 4342 4342 4342 4342 4342 4342 4342 4342 4342 4342 4342 4342
  28 4100 4100 4100 4100 4100 4100 4100 4100 4100 4100 4100 4100 4100 4100 4100 4100 4100
  25 4002 4002 4002 4002 4002 4002 4002 4002 4002 4002 4002 4002 4002 4002 4002 4002 4002
  22 4051 4051 4051 4051 4051 4051 4051 4051 4051 4051 4051 4051 4051 4051 4051 4051 4051
  19 4246 4246 4246 4246 4246 4246 4246 4246 4246 4246 4246 4246 4246 4246 4246 4246 4246
  16 4579 4579 4579 4579 4579 4579 4579 4579 4579 4579 4579 4579 4579 4579 4579 4579 4579
  13 5039 5039 5039 5039 5039 5039 5039 5039 5039 5039 5039 5039 5039 5039 5039 5039 5039
  10 5608 5608 5608 5608 5608 5608 5608 5608 5608 5608 5608 5608 5608 5608 5608 5608 5608
   7 6264 6264 6264 6264 6264 6264 6264 6264 6264 6264 6264 6264 6264 6264 6264 6264 6264
   4 6985 6985 6985 6985 6985 6985 6985 6985 6985 6985 6985 6985 6985 6985 6985 6985 6985
   1 7744 7744 7744 7744 7744 7744 7744 7744 7744 7744 7744 7744 7744 7744 7744 7744 7744



 Easting of elevation points, east_e     

 Time =    0.0000 days    multiply all values by 1.00E+02

      1    5    9   13   17   21   25   29   33   37   41   45   49   53   57   61   65
  49   39  336  603  842 1056 1249 1426 1592 1753 1914 2082 2263 2460 2680 2926 3201 3504
  46   39  336  603  842 1056 1249 1426 1592 1753 1914 2082 2263 2460 2680 2926 3201 3504
  43   39  336  603  842 1056 1249 1426 1592 1753 1914 2082 2263 2460 2680 2926 3201 3504
  40   39  336  603  842 1056 1249 1426 1592 1753 1914 2082 2263 2460 2680 2926 3201 3504
  37   39  336  603  842 1056 1249 1426 1592 1753 1914 2082 2263 2460 2680 2926 3201 3504
  34   39  336  603  842 1056 1249 1426 1592 1753 1914 2082 2263 2460 2680 2926 3201 3504
  31   39  336  603  842 1056 1249 1426 1592 1753 1914 2082 2263 2460 2680 2926 3201 3504
  28   39  336  603  842 1056 1249 1426 1592 1753 1914 2082 2263 2460 2680 2926 3201 3504
  25   39  336  603  842 1056 1249 1426 1592 1753 1914 2082 2263 2460 2680 2926 3201 3504
  22   39  336  603  842 1056 1249 1426 1592 1753 1914 2082 2263 2460 2680 2926 3201 3504
  19   39  336  603  842 1056 1249 1426 1592 1753 1914 2082 2263 2460 2680 2926 3201 3504
  16   39  336  603  842 1056 1249 1426 1592 1753 1914 2082 2263 2460 2680 2926 3201 3504
  13   39  336  603  842 1056 1249 1426 1592 1753 1914 2082 2263 2460 2680 2926 3201 3504
  10   39  336  603  842 1056 1249 1426 1592 1753 1914 2082 2263 2460 2680 2926 3201 3504
   7   39  336  603  842 1056 1249 1426 1592 1753 1914 2082 2263 2460 2680 2926 3201 3504
   4   39  336  603  842 1056 1249 1426 1592 1753 1914 2082 2263 2460 2680 2926 3201 3504
   1   39  336  603  842 1056 1249 1426 1592 1753 1914 2082 2263 2460 2680 2926 3201 3504



 Northing of elevation points, north_e   

 Time =    0.0000 days    multiply all values by 1.00E+02

      1    5    9   13   17   21   25   29   33   37   41   45   49   53   57   61   65
  49 2631 2631 2631 2631 2631 2631 2631 2631 2631 2631 2631 2631 2631 2631 2631 2631 2631
  46 2404 2404 2404 2404 2404 2404 2404 2404 2404 2404 2404 2404 2404 2404 2404 2404 2404
  43 2198 2198 2198 2198 2198 2198 2198 2198 2198 2198 2198 2198 2198 2198 2198 2198 2198
  40 2014 2014 2014 2014 2014 2014 2014 2014 2014 2014 2014 2014 2014 2014 2014 2014 2014
  37 1848 1848 1848 1848 1848 1848 1848 1848 1848 1848 1848 1848 1848 1848 1848 1848 1848
  34 1700 1700 1700 1700 1700 1700 1700 1700 1700 1700 1700 1700 1700 1700 1700 1700 1700
  31 1564 1564 1564 1564 1564 1564 1564 1564 1564 1564 1564 1564 1564 1564 1564 1564 1564
  28 1438 1438 1438 1438 1438 1438 1438 1438 1438 1438 1438 1438 1438 1438 1438 1438 1438
  25 1316 1316 1316 1316 1316 1316 1316 1316 1316 1316 1316 1316 1316 1316 1316 1316 1316
  22 1196 1196 1196 1196 1196 1196 1196 1196 1196 1196 1196 1196 1196 1196 1196 1196 1196
  19 1072 1072 1072 1072 1072 1072 1072 1072 1072 1072 1072 1072 1072 1072 1072 1072 1072
  16  940  940  940  940  940  940  940  940  940  940  940  940  940  940  940  940  940
  13  796  796  796  796  796  796  796  796  796  796  796  796  796  796  796  796  796
  10  636  636  636  636  636  636  636  636  636  636  636  636  636  636  636  636  636
   7  458  458  458  458  458  458  458  458  458  458  458  458  458  458  458  458  458
   4  260  260  260  260  260  260  260  260  260  260  260  260  260  260  260  260  260
   1   39   39   39   39   39   39   39   39   39   39   39   39   39   39   39   39   39



 Easting of cell corners, east_c         

 Time =    0.0000 days    multiply all values by 1.00E+02

      1    5    9   13   17   21   25   29   33   37   41   45   49   53   57   61   65
  49    0  301  571  814 1031 1226 1405 1572 1733 1894 2060 2239 2434 2651 2894 3164 3465
  46    0  301  571  814 1031 1226 1405 1572 1733 1894 2060 2239 2434 2651 2894 3164 3465
  43    0  301  571  814 1031 1226 1405 1572 1733 1894 2060 2239 2434 2651 2894 3164 3465
  40    0  301  571  814 1031 1226 1405 1572 1733 1894 2060 2239 2434 2651 2894 3164 3465
  37    0  301  571  814 1031 1226 1405 1572 1733 1894 2060 2239 2434 2651 2894 3164 3465
  34    0  301  571  814 1031 1226 1405 1572 1733 1894 2060 2239 2434 2651 2894 3164 3465
  31    0  301  571  814 1031 1226 1405 1572 1733 1894 2060 2239 2434 2651 2894 3164 3465
  28    0  301  571  814 1031 1226 1405 1572 1733 1894 2060 2239 2434 2651 2894 3164 3465
  25    0  301  571  814 1031 1226 1405 1572 1733 1894 2060 2239 2434 2651 2894 3164 3465
  22    0  301  571  814 1031 1226 1405 1572 1733 1894 2060 2239 2434 2651 2894 3164 3465
  19    0  301  571  814 1031 1226 1405 1572 1733 1894 2060 2239 2434 2651 2894 3164 3465
  16    0  301  571  814 1031 1226 1405 1572 1733 1894 2060 2239 2434 2651 2894 3164 3465
  13    0  301  571  814 1031 1226 1405 1572 1733 1894 2060 2239 2434 2651 2894 3164 3465
  10    0  301  571  814 1031 1226 1405 1572 1733 1894 2060 2239 2434 2651 2894 3164 3465
   7    0  301  571  814 1031 1226 1405 1572 1733 1894 2060 2239 2434 2651 2894 3164 3465
   4    0  301  571  814 1031 1226 1405 1572 1733 1894 2060 2239 2434 2651 2894 3164 3465
   1    0  301  571  814 1031 1226 1405 1572 1733 1894 2060 2239 2434 2651 2894 3164 3465



 Northing of cell corners, north_c       

 Time =    0.0000 days    multiply all values by 1.00E+02

      1    5    9   13   17   21   25   29   33   37   41   45   49   53   57   61   65
  49 2593 2593 2593 2593 2593 2593 2593 2593 2593 2593 2593 2593 2593 2593 2593 2593 2593
  46 2368 2368 2368 2368 2368 2368 2368 2368 2368 2368 2368 2368 2368 2368 2368 2368 2368
  43 2166 2166 2166 2166 2166 2166 2166 2166 2166 2166 2166 2166 2166 2166 2166 2166 2166
  40 1985 1985 1985 1985 1985 1985 1985 1985 1985 1985 1985 1985 1985 1985 1985 1985 1985
  37 1822 1822 1822 1822 1822 1822 1822 1822 1822 1822 1822 1822 1822 1822 1822 1822 1822
  34 1676 1676 1676 1676 1676 1676 1676 1676 1676 1676 1676 1676 1676 1676 1676 1676 1676
  31 1542 1542 1542 1542 1542 1542 1542 1542 1542 1542 1542 1542 1542 1542 1542 1542 1542
  28 1417 1417 1417 1417 1417 1417 1417 1417 1417 1417 1417 1417 1417 1417 1417 1417 1417
  25 1296 1296 1296 1296 1296 1296 1296 1296 1296 1296 1296 1296 1296 1296 1296 1296 1296
  22 1176 1176 1176 1176 1176 1176 1176 1176 1176 1176 1176 1176 1176 1176 1176 1176 1176
  19 1050 1050 1050 1050 1050 1050 1050 1050 1050 1050 1050 1050 1050 1050 1050 1050 1050
  16  917  917  917  917  917  917  917  917  917  917  917  917  917  917  917  917  917
  13  770  770  770  770  770  770  770  770  770  770  770  770  770  770  770  770  770
  10  608  608  608  608  608  608  608  608  608  608  608  608  608  608  608  608  608
   7  427  427  427  427  427  427  427  427  427  427  427  427  427  427  427  427  427
   4  225  225  225  225  225  225  225  225  225  225  225  225  225  225  225  225  225
   1    0    0    0    0    0    0    0    0    0    0    0    0    0    0    0    0    0



 Rotation angle of x-axis wrt. east, rot 

 Time =    0.0000 days    multiply all values by 1.00E-15

      1    5    9   13   17   21   25   29   33   37   41   45   49   53   57   61   65
  49    0    0    0    0    0    0    0    0    0    0    0    0    0    0    0    0    0
  46    0    0    0    0    0    0    0    0    0    0    0    0    0    0    0    0    0
  43    0    0    0    0    0    0    0    0    0    0    0    0    0    0    0    0    0
  40    0    0    0    0    0    0    0    0    0    0    0    0    0    0    0    0    0
  37    0    0    0    0    0    0    0    0    0    0    0    0    0    0    0    0    0
  34    0    0    0    0    0    0    0    0    0    0    0    0    0    0    0    0    0
  31    0    0    0    0    0    0    0    0    0    0    0    0    0    0    0    0    0
  28    0    0    0    0    0    0    0    0    0    0    0    0    0    0    0    0    0
  25    0    0    0    0    0    0    0    0    0    0    0    0    0    0    0    0    0
  22    0    0    0    0    0    0    0    0    0    0    0    0    0    0    0    0    0
  19    0    0    0    0    0    0    0    0    0    0    0    0    0    0    0    0    0
  16    0    0    0    0    0    0    0    0    0    0    0    0    0    0    0    0    0
  13    0    0    0    0    0    0    0    0    0    0    0    0    0    0    0    0    0
  10    0    0    0    0    0    0    0    0    0    0    0    0    0    0    0    0    0
   7    0    0    0    0    0    0    0    0    0    0    0    0    0    0    0    0    0
   4    0    0    0    0    0    0    0    0    0    0    0    0    0    0    0    0    0
   1    0    0    0    0    0    0    0    0    0    0    0    0    0    0    0    0    0



 Undisturbed water depth, h              

 Time =    0.0000 days    multiply all values by 1.00E+01

      1    5    9   13   17   21   25   29   33   37   41   45   49   53   57   61   65
  49    0    0    0    0    0    0    0    0    0    0    0    0    0    0    0    0    0
  46  450  450  450  450  450  450  450  450  450  450  450  450  450  450  450  450  450
  43  450  450  450  450  450  450  450  450  450  450  450  450  450  450  450  450  450
  40  450  450  450  450  450  450  450  450  450  450  450  450  450  450  450  450  450
  37  450  450  450  450  450  450  449  447  445  447  449  450  450  450  450  450  450
  34  450  450  450  450  450  449  443  423  410  423  443  449  450  450  450  450  450
  31  450  450  450  450  450  447  422  348  296  348  422  447  450  450  450  450  450
  28  450  450  450  450  450  445  393  238  129  238  393  445  450  450  450  450  450
  25  450  450  450  450  450  443  377  182   45  182  377  443  450  450  450  450  450
  22  450  450  450  450  450  445  393  238  129  238  393  445  450  450  450  450  450
  19  450  450  450  450  450  447  422  348  296  348  422  447  450  450  450  450  450
  16  450  450  450  450  450  449  443  423  410  423  443  449  450  450  450  450  450
  13  450  450  450  450  450  450  449  447  445  447  449  450  450  450  450  450  450
  10  450  450  450  450  450  450  450  450  450  450  450  450  450  450  450  450  450
   7  450  450  450  450  450  450  450  450  450  450  450  450  450  450  450  450  450
   4  450  450  450  450  450  450  450  450  450  450  450  450  450  450  450  450  450
   1    0    0    0    0    0    0    0    0    0    0    0    0    0    0    0    0    0



 Free surface mask, fsm                  

 Time =    0.0000 days    multiply all values by 1.00E+00

      1    5    9   13   17   21   25   29   33   37   41   45   49   53   57   61   65
  49    0    0    0    0    0    0    0    0    0    0    0    0    0    0    0    0    0
  46    1    1    1    1    1    1    1    1    1    1    1    1    1    1    1    1    1
  43    1    1    1    1    1    1    1    1    1    1    1    1    1    1    1    1    1
  40    1    1    1    1    1    1    1    1    1    1    1    1    1    1    1    1    1
  37    1    1    1    1    1    1    1    1    1    1    1    1    1    1    1    1    1
  34    1    1    1    1    1    1    1    1    1    1    1    1    1    1    1    1    1
  31    1    1    1    1    1    1    1    1    1    1    1    1    1    1    1    1    1
  28    1    1    1    1    1    1    1    1    1    1    1    1    1    1    1    1    1
  25    1    1    1    1    1    1    1    1    1    1    1    1    1    1    1    1    1
  22    1    1    1    1    1    1    1    1    1    1    1    1    1    1    1    1    1
  19    1    1    1    1    1    1    1    1    1    1    1    1    1    1    1    1    1
  16    1    1    1    1    1    1    1    1    1    1    1    1    1    1    1    1    1
  13    1    1    1    1    1    1    1    1    1    1    1    1    1    1    1    1    1
  10    1    1    1    1    1    1    1    1    1    1    1    1    1    1    1    1    1
   7    1    1    1    1    1    1    1    1    1    1    1    1    1    1    1    1    1
   4    1    1    1    1    1    1    1    1    1    1    1    1    1    1    1    1    1
   1    0    0    0    0    0    0    0    0    0    0    0    0    0    0    0    0    0



 u-velocity mask, dum                    

 Time =    0.0000 days    multiply all values by 1.00E+00

      1    5    9   13   17   21   25   29   33   37   41   45   49   53   57   61   65
  49    0    0    0    0    0    0    0    0    0    0    0    0    0    0    0    0    0
  46    0    1    1    1    1    1    1    1    1    1    1    1    1    1    1    1    1
  43    0    1    1    1    1    1    1    1    1    1    1    1    1    1    1    1    1
  40    0    1    1    1    1    1    1    1    1    1    1    1    1    1    1    1    1
  37    0    1    1    1    1    1    1    1    1    1    1    1    1    1    1    1    1
  34    0    1    1    1    1    1    1    1    1    1    1    1    1    1    1    1    1
  31    0    1    1    1    1    1    1    1    1    1    1    1    1    1    1    1    1
  28    0    1    1    1    1    1    1    1    1    1    1    1    1    1    1    1    1
  25    0    1    1    1    1    1    1    1    1    1    1    1    1    1    1    1    1
  22    0    1    1    1    1    1    1    1    1    1    1    1    1    1    1    1    1
  19    0    1    1    1    1    1    1    1    1    1    1    1    1    1    1    1    1
  16    0    1    1    1    1    1    1    1    1    1    1    1    1    1    1    1    1
  13    0    1    1    1    1    1    1    1    1    1    1    1    1    1    1    1    1
  10    0    1    1    1    1    1    1    1    1    1    1    1    1    1    1    1    1
   7    0    1    1    1    1    1    1    1    1    1    1    1    1    1    1    1    1
   4    0    1    1    1    1    1    1    1    1    1    1    1    1    1    1    1    1
   1    0    0    0    0    0    0    0    0    0    0    0    0    0    0    0    0    0



 v-velocity mask, dvm                    

 Time =    0.0000 days    multiply all values by 1.00E+00

      1    5    9   13   17   21   25   29   33   37   41   45   49   53   57   61   65
  49    0    0    0    0    0    0    0    0    0    0    0    0    0    0    0    0    0
  46    0    1    1    1    1    1    1    1    1    1    1    1    1    1    1    1    1
  43    0    1    1    1    1    1    1    1    1    1    1    1    1    1    1    1    1
  40    0    1    1    1    1    1    1    1    1    1    1    1    1    1    1    1    1
  37    0    1    1    1    1    1    1    1    1    1    1    1    1    1    1    1    1
  34    0    1    1    1    1    1    1    1    1    1    1    1    1    1    1    1    1
  31    0    1    1    1    1    1    1    1    1    1    1    1    1    1    1    1    1
  28    0    1    1    1    1    1    1    1    1    1    1    1    1    1    1    1    1
  25    0    1    1    1    1    1    1    1    1    1    1    1    1    1    1    1    1
  22    0    1    1    1    1    1    1    1    1    1    1    1    1    1    1    1    1
  19    0    1    1    1    1    1    1    1    1    1    1    1    1    1    1    1    1
  16    0    1    1    1    1    1    1    1    1    1    1    1    1    1    1    1    1
  13    0    1    1    1    1    1    1    1    1    1    1    1    1    1    1    1    1
  10    0    1    1    1    1    1    1    1    1    1    1    1    1    1    1    1    1
   7    0    1    1    1    1    1    1    1    1    1    1    1    1    1    1    1    1
   4    0    1    1    1    1    1    1    1    1    1    1    1    1    1    1    1    1
   1    0    0    0    0    0    0    0    0    0    0    0    0    0    0    0    0    0



 External (2-D) CFL time step, tps       

 Time =    0.0000 days    multiply all values by 1.00E+00

      1    5    9   13   17   21   25   29   33   37   41   45   49   53   57   61   65
  49    0    0    0    0    0    0    0    0    0    0    0    0    0    0    0    0    0
  46   13   12   11   11   10    9    9    8    8    8    9    9   10   11   12   12   13
  43   12   11   11   10   10    9    8    8    8    8    9    9   10   10   11   12   12
  40   11   11   10   10    9    9    8    8    8    8    8    9    9   10   10   11   11
  37   10   10   10    9    9    8    8    8    8    8    8    8    9    9   10   10   10
  34   10    9    9    9    8    8    8    8    8    8    8    8    8    9    9    9   10
  31    9    9    9    8    8    8    7    8    9    8    8    8    8    8    9    9    9
  28    9    8    8    8    8    7    8    9   13    9    8    7    8    8    8    8    9
  25    8    8    8    8    7    7    8   11   21   11    8    7    8    8    8    8    9
  22    9    8    8    8    8    7    7    9   13    9    8    7    8    8    8    8    9
  19    9    9    8    8    8    7    7    8    9    8    7    8    8    8    8    9    9
  16    9    9    9    8    8    8    7    7    8    7    8    8    8    9    9    9    9
  13   10   10    9    9    9    8    8    8    7    8    8    8    9    9    9   10   10
  10   11   10   10    9    9    8    8    8    8    8    8    9    9   10   10   11   11
   7   12   11   11   10    9    9    8    8    8    8    8    9   10   10   11   11   12
   4   12   12   11   10   10    9    9    8    8    8    9    9   10   11   11   12   13
   1    0    0    0    0    0    0    0    0    0    0    0    0    0    0    0    0    0



 Horizontally-averaged rho, rmean        

 Time =    0.0000 days    multiply all values by 1.00E-05

 Layer k =  1

      1    5    9   13   17   21   25   29   33   37   41   45   49   53   57   61   65
  49    0    0    0    0    0    0    0    0    0    0    0    0    0    0    0    0    0
  46 2429 2429 2429 2429 2429 2429 2429 2429 2429 2429 2429 2429 2429 2429 2429 2429 2429
  43 2429 2429 2429 2429 2429 2429 2429 2429 2429 2429 2429 2429 2429 2429 2429 2429 2429
  40 2429 2429 2429 2429 2429 2429 2429 2429 2429 2429 2429 2429 2429 2429 2429 2429 2429
  37 2429 2429 2429 2429 2429 2429 2429 2429 2429 2429 2429 2429 2429 2429 2429 2429 2429
  34 2429 2429 2429 2429 2429 2429 2429 2428 2428 2428 2429 2429 2429 2429 2429 2429 2429
  31 2429 2429 2429 2429 2429 2429 2428 2426 2425 2426 2428 2429 2429 2429 2429 2429 2429
  28 2429 2429 2429 2429 2429 2429 2428 2423 2420 2423 2428 2429 2429 2429 2429 2429 2429
  25 2429 2429 2429 2429 2429 2429 2427 2421 2417 2421 2427 2429 2429 2429 2429 2429 2429
  22 2429 2429 2429 2429 2429 2429 2428 2423 2420 2423 2428 2429 2429 2429 2429 2429 2429
  19 2429 2429 2429 2429 2429 2429 2428 2426 2425 2426 2428 2429 2429 2429 2429 2429 2429
  16 2429 2429 2429 2429 2429 2429 2429 2428 2428 2428 2429 2429 2429 2429 2429 2429 2429
  13 2429 2429 2429 2429 2429 2429 2429 2429 2429 2429 2429 2429 2429 2429 2429 2429 2429
  10 2429 2429 2429 2429 2429 2429 2429 2429 2429 2429 2429 2429 2429 2429 2429 2429 2429
   7 2429 2429 2429 2429 2429 2429 2429 2429 2429 2429 2429 2429 2429 2429 2429 2429 2429
   4 2429 2429 2429 2429 2429 2429 2429 2429 2429 2429 2429 2429 2429 2429 2429 2429 2429
   1    0    0    0    0    0    0    0    0    0    0    0    0    0    0    0    0    0




 Layer k = 10

      1    5    9   13   17   21   25   29   33   37   41   45   49   53   57   61   65
  49    0    0    0    0    0    0    0    0    0    0    0    0    0    0    0    0    0
  46 3420 3420 3420 3420 3420 3420 3420 3420 3420 3420 3420 3420 3420 3420 3420 3420 3420
  43 3420 3420 3420 3420 3420 3420 3420 3420 3420 3420 3420 3420 3420 3420 3420 3420 3420
  40 3420 3420 3420 3420 3420 3420 3420 3419 3419 3419 3420 3420 3420 3420 3420 3420 3420
  37 3420 3420 3420 3420 3420 3419 3418 3414 3411 3414 3418 3419 3420 3420 3420 3420 3420
  34 3420 3420 3420 3420 3420 3418 3406 3371 3345 3371 3406 3418 3420 3420 3420 3420 3420
  31 3420 3420 3420 3420 3420 3415 3369 3229 3126 3229 3369 3415 3420 3420 3420 3420 3420
  28 3420 3420 3420 3420 3419 3410 3313 3008 2765 3008 3313 3410 3419 3420 3420 3420 3420
  25 3420 3420 3420 3420 3419 3407 3285 2887 2548 2887 3285 3407 3419 3420 3420 3420 3420
  22 3420 3420 3420 3420 3419 3410 3313 3008 2765 3008 3313 3410 3419 3420 3420 3420 3420
  19 3420 3420 3420 3420 3420 3415 3369 3229 3126 3229 3369 3415 3420 3420 3420 3420 3420
  16 3420 3420 3420 3420 3420 3418 3406 3371 3345 3371 3406 3418 3420 3420 3420 3420 3420
  13 3420 3420 3420 3420 3420 3419 3418 3414 3411 3414 3418 3419 3420 3420 3420 3420 3420
  10 3420 3420 3420 3420 3420 3420 3420 3419 3419 3419 3420 3420 3420 3420 3420 3420 3420
   7 3420 3420 3420 3420 3420 3420 3420 3420 3420 3420 3420 3420 3420 3420 3420 3420 3420
   4 3420 3420 3420 3420 3420 3420 3420 3420 3420 3420 3420 3420 3420 3420 3420 3420 3420
   1    0    0    0    0    0    0    0    0    0    0    0    0    0    0    0    0    0




 Layer k = 20

      1    5    9   13   17   21   25   29   33   37   41   45   49   53   57   61   65
  49    0    0    0    0    0    0    0    0    0    0    0    0    0    0    0    0    0
  46 4582 4582 4582 4582 4582 4582 4582 4582 4582 4582 4582 4582 4582 4582 4582 4582 4582
  43 4582 4582 4582 4582 4582 4582 4582 4582 4582 4582 4582 4582 4582 4582 4582 4582 4582
  40 4582 4582 4582 4582 4582 4582 4581 4581 4581 4581 4581 4582 4582 4582 4582 4582 4582
  37 4582 4582 4582 4582 4582 4581 4578 4569 4562 4569 4578 4581 4582 4582 4582 4582 4582
  34 4582 4582 4582 4582 4582 4579 4553 4474 4418 4474 4553 4579 4582 4582 4582 4582 4582
  31 4582 4582 4582 4582 4581 4571 4470 4165 3945 4165 4470 4571 4581 4582 4582 4582 4582
  28 4582 4582 4582 4582 4581 4560 4348 3695 3189 3695 4348 4560 4581 4582 4582 4582 4582
  25 4582 4582 4582 4582 4581 4555 4286 3444 2728 3444 4286 4555 4581 4582 4582 4582 4582
  22 4582 4582 4582 4582 4581 4560 4348 3695 3189 3695 4348 4560 4581 4582 4582 4582 4582
  19 4582 4582 4582 4582 4581 4571 4470 4165 3945 4165 4470 4571 4581 4582 4582 4582 4582
  16 4582 4582 4582 4582 4582 4579 4553 4474 4418 4474 4553 4579 4582 4582 4582 4582 4582
  13 4582 4582 4582 4582 4582 4581 4578 4569 4562 4569 4578 4581 4582 4582 4582 4582 4582
  10 4582 4582 4582 4582 4582 4582 4581 4581 4581 4581 4581 4582 4582 4582 4582 4582 4582
   7 4582 4582 4582 4582 4582 4582 4582 4582 4582 4582 4582 4582 4582 4582 4582 4582 4582
   4 4582 4582 4582 4582 4582 4582 4582 4582 4582 4582 4582 4582 4582 4582 4582 4582 4582
   1    0    0    0    0    0    0    0    0    0    0    0    0    0    0    0    0    0



 Horizontally-averaged rho, rmean        

 Time =    0.0000 days    multiply all values by 1.00E-05

 Section j =  1

    i =      1    5    9   13   17   21   25   29   33   37   41   45   49   53   57   61   65
        d =    1    1    1    1    1    1    1    1    1    1    1    1    1    1    1    1    1
  1  -0.004    0    0    0    0    0    0    0    0    0    0    0    0    0    0    0    0    0
  2  -0.011    0    0    0    0    0    0    0    0    0    0    0    0    0    0    0    0    0
  3  -0.022    0    0    0    0    0    0    0    0    0    0    0    0    0    0    0    0    0
  4  -0.044    0    0    0    0    0    0    0    0    0    0    0    0    0    0    0    0    0
  5  -0.088    0    0    0    0    0    0    0    0    0    0    0    0    0    0    0    0    0
  6  -0.147    0    0    0    0    0    0    0    0    0    0    0    0    0    0    0    0    0
  7  -0.206    0    0    0    0    0    0    0    0    0    0    0    0    0    0    0    0    0
  8  -0.265    0    0    0    0    0    0    0    0    0    0    0    0    0    0    0    0    0
  9  -0.324    0    0    0    0    0    0    0    0    0    0    0    0    0    0    0    0    0
 10  -0.382    0    0    0    0    0    0    0    0    0    0    0    0    0    0    0    0    0
 11  -0.441    0    0    0    0    0    0    0    0    0    0    0    0    0    0    0    0    0
 12  -0.500    0    0    0    0    0    0    0    0    0    0    0    0    0    0    0    0    0
 13  -0.559    0    0    0    0    0    0    0    0    0    0    0    0    0    0    0    0    0
 14  -0.618    0    0    0    0    0    0    0    0    0    0    0    0    0    0    0    0    0
 15  -0.676    0    0    0    0    0    0    0    0    0    0    0    0    0    0    0    0    0
 16  -0.735    0    0    0    0    0    0    0    0    0    0    0    0    0    0    0    0    0
 17  -0.794    0    0    0    0    0    0    0    0    0    0    0    0    0    0    0    0    0
 18  -0.853    0    0    0    0    0    0    0    0    0    0    0    0    0    0    0    0    0
 19  -0.912    0    0    0    0    0    0    0    0    0    0    0    0    0    0    0    0    0
 20  -0.971    0    0    0    0    0    0    0    0    0    0    0    0    0    0    0    0    0
 21  -1.029    0    0    0    0    0    0    0    0    0    0    0    0    0    0    0    0    0




 Section j = 24

    i =      1    5    9   13   17   21   25   29   33   37   41   45   49   53   57   61   65
        d = 4500 4500 4500 4500 4499 4435 3793 1892  552 1892 3793 4435 4499 4500 4500 4500 4500
  1  -0.004 2429 2429 2429 2429 2429 2429 2427 2422 2418 2422 2427 2429 2429 2429 2429 2429 2429
  2  -0.011 2455 2455 2455 2455 2455 2455 2449 2433 2421 2433 2449 2455 2455 2455 2455 2455 2455
  3  -0.022 2494 2494 2494 2494 2494 2493 2482 2449 2426 2449 2482 2493 2494 2494 2494 2494 2494
  4  -0.044 2567 2567 2567 2567 2567 2565 2544 2482 2435 2482 2544 2565 2567 2567 2567 2567 2567
  5  -0.088 2703 2703 2703 2703 2703 2699 2661 2544 2455 2544 2661 2699 2703 2703 2703 2703 2703
  6  -0.147 2866 2866 2866 2866 2866 2861 2804 2623 2480 2623 2804 2861 2866 2866 2866 2866 2866
  7  -0.206 3017 3017 3017 3017 3016 3009 2935 2698 2505 2698 2935 3009 3016 3017 3017 3017 3017
  8  -0.265 3157 3157 3157 3157 3157 3148 3059 2769 2529 2769 3059 3148 3157 3157 3157 3157 3157
  9  -0.324 3291 3291 3291 3291 3291 3280 3176 2837 2553 2837 3176 3280 3291 3291 3291 3291 3291
 10  -0.382 3420 3420 3420 3420 3419 3408 3288 2903 2576 2903 3288 3408 3419 3420 3420 3420 3420
 11  -0.441 3545 3545 3545 3545 3544 3531 3397 2966 2599 2966 3397 3531 3544 3545 3545 3545 3545
 12  -0.500 3667 3667 3667 3667 3666 3652 3503 3027 2622 3027 3503 3652 3666 3667 3667 3667 3667
 13  -0.559 3786 3786 3786 3786 3786 3770 3607 3087 2644 3087 3607 3770 3786 3786 3786 3786 3786
 14  -0.618 3904 3904 3904 3904 3904 3886 3709 3145 2666 3145 3709 3886 3904 3904 3904 3904 3904
 15  -0.676 4020 4020 4020 4020 4020 4001 3809 3203 2687 3203 3809 4001 4020 4020 4020 4020 4020
 16  -0.735 4135 4135 4135 4135 4134 4114 3908 3259 2709 3259 3908 4114 4134 4135 4135 4135 4135
 17  -0.794 4248 4248 4248 4248 4248 4226 4006 3314 2730 3314 4006 4226 4248 4248 4248 4248 4248
 18  -0.853 4360 4360 4360 4360 4360 4337 4103 3368 2750 3368 4103 4337 4360 4360 4360 4360 4360
 19  -0.912 4471 4471 4471 4471 4471 4447 4199 3422 2771 3422 4199 4447 4471 4471 4471 4471 4471
 20  -0.971 4582 4582 4582 4582 4581 4555 4294 3475 2791 3475 4294 4555 4581 4582 4582 4582 4582
 21  -1.029    0    0    0    0    0    0    0    0    0    0    0    0    0    0    0    0    0




 Section j = 48

    i =      1    5    9   13   17   21   25   29   33   37   41   45   49   53   57   61   65
        d = 4500 4500 4500 4500 4500 4500 4500 4500 4500 4500 4500 4500 4500 4500 4500 4500 4500
  1  -0.004 2429 2429 2429 2429 2429 2429 2429 2429 2429 2429 2429 2429 2429 2429 2429 2429 2429
  2  -0.011 2455 2455 2455 2455 2455 2455 2455 2455 2455 2455 2455 2455 2455 2455 2455 2455 2455
  3  -0.022 2494 2494 2494 2494 2494 2494 2494 2494 2494 2494 2494 2494 2494 2494 2494 2494 2494
  4  -0.044 2567 2567 2567 2567 2567 2567 2567 2567 2567 2567 2567 2567 2567 2567 2567 2567 2567
  5  -0.088 2703 2703 2703 2703 2703 2703 2703 2703 2703 2703 2703 2703 2703 2703 2703 2703 2703
  6  -0.147 2866 2866 2866 2866 2866 2866 2866 2866 2866 2866 2866 2866 2866 2866 2866 2866 2866
  7  -0.206 3017 3017 3017 3017 3017 3017 3017 3017 3017 3017 3017 3017 3017 3017 3017 3017 3017
  8  -0.265 3157 3157 3157 3157 3157 3157 3157 3157 3157 3157 3157 3157 3157 3157 3157 3157 3157
  9  -0.324 3291 3291 3291 3291 3291 3291 3291 3291 3291 3291 3291 3291 3291 3291 3291 3291 3291
 10  -0.382 3420 3420 3420 3420 3420 3420 3420 3420 3420 3420 3420 3420 3420 3420 3420 3420 3420
 11  -0.441 3545 3545 3545 3545 3545 3545 3545 3545 3545 3545 3545 3545 3545 3545 3545 3545 3545
 12  -0.500 3667 3667 3667 3667 3667 3667 3667 3667 3667 3667 3667 3667 3667 3667 3667 3667 3667
 13  -0.559 3786 3786 3786 3786 3786 3786 3786 3786 3786 3786 3786 3786 3786 3786 3786 3786 3786
 14  -0.618 3904 3904 3904 3904 3904 3904 3904 3904 3904 3904 3904 3904 3904 3904 3904 3904 3904
 15  -0.676 4020 4020 4020 4020 4020 4020 4020 4020 4020 4020 4020 4020 4020 4020 4020 4020 4020
 16  -0.735 4135 4135 4135 4135 4135 4135 4135 4135 4135 4135 4135 4135 4135 4135 4135 4135 4135
 17  -0.794 4248 4248 4248 4248 4248 4248 4248 4248 4248 4248 4248 4248 4248 4248 4248 4248 4248
 18  -0.853 4360 4360 4360 4360 4360 4360 4360 4360 4360 4360 4360 4360 4360 4360 4360 4360 4360
 19  -0.912 4471 4471 4471 4471 4471 4471 4471 4471 4471 4471 4471 4471 4471 4471 4471 4471 4471
 20  -0.971 4582 4582 4582 4582 4582 4582 4582 4582 4582 4582 4582 4582 4582 4582 4582 4582 4582
 21  -1.029    0    0    0    0    0    0    0    0    0    0    0    0    0    0    0    0    0



 Horizontally-averaged rho, rmean        

 Time =    0.0000 days    multiply all values by 1.00E-05

 Section i =  1

    j =      1    4    7   10   13   16   19   22   25   28   31   34   37   40   43   46   49
        d =    1 4500 4500 4500 4500 4500 4500 4500 4500 4500 4500 4500 4500 4500 4500 4500    1
  1  -0.004    0 2429 2429 2429 2429 2429 2429 2429 2429 2429 2429 2429 2429 2429 2429 2429    0
  2  -0.011    0 2455 2455 2455 2455 2455 2455 2455 2455 2455 2455 2455 2455 2455 2455 2455    0
  3  -0.022    0 2494 2494 2494 2494 2494 2494 2494 2494 2494 2494 2494 2494 2494 2494 2494    0
  4  -0.044    0 2567 2567 2567 2567 2567 2567 2567 2567 2567 2567 2567 2567 2567 2567 2567    0
  5  -0.088    0 2703 2703 2703 2703 2703 2703 2703 2703 2703 2703 2703 2703 2703 2703 2703    0
  6  -0.147    0 2866 2866 2866 2866 2866 2866 2866 2866 2866 2866 2866 2866 2866 2866 2866    0
  7  -0.206    0 3017 3017 3017 3017 3017 3017 3017 3017 3017 3017 3017 3017 3017 3017 3017    0
  8  -0.265    0 3157 3157 3157 3157 3157 3157 3157 3157 3157 3157 3157 3157 3157 3157 3157    0
  9  -0.324    0 3291 3291 3291 3291 3291 3291 3291 3291 3291 3291 3291 3291 3291 3291 3291    0
 10  -0.382    0 3420 3420 3420 3420 3420 3420 3420 3420 3420 3420 3420 3420 3420 3420 3420    0
 11  -0.441    0 3545 3545 3545 3545 3545 3545 3545 3545 3545 3545 3545 3545 3545 3545 3545    0
 12  -0.500    0 3667 3667 3667 3667 3667 3667 3667 3667 3667 3667 3667 3667 3667 3667 3667    0
 13  -0.559    0 3786 3786 3786 3786 3786 3786 3786 3786 3786 3786 3786 3786 3786 3786 3786    0
 14  -0.618    0 3904 3904 3904 3904 3904 3904 3904 3904 3904 3904 3904 3904 3904 3904 3904    0
 15  -0.676    0 4020 4020 4020 4020 4020 4020 4020 4020 4020 4020 4020 4020 4020 4020 4020    0
 16  -0.735    0 4135 4135 4135 4135 4135 4135 4135 4135 4135 4135 4135 4135 4135 4135 4135    0
 17  -0.794    0 4248 4248 4248 4248 4248 4248 4248 4248 4248 4248 4248 4248 4248 4248 4248    0
 18  -0.853    0 4360 4360 4360 4360 4360 4360 4360 4360 4360 4360 4360 4360 4360 4360 4360    0
 19  -0.912    0 4471 4471 4471 4471 4471 4471 4471 4471 4471 4471 4471 4471 4471 4471 4471    0
 20  -0.971    0 4582 4582 4582 4582 4582 4582 4582 4582 4582 4582 4582 4582 4582 4582 4582    0
 21  -1.029    0    0    0    0    0    0    0    0    0    0    0    0    0    0    0    0    0




 Section i = 32

    j =      1    4    7   10   13   16   19   22   25   28   31   34   37   40   43   46   49
        d =    1 4500 4500 4498 4453 4106 2999 1373  552 1373 2999 4106 4453 4498 4500 4500    1
  1  -0.004    0 2429 2429 2429 2429 2428 2425 2420 2418 2420 2425 2428 2429 2429 2429 2429    0
  2  -0.011    0 2455 2455 2455 2455 2452 2442 2428 2421 2428 2442 2452 2455 2455 2455 2455    0
  3  -0.022    0 2494 2494 2494 2493 2487 2468 2440 2426 2440 2468 2487 2493 2494 2494 2494    0
  4  -0.044    0 2567 2567 2567 2566 2554 2519 2464 2435 2464 2519 2554 2566 2567 2567 2567    0
  5  -0.088    0 2703 2703 2703 2700 2680 2614 2510 2455 2510 2614 2680 2700 2703 2703 2703    0
  6  -0.147    0 2866 2866 2866 2862 2832 2731 2569 2480 2569 2731 2832 2862 2866 2866 2866    0
  7  -0.206    0 3017 3017 3016 3011 2972 2840 2626 2505 2626 2840 2972 3011 3016 3017 3017    0
  8  -0.265    0 3157 3157 3157 3151 3103 2943 2681 2529 2681 2943 3103 3151 3157 3157 3157    0
  9  -0.324    0 3291 3291 3291 3283 3227 3040 2733 2553 2733 3040 3227 3283 3291 3291 3291    0
 10  -0.382    0 3420 3420 3419 3411 3347 3134 2784 2576 2784 3134 3347 3411 3419 3420 3420    0
 11  -0.441    0 3545 3545 3544 3535 3463 3224 2833 2599 2833 3224 3463 3535 3544 3545 3545    0
 12  -0.500    0 3667 3667 3666 3656 3576 3312 2881 2622 2881 3312 3576 3656 3666 3667 3667    0
 13  -0.559    0 3786 3786 3786 3775 3687 3398 2928 2644 2928 3398 3687 3775 3786 3786 3786    0
 14  -0.618    0 3904 3904 3904 3891 3796 3482 2973 2666 2973 3482 3796 3891 3904 3904 3904    0
 15  -0.676    0 4020 4020 4020 4006 3903 3565 3018 2687 3018 3565 3903 4006 4020 4020 4020    0
 16  -0.735    0 4135 4135 4134 4120 4009 3646 3062 2709 3062 3646 4009 4120 4134 4135 4135    0
 17  -0.794    0 4248 4248 4247 4232 4114 3726 3105 2730 3105 3726 4114 4232 4247 4248 4248    0
 18  -0.853    0 4360 4360 4360 4343 4218 3806 3147 2750 3147 3806 4218 4343 4360 4360 4360    0
 19  -0.912    0 4471 4471 4471 4453 4320 3884 3188 2771 3188 3884 4320 4453 4471 4471 4471    0
 20  -0.971    0 4582 4582 4581 4563 4422 3962 3229 2791 3229 3962 4422 4563 4581 4582 4582    0
 21  -1.029    0    0    0    0    0    0    0    0    0    0    0    0    0    0    0    0    0




 Section i = 64

    j =      1    4    7   10   13   16   19   22   25   28   31   34   37   40   43   46   49
        d =    1 4500 4500 4500 4500 4500 4500 4500 4500 4500 4500 4500 4500 4500 4500 4500    1
  1  -0.004    0 2429 2429 2429 2429 2429 2429 2429 2429 2429 2429 2429 2429 2429 2429 2429    0
  2  -0.011    0 2455 2455 2455 2455 2455 2455 2455 2455 2455 2455 2455 2455 2455 2455 2455    0
  3  -0.022    0 2494 2494 2494 2494 2494 2494 2494 2494 2494 2494 2494 2494 2494 2494 2494    0
  4  -0.044    0 2567 2567 2567 2567 2567 2567 2567 2567 2567 2567 2567 2567 2567 2567 2567    0
  5  -0.088    0 2703 2703 2703 2703 2703 2703 2703 2703 2703 2703 2703 2703 2703 2703 2703    0
  6  -0.147    0 2866 2866 2866 2866 2866 2866 2866 2866 2866 2866 2866 2866 2866 2866 2866    0
  7  -0.206    0 3017 3017 3017 3017 3017 3017 3017 3017 3017 3017 3017 3017 3017 3017 3017    0
  8  -0.265    0 3157 3157 3157 3157 3157 3157 3157 3157 3157 3157 3157 3157 3157 3157 3157    0
  9  -0.324    0 3291 3291 3291 3291 3291 3291 3291 3291 3291 3291 3291 3291 3291 3291 3291    0
 10  -0.382    0 3420 3420 3420 3420 3420 3420 3420 3420 3420 3420 3420 3420 3420 3420 3420    0
 11  -0.441    0 3545 3545 3545 3545 3545 3545 3545 3545 3545 3545 3545 3545 3545 3545 3545    0
 12  -0.500    0 3667 3667 3667 3667 3667 3667 3667 3667 3667 3667 3667 3667 3667 3667 3667    0
 13  -0.559    0 3786 3786 3786 3786 3786 3786 3786 3786 3786 3786 3786 3786 3786 3786 3786    0
 14  -0.618    0 3904 3904 3904 3904 3904 3904 3904 3904 3904 3904 3904 3904 3904 3904 3904    0
 15  -0.676    0 4020 4020 4020 4020 4020 4020 4020 4020 4020 4020 4020 4020 4020 4020 4020    0
 16  -0.735    0 4135 4135 4135 4135 4135 4135 4135 4135 4135 4135 4135 4135 4135 4135 4135    0
 17  -0.794    0 4248 4248 4248 4248 4248 4248 4248 4248 4248 4248 4248 4248 4248 4248 4248    0
 18  -0.853    0 4360 4360 4360 4360 4360 4360 4360 4360 4360 4360 4360 4360 4360 4360 4360    0
 19  -0.912    0 4471 4471 4471 4471 4471 4471 4471 4471 4471 4471 4471 4471 4471 4471 4471    0
 20  -0.971    0 4582 4582 4582 4582 4582 4582 4582 4582 4582 4582 4582 4582 4582 4582 4582    0
 21  -1.029    0    0    0    0    0    0    0    0    0    0    0    0    0    0    0    0    0



 Depth-averaged u, uab                   

 Time =    0.0000 days    multiply all values by 1.00E-04

      1    5    9   13   17   21   25   29   33   37   41   45   49   53   57   61   65
  49    0    0    0    0    0    0    0    0    0    0    0    0    0    0    0    0    0
  46    0 2000 2000 2000 2000 2000 2000 2000 2000 2000 2000 2000 2000 2000 2000 2000 2000
  43    0 2000 2000 2000 2000 2000 2000 2000 2000 2000 2000 2000 2000 2000 2000 2000 2000
  40    0 2000 2000 2000 2000 2000 2000 2000 2000 2000 2000 2000 2000 2000 2000 2000 2000
  37    0 2000 2000 2000 2000 2000 2000 2000 2000 2000 2000 2000 2000 2000 2000 2000 2000
  34    0 2000 2000 2000 2000 2000 2000 2000 2000 2000 2000 2000 2000 2000 2000 2000 2000
  31    0 2000 2000 2000 2000 2000 2000 2000 2000 2000 2000 2000 2000 2000 2000 2000 2000
  28    0 2000 2000 2000 2000 2000 2000 2000 2000 2000 2000 2000 2000 2000 2000 2000 2000
  25    0 2000 2000 2000 2000 2000 2000 2000 2000 2000 2000 2000 2000 2000 2000 2000 2000
  22    0 2000 2000 2000 2000 2000 2000 2000 2000 2000 2000 2000 2000 2000 2000 2000 2000
  19    0 2000 2000 2000 2000 2000 2000 2000 2000 2000 2000 2000 2000 2000 2000 2000 2000
  16    0 2000 2000 2000 2000 2000 2000 2000 2000 2000 2000 2000 2000 2000 2000 2000 2000
  13    0 2000 2000 2000 2000 2000 2000 2000 2000 2000 2000 2000 2000 2000 2000 2000 2000
  10    0 2000 2000 2000 2000 2000 2000 2000 2000 2000 2000 2000 2000 2000 2000 2000 2000
   7    0 2000 2000 2000 2000 2000 2000 2000 2000 2000 2000 2000 2000 2000 2000 2000 2000
   4    0 2000 2000 2000 2000 2000 2000 2000 2000 2000 2000 2000 2000 2000 2000 2000 2000
   1    0    0    0    0    0    0    0    0    0    0    0    0    0    0    0    0    0



 Depth-averaged v, vab                   

 Time =    0.0000 days    multiply all values by 1.00E-15

      1    5    9   13   17   21   25   29   33   37   41   45   49   53   57   61   65
  49    0    0    0    0    0    0    0    0    0    0    0    0    0    0    0    0    0
  46    0    0    0    0    0    0    0    0    0    0    0    0    0    0    0    0    0
  43    0    0    0    0    0    0    0    0    0    0    0    0    0    0    0    0    0
  40    0    0    0    0    0    0    0    0    0    0    0    0    0    0    0    0    0
  37    0    0    0    0    0    0    0    0    0    0    0    0    0    0    0    0    0
  34    0    0    0    0    0    0    0    0    0    0    0    0    0    0    0    0    0
  31    0    0    0    0    0    0    0    0    0    0    0    0    0    0    0    0    0
  28    0    0    0    0    0    0    0    0    0    0    0    0    0    0    0    0    0
  25    0    0    0    0    0    0    0    0    0    0    0    0    0    0    0    0    0
  22    0    0    0    0    0    0    0    0    0    0    0    0    0    0    0    0    0
  19    0    0    0    0    0    0    0    0    0    0    0    0    0    0    0    0    0
  16    0    0    0    0    0    0    0    0    0    0    0    0    0    0    0    0    0
  13    0    0    0    0    0    0    0    0    0    0    0    0    0    0    0    0    0
  10    0    0    0    0    0    0    0    0    0    0    0    0    0    0    0    0    0
   7    0    0    0    0    0    0    0    0    0    0    0    0    0    0    0    0    0
   4    0    0    0    0    0    0    0    0    0    0    0    0    0    0    0    0    0
   1    0    0    0    0    0    0    0    0    0    0    0    0    0    0    0    0    0



 Surface elevation, elb                  

 Time =    0.0000 days    multiply all values by 1.00E-15

      1    5    9   13   17   21   25   29   33   37   41   45   49   53   57   61   65
  49    0    0    0    0    0    0    0    0    0    0    0    0    0    0    0    0    0
  46    0    0    0    0    0    0    0    0    0    0    0    0    0    0    0    0    0
  43    0    0    0    0    0    0    0    0    0    0    0    0    0    0    0    0    0
  40    0    0    0    0    0    0    0    0    0    0    0    0    0    0    0    0    0
  37    0    0    0    0    0    0    0    0    0    0    0    0    0    0    0    0    0
  34    0    0    0    0    0    0    0    0    0    0    0    0    0    0    0    0    0
  31    0    0    0    0    0    0    0    0    0    0    0    0    0    0    0    0    0
  28    0    0    0    0    0    0    0    0    0    0    0    0    0    0    0    0    0
  25    0    0    0    0    0    0    0    0    0    0    0    0    0    0    0    0    0
  22    0    0    0    0    0    0    0    0    0    0    0    0    0    0    0    0    0
  19    0    0    0    0    0    0    0    0    0    0    0    0    0    0    0    0    0
  16    0    0    0    0    0    0    0    0    0    0    0    0    0    0    0    0    0
  13    0    0    0    0    0    0    0    0    0    0    0    0    0    0    0    0    0
  10    0    0    0    0    0    0    0    0    0    0    0    0    0    0    0    0    0
   7    0    0    0    0    0    0    0    0    0    0    0    0    0    0    0    0    0
   4    0    0    0    0    0    0    0    0    0    0    0    0    0    0    0    0    0
   1    0    0    0    0    0    0    0    0    0    0    0    0    0    0    0    0    0



 Streamfunction, psi from u              

 Time =    0.0000 days    multiply all values by 1.00E+05

      1    5    9   13   17   21   25   29   33   37   41   45   49   53   57   61   65
  49    0 2264 2264 2264 2264 2259 2212 2052 1909 2003 2183 2255 2263 2264 2264 2264 2264
  46    0 2061 2061 2061 2061 2057 2010 1849 1707 1800 1981 2052 2061 2061 2061 2061 2061
  43    0 1879 1879 1879 1879 1875 1828 1667 1525 1618 1798 1870 1879 1879 1879 1879 1879
  40    0 1716 1716 1716 1716 1712 1664 1504 1362 1455 1635 1707 1716 1716 1716 1716 1716
  37    0 1570 1570 1570 1570 1566 1518 1359 1217 1310 1490 1561 1570 1570 1570 1570 1570
  34    0 1439 1439 1439 1439 1434 1388 1231 1092 1183 1359 1430 1438 1439 1439 1439 1439
  31    0 1318 1318 1318 1318 1314 1272 1128 1000 1084 1246 1310 1318 1318 1318 1318 1318
  28    0 1206 1206 1206 1206 1203 1169 1054  953 1020 1148 1199 1205 1206 1206 1206 1206
  25    0 1097 1097 1097 1097 1095 1074 1001  937  979 1060 1093 1097 1097 1097 1097 1097
  22    0  988  988  988  988  987  977  944  914  934  971  986  988  988  988  988  988
  19    0  876  876  876  876  875  872  862  853  859  871  875  876  876  876  876  876
  16    0  755  755  755  755  755  755  753  751  753  754  755  755  755  755  755  755
  13    0  624  624  624  624  624  624  624  623  623  624  624  624  624  624  624  624
  10    0  478  478  478  478  478  478  478  478  478  478  478  478  478  478  478  478
   7    0  315  315  315  315  315  315  315  315  315  315  315  315  315  315  315  315
   4    0  133  133  133  133  133  133  133  133  133  133  133  133  133  133  133  133
   1    0    0    0    0    0    0    0    0    0    0    0    0    0    0    0    0    0



 Streamfunction, psi from v              

 Time =    0.0000 days    multiply all values by 1.00E+05

      1    5    9   13   17   21   25   29   33   37   41   45   49   53   57   61   65
  49    0 2264 2264 2264 2264 2264 2264 2264 2264 2264 2264 2264 2264 2264 2264 2264 2264
  46    0 2061 2061 2061 2061 2061 2061 2061 2061 2061 2061 2061 2061 2061 2061 2061 2061
  43    0 1879 1879 1879 1879 1879 1879 1879 1879 1879 1879 1879 1879 1879 1879 1879 1879
  40    0 1716 1716 1716 1716 1716 1716 1716 1716 1716 1716 1716 1716 1716 1716 1716 1716
  37    0 1570 1570 1570 1570 1570 1570 1570 1570 1570 1570 1570 1570 1570 1570 1570 1570
  34    0 1439 1439 1439 1439 1439 1439 1439 1439 1439 1439 1439 1439 1439 1439 1439 1439
  31    0 1318 1318 1318 1318 1318 1318 1318 1318 1318 1318 1318 1318 1318 1318 1318 1318
  28    0 1206 1206 1206 1206 1206 1206 1206 1206 1206 1206 1206 1206 1206 1206 1206 1206
  25    0 1097 1097 1097 1097 1097 1097 1097 1097 1097 1097 1097 1097 1097 1097 1097 1097
  22    0  988  988  988  988  988  988  988  988  988  988  988  988  988  988  988  988
  19    0  876  876  876  876  876  876  876  876  876  876  876  876  876  876  876  876
  16    0  755  755  755  755  755  755  755  755  755  755  755  755  755  755  755  755
  13    0  624  624  624  624  624  624  624  624  624  624  624  624  624  624  624  624
  10    0  478  478  478  478  478  478  478  478  478  478  478  478  478  478  478  478
   7    0  315  315  315  315  315  315  315  315  315  315  315  315  315  315  315  315
   4    0  133  133  133  133  133  133  133  133  133  133  133  133  133  133  133  133
   1    0    0    0    0    0    0    0    0    0    0    0    0    0    0    0    0    0



 x-velocity, u                           

 Time =    0.0000 days    multiply all values by 1.00E-04

 Layer k =  1

      1    5    9   13   17   21   25   29   33   37   41   45   49   53   57   61   65
  49    0    0    0    0    0    0    0    0    0    0    0    0    0    0    0    0    0
  46    0 2000 2000 2000 2000 2000 2000 2000 2000 2000 2000 2000 2000 2000 2000 2000 2000
  43    0 2000 2000 2000 2000 2000 2000 2000 2000 2000 2000 2000 2000 2000 2000 2000 2000
  40    0 2000 2000 2000 2000 2000 2000 2000 2000 2000 2000 2000 2000 2000 2000 2000 2000
  37    0 2000 2000 2000 2000 2000 2000 2000 2000 2000 2000 2000 2000 2000 2000 2000 2000
  34    0 2000 2000 2000 2000 2000 2000 2000 2000 2000 2000 2000 2000 2000 2000 2000 2000
  31    0 2000 2000 2000 2000 2000 2000 2000 2000 2000 2000 2000 2000 2000 2000 2000 2000
  28    0 2000 2000 2000 2000 2000 2000 2000 2000 2000 2000 2000 2000 2000 2000 2000 2000
  25    0 2000 2000 2000 2000 2000 2000 2000 2000 2000 2000 2000 2000 2000 2000 2000 2000
  22    0 2000 2000 2000 2000 2000 2000 2000 2000 2000 2000 2000 2000 2000 2000 2000 2000
  19    0 2000 2000 2000 2000 2000 2000 2000 2000 2000 2000 2000 2000 2000 2000 2000 2000
  16    0 2000 2000 2000 2000 2000 2000 2000 2000 2000 2000 2000 2000 2000 2000 2000 2000
  13    0 2000 2000 2000 2000 2000 2000 2000 2000 2000 2000 2000 2000 2000 2000 2000 2000
  10    0 2000 2000 2000 2000 2000 2000 2000 2000 2000 2000 2000 2000 2000 2000 2000 2000
   7    0 2000 2000 2000 2000 2000 2000 2000 2000 2000 2000 2000 2000 2000 2000 2000 2000
   4    0 2000 2000 2000 2000 2000 2000 2000 2000 2000 2000 2000 2000 2000 2000 2000 2000
   1    0    0    0    0    0    0    0    0    0    0    0    0    0    0    0    0    0




 Layer k = 10

      1    5    9   13   17   21   25   29   33   37   41   45   49   53   57   61   65
  49    0    0    0    0    0    0    0    0    0    0    0    0    0    0    0    0    0
  46    0 2000 2000 2000 2000 2000 2000 2000 2000 2000 2000 2000 2000 2000 2000 2000 2000
  43    0 2000 2000 2000 2000 2000 2000 2000 2000 2000 2000 2000 2000 2000 2000 2000 2000
  40    0 2000 2000 2000 2000 2000 2000 2000 2000 2000 2000 2000 2000 2000 2000 2000 2000
  37    0 2000 2000 2000 2000 2000 2000 2000 2000 2000 2000 2000 2000 2000 2000 2000 2000
  34    0 2000 2000 2000 2000 2000 2000 2000 2000 2000 2000 2000 2000 2000 2000 2000 2000
  31    0 2000 2000 2000 2000 2000 2000 2000 2000 2000 2000 2000 2000 2000 2000 2000 2000
  28    0 2000 2000 2000 2000 2000 2000 2000 2000 2000 2000 2000 2000 2000 2000 2000 2000
  25    0 2000 2000 2000 2000 2000 2000 2000 2000 2000 2000 2000 2000 2000 2000 2000 2000
  22    0 2000 2000 2000 2000 2000 2000 2000 2000 2000 2000 2000 2000 2000 2000 2000 2000
  19    0 2000 2000 2000 2000 2000 2000 2000 2000 2000 2000 2000 2000 2000 2000 2000 2000
  16    0 2000 2000 2000 2000 2000 2000 2000 2000 2000 2000 2000 2000 2000 2000 2000 2000
  13    0 2000 2000 2000 2000 2000 2000 2000 2000 2000 2000 2000 2000 2000 2000 2000 2000
  10    0 2000 2000 2000 2000 2000 2000 2000 2000 2000 2000 2000 2000 2000 2000 2000 2000
   7    0 2000 2000 2000 2000 2000 2000 2000 2000 2000 2000 2000 2000 2000 2000 2000 2000
   4    0 2000 2000 2000 2000 2000 2000 2000 2000 2000 2000 2000 2000 2000 2000 2000 2000
   1    0    0    0    0    0    0    0    0    0    0    0    0    0    0    0    0    0




 Layer k = 20

      1    5    9   13   17   21   25   29   33   37   41   45   49   53   57   61   65
  49    0    0    0    0    0    0    0    0    0    0    0    0    0    0    0    0    0
  46    0 2000 2000 2000 2000 2000 2000 2000 2000 2000 2000 2000 2000 2000 2000 2000 2000
  43    0 2000 2000 2000 2000 2000 2000 2000 2000 2000 2000 2000 2000 2000 2000 2000 2000
  40    0 2000 2000 2000 2000 2000 2000 2000 2000 2000 2000 2000 2000 2000 2000 2000 2000
  37    0 2000 2000 2000 2000 2000 2000 2000 2000 2000 2000 2000 2000 2000 2000 2000 2000
  34    0 2000 2000 2000 2000 2000 2000 2000 2000 2000 2000 2000 2000 2000 2000 2000 2000
  31    0 2000 2000 2000 2000 2000 2000 2000 2000 2000 2000 2000 2000 2000 2000 2000 2000
  28    0 2000 2000 2000 2000 2000 2000 2000 2000 2000 2000 2000 2000 2000 2000 2000 2000
  25    0 2000 2000 2000 2000 2000 2000 2000 2000 2000 2000 2000 2000 2000 2000 2000 2000
  22    0 2000 2000 2000 2000 2000 2000 2000 2000 2000 2000 2000 2000 2000 2000 2000 2000
  19    0 2000 2000 2000 2000 2000 2000 2000 2000 2000 2000 2000 2000 2000 2000 2000 2000
  16    0 2000 2000 2000 2000 2000 2000 2000 2000 2000 2000 2000 2000 2000 2000 2000 2000
  13    0 2000 2000 2000 2000 2000 2000 2000 2000 2000 2000 2000 2000 2000 2000 2000 2000
  10    0 2000 2000 2000 2000 2000 2000 2000 2000 2000 2000 2000 2000 2000 2000 2000 2000
   7    0 2000 2000 2000 2000 2000 2000 2000 2000 2000 2000 2000 2000 2000 2000 2000 2000
   4    0 2000 2000 2000 2000 2000 2000 2000 2000 2000 2000 2000 2000 2000 2000 2000 2000
   1    0    0    0    0    0    0    0    0    0    0    0    0    0    0    0    0    0



 y-velocity, v                           

 Time =    0.0000 days    multiply all values by 1.00E-15

 Layer k =  1

      1    5    9   13   17   21   25   29   33   37   41   45   49   53   57   61   65
  49    0    0    0    0    0    0    0    0    0    0    0    0    0    0    0    0    0
  46    0    0    0    0    0    0    0    0    0    0    0    0    0    0    0    0    0
  43    0    0    0    0    0    0    0    0    0    0    0    0    0    0    0    0    0
  40    0    0    0    0    0    0    0    0    0    0    0    0    0    0    0    0    0
  37    0    0    0    0    0    0    0    0    0    0    0    0    0    0    0    0    0
  34    0    0    0    0    0    0    0    0    0    0    0    0    0    0    0    0    0
  31    0    0    0    0    0    0    0    0    0    0    0    0    0    0    0    0    0
  28    0    0    0    0    0    0    0    0    0    0    0    0    0    0    0    0    0
  25    0    0    0    0    0    0    0    0    0    0    0    0    0    0    0    0    0
  22    0    0    0    0    0    0    0    0    0    0    0    0    0    0    0    0    0
  19    0    0    0    0    0    0    0    0    0    0    0    0    0    0    0    0    0
  16    0    0    0    0    0    0    0    0    0    0    0    0    0    0    0    0    0
  13    0    0    0    0    0    0    0    0    0    0    0    0    0    0    0    0    0
  10    0    0    0    0    0    0    0    0    0    0    0    0    0    0    0    0    0
   7    0    0    0    0    0    0    0    0    0    0    0    0    0    0    0    0    0
   4    0    0    0    0    0    0    0    0    0    0    0    0    0    0    0    0    0
   1    0    0    0    0    0    0    0    0    0    0    0    0    0    0    0    0    0




 Layer k = 10

      1    5    9   13   17   21   25   29   33   37   41   45   49   53   57   61   65
  49    0    0    0    0    0    0    0    0    0    0    0    0    0    0    0    0    0
  46    0    0    0    0    0    0    0    0    0    0    0    0    0    0    0    0    0
  43    0    0    0    0    0    0    0    0    0    0    0    0    0    0    0    0    0
  40    0    0    0    0    0    0    0    0    0    0    0    0    0    0    0    0    0
  37    0    0    0    0    0    0    0    0    0    0    0    0    0    0    0    0    0
  34    0    0    0    0    0    0    0    0    0    0    0    0    0    0    0    0    0
  31    0    0    0    0    0    0    0    0    0    0    0    0    0    0    0    0    0
  28    0    0    0    0    0    0    0    0    0    0    0    0    0    0    0    0    0
  25    0    0    0    0    0    0    0    0    0    0    0    0    0    0    0    0    0
  22    0    0    0    0    0    0    0    0    0    0    0    0    0    0    0    0    0
  19    0    0    0    0    0    0    0    0    0    0    0    0    0    0    0    0    0
  16    0    0    0    0    0    0    0    0    0    0    0    0    0    0    0    0    0
  13    0    0    0    0    0    0    0    0    0    0    0    0    0    0    0    0    0
  10    0    0    0    0    0    0    0    0    0    0    0    0    0    0    0    0    0
   7    0    0    0    0    0    0    0    0    0    0    0    0    0    0    0    0    0
   4    0    0    0    0    0    0    0    0    0    0    0    0    0    0    0    0    0
   1    0    0    0    0    0    0    0    0    0    0    0    0    0    0    0    0    0




 Layer k = 20

      1    5    9   13   17   21   25   29   33   37   41   45   49   53   57   61   65
  49    0    0    0    0    0    0    0    0    0    0    0    0    0    0    0    0    0
  46    0    0    0    0    0    0    0    0    0    0    0    0    0    0    0    0    0
  43    0    0    0    0    0    0    0    0    0    0    0    0    0    0    0    0    0
  40    0    0    0    0    0    0    0    0    0    0    0    0    0    0    0    0    0
  37    0    0    0    0    0    0    0    0    0    0    0    0    0    0    0    0    0
  34    0    0    0    0    0    0    0    0    0    0    0    0    0    0    0    0    0
  31    0    0    0    0    0    0    0    0    0    0    0    0    0    0    0    0    0
  28    0    0    0    0    0    0    0    0    0    0    0    0    0    0    0    0    0
  25    0    0    0    0    0    0    0    0    0    0    0    0    0    0    0    0    0
  22    0    0    0    0    0    0    0    0    0    0    0    0    0    0    0    0    0
  19    0    0    0    0    0    0    0    0    0    0    0    0    0    0    0    0    0
  16    0    0    0    0    0    0    0    0    0    0    0    0    0    0    0    0    0
  13    0    0    0    0    0    0    0    0    0    0    0    0    0    0    0    0    0
  10    0    0    0    0    0    0    0    0    0    0    0    0    0    0    0    0    0
   7    0    0    0    0    0    0    0    0    0    0    0    0    0    0    0    0    0
   4    0    0    0    0    0    0    0    0    0    0    0    0    0    0    0    0    0
   1    0    0    0    0    0    0    0    0    0    0    0    0    0    0    0    0    0



 z-velocity, w                           

 Time =    0.0000 days    multiply all values by 1.00E-15

 Layer k =  2

      1    5    9   13   17   21   25   29   33   37   41   45   49   53   57   61   65
  49    0    0    0    0    0    0    0    0    0    0    0    0    0    0    0    0    0
  46    0    0    0    0    0    0    0    0    0    0    0    0    0    0    0    0    0
  43    0    0    0    0    0    0    0    0    0    0    0    0    0    0    0    0    0
  40    0    0    0    0    0    0    0    0    0    0    0    0    0    0    0    0    0
  37    0    0    0    0    0    0    0    0    0    0    0    0    0    0    0    0    0
  34    0    0    0    0    0    0    0    0    0    0    0    0    0    0    0    0    0
  31    0    0    0    0    0    0    0    0    0    0    0    0    0    0    0    0    0
  28    0    0    0    0    0    0    0    0    0    0    0    0    0    0    0    0    0
  25    0    0    0    0    0    0    0    0    0    0    0    0    0    0    0    0    0
  22    0    0    0    0    0    0    0    0    0    0    0    0    0    0    0    0    0
  19    0    0    0    0    0    0    0    0    0    0    0    0    0    0    0    0    0
  16    0    0    0    0    0    0    0    0    0    0    0    0    0    0    0    0    0
  13    0    0    0    0    0    0    0    0    0    0    0    0    0    0    0    0    0
  10    0    0    0    0    0    0    0    0    0    0    0    0    0    0    0    0    0
   7    0    0    0    0    0    0    0    0    0    0    0    0    0    0    0    0    0
   4    0    0    0    0    0    0    0    0    0    0    0    0    0    0    0    0    0
   1    0    0    0    0    0    0    0    0    0    0    0    0    0    0    0    0    0




 Layer k = 10

      1    5    9   13   17   21   25   29   33   37   41   45   49   53   57   61   65
  49    0    0    0    0    0    0    0    0    0    0    0    0    0    0    0    0    0
  46    0    0    0    0    0    0    0    0    0    0    0    0    0    0    0    0    0
  43    0    0    0    0    0    0    0    0    0    0    0    0    0    0    0    0    0
  40    0    0    0    0    0    0    0    0    0    0    0    0    0    0    0    0    0
  37    0    0    0    0    0    0    0    0    0    0    0    0    0    0    0    0    0
  34    0    0    0    0    0    0    0    0    0    0    0    0    0    0    0    0    0
  31    0    0    0    0    0    0    0    0    0    0    0    0    0    0    0    0    0
  28    0    0    0    0    0    0    0    0    0    0    0    0    0    0    0    0    0
  25    0    0    0    0    0    0    0    0    0    0    0    0    0    0    0    0    0
  22    0    0    0    0    0    0    0    0    0    0    0    0    0    0    0    0    0
  19    0    0    0    0    0    0    0    0    0    0    0    0    0    0    0    0    0
  16    0    0    0    0    0    0    0    0    0    0    0    0    0    0    0    0    0
  13    0    0    0    0    0    0    0    0    0    0    0    0    0    0    0    0    0
  10    0    0    0    0    0    0    0    0    0    0    0    0    0    0    0    0    0
   7    0    0    0    0    0    0    0    0    0    0    0    0    0    0    0    0    0
   4    0    0    0    0    0    0    0    0    0    0    0    0    0    0    0    0    0
   1    0    0    0    0    0    0    0    0    0    0    0    0    0    0    0    0    0




 Layer k = 20

      1    5    9   13   17   21   25   29   33   37   41   45   49   53   57   61   65
  49    0    0    0    0    0    0    0    0    0    0    0    0    0    0    0    0    0
  46    0    0    0    0    0    0    0    0    0    0    0    0    0    0    0    0    0
  43    0    0    0    0    0    0    0    0    0    0    0    0    0    0    0    0    0
  40    0    0    0    0    0    0    0    0    0    0    0    0    0    0    0    0    0
  37    0    0    0    0    0    0    0    0    0    0    0    0    0    0    0    0    0
  34    0    0    0    0    0    0    0    0    0    0    0    0    0    0    0    0    0
  31    0    0    0    0    0    0    0    0    0    0    0    0    0    0    0    0    0
  28    0    0    0    0    0    0    0    0    0    0    0    0    0    0    0    0    0
  25    0    0    0    0    0    0    0    0    0    0    0    0    0    0    0    0    0
  22    0    0    0    0    0    0    0    0    0    0    0    0    0    0    0    0    0
  19    0    0    0    0    0    0    0    0    0    0    0    0    0    0    0    0    0
  16    0    0    0    0    0    0    0    0    0    0    0    0    0    0    0    0    0
  13    0    0    0    0    0    0    0    0    0    0    0    0    0    0    0    0    0
  10    0    0    0    0    0    0    0    0    0    0    0    0    0    0    0    0    0
   7    0    0    0    0    0    0    0    0    0    0    0    0    0    0    0    0    0
   4    0    0    0    0    0    0    0    0    0    0    0    0    0    0    0    0    0
   1    0    0    0    0    0    0    0    0    0    0    0    0    0    0    0    0    0



 Potential temperature, t                

 Time =    0.0000 days    multiply all values by 1.00E-02

 Layer k =  1

      1    5    9   13   17   21   25   29   33   37   41   45   49   53   57   61   65
  49 2000 2000 2000 2000 2000 2000 2000 2000 2000 2000 2000 2000 2000 2000 2000 2000 2000
  46 1975 1975 1975 1975 1975 1975 1975 1975 1975 1975 1975 1975 1975 1975 1975 1975 1975
  43 1975 1975 1975 1975 1975 1975 1975 1975 1975 1975 1975 1975 1975 1975 1975 1975 1975
  40 1975 1975 1975 1975 1975 1975 1975 1975 1975 1975 1975 1975 1975 1975 1975 1975 1975
  37 1975 1975 1975 1975 1975 1975 1975 1976 1976 1976 1975 1975 1975 1975 1975 1975 1975
  34 1975 1975 1975 1975 1975 1975 1976 1977 1978 1977 1976 1975 1975 1975 1975 1975 1975
  31 1975 1975 1975 1975 1975 1976 1977 1981 1984 1981 1977 1976 1975 1975 1975 1975 1975
  28 1975 1975 1975 1975 1975 1976 1979 1987 1993 1987 1979 1976 1975 1975 1975 1975 1975
  25 1975 1975 1975 1975 1975 1976 1979 1990 1998 1990 1979 1976 1975 1975 1975 1975 1975
  22 1975 1975 1975 1975 1975 1976 1979 1987 1993 1987 1979 1976 1975 1975 1975 1975 1975
  19 1975 1975 1975 1975 1975 1976 1977 1981 1984 1981 1977 1976 1975 1975 1975 1975 1975
  16 1975 1975 1975 1975 1975 1975 1976 1977 1978 1977 1976 1975 1975 1975 1975 1975 1975
  13 1975 1975 1975 1975 1975 1975 1975 1976 1976 1976 1975 1975 1975 1975 1975 1975 1975
  10 1975 1975 1975 1975 1975 1975 1975 1975 1975 1975 1975 1975 1975 1975 1975 1975 1975
   7 1975 1975 1975 1975 1975 1975 1975 1975 1975 1975 1975 1975 1975 1975 1975 1975 1975
   4 1975 1975 1975 1975 1975 1975 1975 1975 1975 1975 1975 1975 1975 1975 1975 1975 1975
   1 2000 2000 2000 2000 2000 2000 2000 2000 2000 2000 2000 2000 2000 2000 2000 2000 2000




 Layer k = 10

      1    5    9   13   17   21   25   29   33   37   41   45   49   53   57   61   65
  49 1999 1999 1999 1999 1999 1999 1999 1999 1999 1999 1999 1999 1999 1999 1999 1999 1999
  46  768  768  768  768  768  768  768  768  768  768  768  768  768  768  768  768  768
  43  768  768  768  768  768  768  768  768  768  768  768  768  768  768  768  768  768
  40  768  768  768  768  768  768  768  769  769  769  768  768  768  768  768  768  768
  37  768  768  768  768  768  769  769  772  773  772  769  769  768  768  768  768  768
  34  768  768  768  768  768  769  776  797  813  797  776  769  768  768  768  768  768
  31  768  768  768  768  769  771  798  896  984  896  798  771  769  768  768  768  768
  28  768  768  768  768  769  774  834 1104 1415 1104  834  774  769  768  768  768  768
  25  768  768  768  768  769  775  854 1247 1763 1247  854  775  769  768  768  768  768
  22  768  768  768  768  769  774  834 1104 1415 1104  834  774  769  768  768  768  768
  19  768  768  768  768  769  771  798  896  984  896  798  771  769  768  768  768  768
  16  768  768  768  768  768  769  776  797  813  797  776  769  768  768  768  768  768
  13  768  768  768  768  768  769  769  772  773  772  769  769  768  768  768  768  768
  10  768  768  768  768  768  768  768  769  769  769  768  768  768  768  768  768  768
   7  768  768  768  768  768  768  768  768  768  768  768  768  768  768  768  768  768
   4  768  768  768  768  768  768  768  768  768  768  768  768  768  768  768  768  768
   1 1999 1999 1999 1999 1999 1999 1999 1999 1999 1999 1999 1999 1999 1999 1999 1999 1999




 Layer k = 20

      1    5    9   13   17   21   25   29   33   37   41   45   49   53   57   61   65
  49 1999 1999 1999 1999 1999 1999 1999 1999 1999 1999 1999 1999 1999 1999 1999 1999 1999
  46  519  519  519  519  519  519  519  519  519  519  519  519  519  519  519  519  519
  43  519  519  519  519  519  519  519  519  519  519  519  519  519  519  519  519  519
  40  519  519  519  519  519  519  519  519  519  519  519  519  519  519  519  519  519
  37  519  519  519  519  519  519  519  520  520  520  519  519  519  519  519  519  519
  34  519  519  519  519  519  519  520  525  528  525  520  519  519  519  519  519  519
  31  519  519  519  519  519  519  525  551  585  551  525  519  519  519  519  519  519
  28  519  519  519  519  519  520  533  649  928  649  533  520  519  519  519  519  519
  25  519  519  519  519  519  520  538  755 1469  755  538  520  519  519  519  519  519
  22  519  519  519  519  519  520  533  649  928  649  533  520  519  519  519  519  519
  19  519  519  519  519  519  519  525  551  585  551  525  519  519  519  519  519  519
  16  519  519  519  519  519  519  520  525  528  525  520  519  519  519  519  519  519
  13  519  519  519  519  519  519  519  520  520  520  519  519  519  519  519  519  519
  10  519  519  519  519  519  519  519  519  519  519  519  519  519  519  519  519  519
   7  519  519  519  519  519  519  519  519  519  519  519  519  519  519  519  519  519
   4  519  519  519  519  519  519  519  519  519  519  519  519  519  519  519  519  519
   1 1999 1999 1999 1999 1999 1999 1999 1999 1999 1999 1999 1999 1999 1999 1999 1999 1999



 Salinity, s                             

 Time =    0.0000 days    multiply all values by 1.00E-02

 Layer k =  1

      1    5    9   13   17   21   25   29   33   37   41   45   49   53   57   61   65
  49 3500 3500 3500 3500 3500 3500 3500 3500 3500 3500 3500 3500 3500 3500 3500 3500 3500
  46 3500 3500 3500 3500 3500 3500 3500 3500 3500 3500 3500 3500 3500 3500 3500 3500 3500
  43 3500 3500 3500 3500 3500 3500 3500 3500 3500 3500 3500 3500 3500 3500 3500 3500 3500
  40 3500 3500 3500 3500 3500 3500 3500 3500 3500 3500 3500 3500 3500 3500 3500 3500 3500
  37 3500 3500 3500 3500 3500 3500 3500 3500 3500 3500 3500 3500 3500 3500 3500 3500 3500
  34 3500 3500 3500 3500 3500 3500 3500 3500 3500 3500 3500 3500 3500 3500 3500 3500 3500
  31 3500 3500 3500 3500 3500 3500 3500 3500 3500 3500 3500 3500 3500 3500 3500 3500 3500
  28 3500 3500 3500 3500 3500 3500 3500 3500 3500 3500 3500 3500 3500 3500 3500 3500 3500
  25 3500 3500 3500 3500 3500 3500 3500 3500 3500 3500 3500 3500 3500 3500 3500 3500 3500
  22 3500 3500 3500 3500 3500 3500 3500 3500 3500 3500 3500 3500 3500 3500 3500 3500 3500
  19 3500 3500 3500 3500 3500 3500 3500 3500 3500 3500 3500 3500 3500 3500 3500 3500 3500
  16 3500 3500 3500 3500 3500 3500 3500 3500 3500 3500 3500 3500 3500 3500 3500 3500 3500
  13 3500 3500 3500 3500 3500 3500 3500 3500 3500 3500 3500 3500 3500 3500 3500 3500 3500
  10 3500 3500 3500 3500 3500 3500 3500 3500 3500 3500 3500 3500 3500 3500 3500 3500 3500
   7 3500 3500 3500 3500 3500 3500 3500 3500 3500 3500 3500 3500 3500 3500 3500 3500 3500
   4 3500 3500 3500 3500 3500 3500 3500 3500 3500 3500 3500 3500 3500 3500 3500 3500 3500
   1 3500 3500 3500 3500 3500 3500 3500 3500 3500 3500 3500 3500 3500 3500 3500 3500 3500




 Layer k = 10

      1    5    9   13   17   21   25   29   33   37   41   45   49   53   57   61   65
  49 3500 3500 3500 3500 3500 3500 3500 3500 3500 3500 3500 3500 3500 3500 3500 3500 3500
  46 3500 3500 3500 3500 3500 3500 3500 3500 3500 3500 3500 3500 3500 3500 3500 3500 3500
  43 3500 3500 3500 3500 3500 3500 3500 3500 3500 3500 3500 3500 3500 3500 3500 3500 3500
  40 3500 3500 3500 3500 3500 3500 3500 3500 3500 3500 3500 3500 3500 3500 3500 3500 3500
  37 3500 3500 3500 3500 3500 3500 3500 3500 3500 3500 3500 3500 3500 3500 3500 3500 3500
  34 3500 3500 3500 3500 3500 3500 3500 3500 3500 3500 3500 3500 3500 3500 3500 3500 3500
  31 3500 3500 3500 3500 3500 3500 3500 3500 3500 3500 3500 3500 3500 3500 3500 3500 3500
  28 3500 3500 3500 3500 3500 3500 3500 3500 3500 3500 3500 3500 3500 3500 3500 3500 3500
  25 3500 3500 3500 3500 3500 3500 3500 3500 3500 3500 3500 3500 3500 3500 3500 3500 3500
  22 3500 3500 3500 3500 3500 3500 3500 3500 3500 3500 3500 3500 3500 3500 3500 3500 3500
  19 3500 3500 3500 3500 3500 3500 3500 3500 3500 3500 3500 3500 3500 3500 3500 3500 3500
  16 3500 3500 3500 3500 3500 3500 3500 3500 3500 3500 3500 3500 3500 3500 3500 3500 3500
  13 3500 3500 3500 3500 3500 3500 3500 3500 3500 3500 3500 3500 3500 3500 3500 3500 3500
  10 3500 3500 3500 3500 3500 3500 3500 3500 3500 3500 3500 3500 3500 3500 3500 3500 3500
   7 3500 3500 3500 3500 3500 3500 3500 3500 3500 3500 3500 3500 3500 3500 3500 3500 3500
   4 3500 3500 3500 3500 3500 3500 3500 3500 3500 3500 3500 3500 3500 3500 3500 3500 3500
   1 3500 3500 3500 3500 3500 3500 3500 3500 3500 3500 3500 3500 3500 3500 3500 3500 3500




 Layer k = 20

      1    5    9   13   17   21   25   29   33   37   41   45   49   53   57   61   65
  49 3500 3500 3500 3500 3500 3500 3500 3500 3500 3500 3500 3500 3500 3500 3500 3500 3500
  46 3500 3500 3500 3500 3500 3500 3500 3500 3500 3500 3500 3500 3500 3500 3500 3500 3500
  43 3500 3500 3500 3500 3500 3500 3500 3500 3500 3500 3500 3500 3500 3500 3500 3500 3500
  40 3500 3500 3500 3500 3500 3500 3500 3500 3500 3500 3500 3500 3500 3500 3500 3500 3500
  37 3500 3500 3500 3500 3500 3500 3500 3500 3500 3500 3500 3500 3500 3500 3500 3500 3500
  34 3500 3500 3500 3500 3500 3500 3500 3500 3500 3500 3500 3500 3500 3500 3500 3500 3500
  31 3500 3500 3500 3500 3500 3500 3500 3500 3500 3500 3500 3500 3500 3500 3500 3500 3500
  28 3500 3500 3500 3500 3500 3500 3500 3500 3500 3500 3500 3500 3500 3500 3500 3500 3500
  25 3500 3500 3500 3500 3500 3500 3500 3500 3500 3500 3500 3500 3500 3500 3500 3500 3500
  22 3500 3500 3500 3500 3500 3500 3500 3500 3500 3500 3500 3500 3500 3500 3500 3500 3500
  19 3500 3500 3500 3500 3500 3500 3500 3500 3500 3500 3500 3500 3500 3500 3500 3500 3500
  16 3500 3500 3500 3500 3500 3500 3500 3500 3500 3500 3500 3500 3500 3500 3500 3500 3500
  13 3500 3500 3500 3500 3500 3500 3500 3500 3500 3500 3500 3500 3500 3500 3500 3500 3500
  10 3500 3500 3500 3500 3500 3500 3500 3500 3500 3500 3500 3500 3500 3500 3500 3500 3500
   7 3500 3500 3500 3500 3500 3500 3500 3500 3500 3500 3500 3500 3500 3500 3500 3500 3500
   4 3500 3500 3500 3500 3500 3500 3500 3500 3500 3500 3500 3500 3500 3500 3500 3500 3500
   1 3500 3500 3500 3500 3500 3500 3500 3500 3500 3500 3500 3500 3500 3500 3500 3500 3500



 (density-1000)/rhoref, rho              

 Time =    0.0000 days    multiply all values by 1.00E-05

 Layer k =  1

      1    5    9   13   17   21   25   29   33   37   41   45   49   53   57   61   65
  49    0    0    0    0    0    0    0    0    0    0    0    0    0    0    0    0    0
  46 2429 2429 2429 2429 2429 2429 2429 2429 2429 2429 2429 2429 2429 2429 2429 2429 2429
  43 2429 2429 2429 2429 2429 2429 2429 2429 2429 2429 2429 2429 2429 2429 2429 2429 2429
  40 2429 2429 2429 2429 2429 2429 2429 2429 2429 2429 2429 2429 2429 2429 2429 2429 2429
  37 2429 2429 2429 2429 2429 2429 2429 2429 2429 2429 2429 2429 2429 2429 2429 2429 2429
  34 2429 2429 2429 2429 2429 2429 2429 2428 2428 2428 2429 2429 2429 2429 2429 2429 2429
  31 2429 2429 2429 2429 2429 2429 2428 2426 2425 2426 2428 2429 2429 2429 2429 2429 2429
  28 2429 2429 2429 2429 2429 2429 2428 2423 2420 2423 2428 2429 2429 2429 2429 2429 2429
  25 2429 2429 2429 2429 2429 2429 2427 2421 2417 2421 2427 2429 2429 2429 2429 2429 2429
  22 2429 2429 2429 2429 2429 2429 2428 2423 2420 2423 2428 2429 2429 2429 2429 2429 2429
  19 2429 2429 2429 2429 2429 2429 2428 2426 2425 2426 2428 2429 2429 2429 2429 2429 2429
  16 2429 2429 2429 2429 2429 2429 2429 2428 2428 2428 2429 2429 2429 2429 2429 2429 2429
  13 2429 2429 2429 2429 2429 2429 2429 2429 2429 2429 2429 2429 2429 2429 2429 2429 2429
  10 2429 2429 2429 2429 2429 2429 2429 2429 2429 2429 2429 2429 2429 2429 2429 2429 2429
   7 2429 2429 2429 2429 2429 2429 2429 2429 2429 2429 2429 2429 2429 2429 2429 2429 2429
   4 2429 2429 2429 2429 2429 2429 2429 2429 2429 2429 2429 2429 2429 2429 2429 2429 2429
   1    0    0    0    0    0    0    0    0    0    0    0    0    0    0    0    0    0




 Layer k = 10

      1    5    9   13   17   21   25   29   33   37   41   45   49   53   57   61   65
  49    0    0    0    0    0    0    0    0    0    0    0    0    0    0    0    0    0
  46 3420 3420 3420 3420 3420 3420 3420 3420 3420 3420 3420 3420 3420 3420 3420 3420 3420
  43 3420 3420 3420 3420 3420 3420 3420 3420 3420 3420 3420 3420 3420 3420 3420 3420 3420
  40 3420 3420 3420 3420 3420 3420 3420 3419 3419 3419 3420 3420 3420 3420 3420 3420 3420
  37 3420 3420 3420 3420 3420 3419 3418 3414 3411 3414 3418 3419 3420 3420 3420 3420 3420
  34 3420 3420 3420 3420 3420 3418 3406 3371 3345 3371 3406 3418 3420 3420 3420 3420 3420
  31 3420 3420 3420 3420 3420 3415 3369 3229 3126 3229 3369 3415 3420 3420 3420 3420 3420
  28 3420 3420 3420 3420 3419 3410 3313 3008 2765 3008 3313 3410 3419 3420 3420 3420 3420
  25 3420 3420 3420 3420 3419 3407 3285 2887 2548 2887 3285 3407 3419 3420 3420 3420 3420
  22 3420 3420 3420 3420 3419 3410 3313 3008 2765 3008 3313 3410 3419 3420 3420 3420 3420
  19 3420 3420 3420 3420 3420 3415 3369 3229 3126 3229 3369 3415 3420 3420 3420 3420 3420
  16 3420 3420 3420 3420 3420 3418 3406 3371 3345 3371 3406 3418 3420 3420 3420 3420 3420
  13 3420 3420 3420 3420 3420 3419 3418 3414 3411 3414 3418 3419 3420 3420 3420 3420 3420
  10 3420 3420 3420 3420 3420 3420 3420 3419 3419 3419 3420 3420 3420 3420 3420 3420 3420
   7 3420 3420 3420 3420 3420 3420 3420 3420 3420 3420 3420 3420 3420 3420 3420 3420 3420
   4 3420 3420 3420 3420 3420 3420 3420 3420 3420 3420 3420 3420 3420 3420 3420 3420 3420
   1    0    0    0    0    0    0    0    0    0    0    0    0    0    0    0    0    0




 Layer k = 20

      1    5    9   13   17   21   25   29   33   37   41   45   49   53   57   61   65
  49    0    0    0    0    0    0    0    0    0    0    0    0    0    0    0    0    0
  46 4582 4582 4582 4582 4582 4582 4582 4582 4582 4582 4582 4582 4582 4582 4582 4582 4582
  43 4582 4582 4582 4582 4582 4582 4582 4582 4582 4582 4582 4582 4582 4582 4582 4582 4582
  40 4582 4582 4582 4582 4582 4582 4581 4581 4581 4581 4581 4582 4582 4582 4582 4582 4582
  37 4582 4582 4582 4582 4582 4581 4578 4569 4562 4569 4578 4581 4582 4582 4582 4582 4582
  34 4582 4582 4582 4582 4582 4579 4553 4474 4418 4474 4553 4579 4582 4582 4582 4582 4582
  31 4582 4582 4582 4582 4581 4571 4470 4165 3945 4165 4470 4571 4581 4582 4582 4582 4582
  28 4582 4582 4582 4582 4581 4560 4348 3695 3189 3695 4348 4560 4581 4582 4582 4582 4582
  25 4582 4582 4582 4582 4581 4555 4286 3444 2728 3444 4286 4555 4581 4582 4582 4582 4582
  22 4582 4582 4582 4582 4581 4560 4348 3695 3189 3695 4348 4560 4581 4582 4582 4582 4582
  19 4582 4582 4582 4582 4581 4571 4470 4165 3945 4165 4470 4571 4581 4582 4582 4582 4582
  16 4582 4582 4582 4582 4582 4579 4553 4474 4418 4474 4553 4579 4582 4582 4582 4582 4582
  13 4582 4582 4582 4582 4582 4581 4578 4569 4562 4569 4578 4581 4582 4582 4582 4582 4582
  10 4582 4582 4582 4582 4582 4582 4581 4581 4581 4581 4581 4582 4582 4582 4582 4582 4582
   7 4582 4582 4582 4582 4582 4582 4582 4582 4582 4582 4582 4582 4582 4582 4582 4582 4582
   4 4582 4582 4582 4582 4582 4582 4582 4582 4582 4582 4582 4582 4582 4582 4582 4582 4582
   1    0    0    0    0    0    0    0    0    0    0    0    0    0    0    0    0    0



 Horizontal kinematic viscosity, aam     

 Time =    0.0000 days    multiply all values by 1.00E-01

 Layer k =  1

      1    5    9   13   17   21   25   29   33   37   41   45   49   53   57   61   65
  49 5000 5000 5000 5000 5000 5000 5000 5000 5000 5000 5000 5000 5000 5000 5000 5000 5000
  46 5000 5000 5000 5000 5000 5000 5000 5000 5000 5000 5000 5000 5000 5000 5000 5000 5000
  43 5000 5000 5000 5000 5000 5000 5000 5000 5000 5000 5000 5000 5000 5000 5000 5000 5000
  40 5000 5000 5000 5000 5000 5000 5000 5000 5000 5000 5000 5000 5000 5000 5000 5000 5000
  37 5000 5000 5000 5000 5000 5000 5000 5000 5000 5000 5000 5000 5000 5000 5000 5000 5000
  34 5000 5000 5000 5000 5000 5000 5000 5000 5000 5000 5000 5000 5000 5000 5000 5000 5000
  31 5000 5000 5000 5000 5000 5000 5000 5000 5000 5000 5000 5000 5000 5000 5000 5000 5000
  28 5000 5000 5000 5000 5000 5000 5000 5000 5000 5000 5000 5000 5000 5000 5000 5000 5000
  25 5000 5000 5000 5000 5000 5000 5000 5000 5000 5000 5000 5000 5000 5000 5000 5000 5000
  22 5000 5000 5000 5000 5000 5000 5000 5000 5000 5000 5000 5000 5000 5000 5000 5000 5000
  19 5000 5000 5000 5000 5000 5000 5000 5000 5000 5000 5000 5000 5000 5000 5000 5000 5000
  16 5000 5000 5000 5000 5000 5000 5000 5000 5000 5000 5000 5000 5000 5000 5000 5000 5000
  13 5000 5000 5000 5000 5000 5000 5000 5000 5000 5000 5000 5000 5000 5000 5000 5000 5000
  10 5000 5000 5000 5000 5000 5000 5000 5000 5000 5000 5000 5000 5000 5000 5000 5000 5000
   7 5000 5000 5000 5000 5000 5000 5000 5000 5000 5000 5000 5000 5000 5000 5000 5000 5000
   4 5000 5000 5000 5000 5000 5000 5000 5000 5000 5000 5000 5000 5000 5000 5000 5000 5000
   1 5000 5000 5000 5000 5000 5000 5000 5000 5000 5000 5000 5000 5000 5000 5000 5000 5000




 Layer k = 10

      1    5    9   13   17   21   25   29   33   37   41   45   49   53   57   61   65
  49 5000 5000 5000 5000 5000 5000 5000 5000 5000 5000 5000 5000 5000 5000 5000 5000 5000
  46 5000 5000 5000 5000 5000 5000 5000 5000 5000 5000 5000 5000 5000 5000 5000 5000 5000
  43 5000 5000 5000 5000 5000 5000 5000 5000 5000 5000 5000 5000 5000 5000 5000 5000 5000
  40 5000 5000 5000 5000 5000 5000 5000 5000 5000 5000 5000 5000 5000 5000 5000 5000 5000
  37 5000 5000 5000 5000 5000 5000 5000 5000 5000 5000 5000 5000 5000 5000 5000 5000 5000
  34 5000 5000 5000 5000 5000 5000 5000 5000 5000 5000 5000 5000 5000 5000 5000 5000 5000
  31 5000 5000 5000 5000 5000 5000 5000 5000 5000 5000 5000 5000 5000 5000 5000 5000 5000
  28 5000 5000 5000 5000 5000 5000 5000 5000 5000 5000 5000 5000 5000 5000 5000 5000 5000
  25 5000 5000 5000 5000 5000 5000 5000 5000 5000 5000 5000 5000 5000 5000 5000 5000 5000
  22 5000 5000 5000 5000 5000 5000 5000 5000 5000 5000 5000 5000 5000 5000 5000 5000 5000
  19 5000 5000 5000 5000 5000 5000 5000 5000 5000 5000 5000 5000 5000 5000 5000 5000 5000
  16 5000 5000 5000 5000 5000 5000 5000 5000 5000 5000 5000 5000 5000 5000 5000 5000 5000
  13 5000 5000 5000 5000 5000 5000 5000 5000 5000 5000 5000 5000 5000 5000 5000 5000 5000
  10 5000 5000 5000 5000 5000 5000 5000 5000 5000 5000 5000 5000 5000 5000 5000 5000 5000
   7 5000 5000 5000 5000 5000 5000 5000 5000 5000 5000 5000 5000 5000 5000 5000 5000 5000
   4 5000 5000 5000 5000 5000 5000 5000 5000 5000 5000 5000 5000 5000 5000 5000 5000 5000
   1 5000 5000 5000 5000 5000 5000 5000 5000 5000 5000 5000 5000 5000 5000 5000 5000 5000




 Layer k = 20

      1    5    9   13   17   21   25   29   33   37   41   45   49   53   57   61   65
  49 5000 5000 5000 5000 5000 5000 5000 5000 5000 5000 5000 5000 5000 5000 5000 5000 5000
  46 5000 5000 5000 5000 5000 5000 5000 5000 5000 5000 5000 5000 5000 5000 5000 5000 5000
  43 5000 5000 5000 5000 5000 5000 5000 5000 5000 5000 5000 5000 5000 5000 5000 5000 5000
  40 5000 5000 5000 5000 5000 5000 5000 5000 5000 5000 5000 5000 5000 5000 5000 5000 5000
  37 5000 5000 5000 5000 5000 5000 5000 5000 5000 5000 5000 5000 5000 5000 5000 5000 5000
  34 5000 5000 5000 5000 5000 5000 5000 5000 5000 5000 5000 5000 5000 5000 5000 5000 5000
  31 5000 5000 5000 5000 5000 5000 5000 5000 5000 5000 5000 5000 5000 5000 5000 5000 5000
  28 5000 5000 5000 5000 5000 5000 5000 5000 5000 5000 5000 5000 5000 5000 5000 5000 5000
  25 5000 5000 5000 5000 5000 5000 5000 5000 5000 5000 5000 5000 5000 5000 5000 5000 5000
  22 5000 5000 5000 5000 5000 5000 5000 5000 5000 5000 5000 5000 5000 5000 5000 5000 5000
  19 5000 5000 5000 5000 5000 5000 5000 5000 5000 5000 5000 5000 5000 5000 5000 5000 5000
  16 5000 5000 5000 5000 5000 5000 5000 5000 5000 5000 5000 5000 5000 5000 5000 5000 5000
  13 5000 5000 5000 5000 5000 5000 5000 5000 5000 5000 5000 5000 5000 5000 5000 5000 5000
  10 5000 5000 5000 5000 5000 5000 5000 5000 5000 5000 5000 5000 5000 5000 5000 5000 5000
   7 5000 5000 5000 5000 5000 5000 5000 5000 5000 5000 5000 5000 5000 5000 5000 5000 5000
   4 5000 5000 5000 5000 5000 5000 5000 5000 5000 5000 5000 5000 5000 5000 5000 5000 5000
   1 5000 5000 5000 5000 5000 5000 5000 5000 5000 5000 5000 5000 5000 5000 5000 5000 5000



 Vertical kinematic viscosity, km        

 Time =    0.0000 days    multiply all values by 1.00E-05

 Layer k =  1

      1    5    9   13   17   21   25   29   33   37   41   45   49   53   57   61   65
  49    0    0    0    0    0    0    0    0    0    0    0    0    0    0    0    0    0
  46 1423 1423 1423 1423 1423 1423 1423 1423 1423 1423 1423 1423 1423 1423 1423 1423 1423
  43 1423 1423 1423 1423 1423 1423 1423 1423 1423 1423 1423 1423 1423 1423 1423 1423 1423
  40 1423 1423 1423 1423 1423 1423 1423 1423 1422 1423 1423 1423 1423 1423 1423 1423 1423
  37 1423 1423 1423 1423 1423 1423 1420 1413 1408 1413 1420 1423 1423 1423 1423 1423 1423
  34 1423 1423 1423 1423 1423 1421 1400 1339 1295 1339 1400 1421 1423 1423 1423 1423 1423
  31 1423 1423 1423 1423 1423 1415 1336 1101  936 1101 1336 1415 1423 1423 1423 1423 1423
  28 1423 1423 1423 1423 1423 1406 1241  753  409  753 1241 1406 1423 1423 1423 1423 1423
  25 1423 1423 1423 1423 1423 1402 1194  577  142  577 1194 1402 1423 1423 1423 1423 1423
  22 1423 1423 1423 1423 1423 1406 1241  753  409  753 1241 1406 1423 1423 1423 1423 1423
  19 1423 1423 1423 1423 1423 1415 1336 1101  936 1101 1336 1415 1423 1423 1423 1423 1423
  16 1423 1423 1423 1423 1423 1421 1400 1339 1295 1339 1400 1421 1423 1423 1423 1423 1423
  13 1423 1423 1423 1423 1423 1423 1420 1413 1408 1413 1420 1423 1423 1423 1423 1423 1423
  10 1423 1423 1423 1423 1423 1423 1423 1423 1422 1423 1423 1423 1423 1423 1423 1423 1423
   7 1423 1423 1423 1423 1423 1423 1423 1423 1423 1423 1423 1423 1423 1423 1423 1423 1423
   4 1423 1423 1423 1423 1423 1423 1423 1423 1423 1423 1423 1423 1423 1423 1423 1423 1423
   1    0    0    0    0    0    0    0    0    0    0    0    0    0    0    0    0    0




 Layer k = 10

      1    5    9   13   17   21   25   29   33   37   41   45   49   53   57   61   65
  49    0    0    0    0    0    0    0    0    0    0    0    0    0    0    0    0    0
  46 1423 1423 1423 1423 1423 1423 1423 1423 1423 1423 1423 1423 1423 1423 1423 1423 1423
  43 1423 1423 1423 1423 1423 1423 1423 1423 1423 1423 1423 1423 1423 1423 1423 1423 1423
  40 1423 1423 1423 1423 1423 1423 1423 1423 1422 1423 1423 1423 1423 1423 1423 1423 1423
  37 1423 1423 1423 1423 1423 1423 1420 1413 1408 1413 1420 1423 1423 1423 1423 1423 1423
  34 1423 1423 1423 1423 1423 1421 1400 1339 1295 1339 1400 1421 1423 1423 1423 1423 1423
  31 1423 1423 1423 1423 1423 1415 1336 1101  936 1101 1336 1415 1423 1423 1423 1423 1423
  28 1423 1423 1423 1423 1423 1406 1241  753  409  753 1241 1406 1423 1423 1423 1423 1423
  25 1423 1423 1423 1423 1423 1402 1194  577  142  577 1194 1402 1423 1423 1423 1423 1423
  22 1423 1423 1423 1423 1423 1406 1241  753  409  753 1241 1406 1423 1423 1423 1423 1423
  19 1423 1423 1423 1423 1423 1415 1336 1101  936 1101 1336 1415 1423 1423 1423 1423 1423
  16 1423 1423 1423 1423 1423 1421 1400 1339 1295 1339 1400 1421 1423 1423 1423 1423 1423
  13 1423 1423 1423 1423 1423 1423 1420 1413 1408 1413 1420 1423 1423 1423 1423 1423 1423
  10 1423 1423 1423 1423 1423 1423 1423 1423 1422 1423 1423 1423 1423 1423 1423 1423 1423
   7 1423 1423 1423 1423 1423 1423 1423 1423 1423 1423 1423 1423 1423 1423 1423 1423 1423
   4 1423 1423 1423 1423 1423 1423 1423 1423 1423 1423 1423 1423 1423 1423 1423 1423 1423
   1    0    0    0    0    0    0    0    0    0    0    0    0    0    0    0    0    0




 Layer k = 20

      1    5    9   13   17   21   25   29   33   37   41   45   49   53   57   61   65
  49    0    0    0    0    0    0    0    0    0    0    0    0    0    0    0    0    0
  46 1423 1423 1423 1423 1423 1423 1423 1423 1423 1423 1423 1423 1423 1423 1423 1423 1423
  43 1423 1423 1423 1423 1423 1423 1423 1423 1423 1423 1423 1423 1423 1423 1423 1423 1423
  40 1423 1423 1423 1423 1423 1423 1423 1423 1422 1423 1423 1423 1423 1423 1423 1423 1423
  37 1423 1423 1423 1423 1423 1423 1420 1413 1408 1413 1420 1423 1423 1423 1423 1423 1423
  34 1423 1423 1423 1423 1423 1421 1400 1339 1295 1339 1400 1421 1423 1423 1423 1423 1423
  31 1423 1423 1423 1423 1423 1415 1336 1101  936 1101 1336 1415 1423 1423 1423 1423 1423
  28 1423 1423 1423 1423 1423 1406 1241  753  409  753 1241 1406 1423 1423 1423 1423 1423
  25 1423 1423 1423 1423 1423 1402 1194  577  142  577 1194 1402 1423 1423 1423 1423 1423
  22 1423 1423 1423 1423 1423 1406 1241  753  409  753 1241 1406 1423 1423 1423 1423 1423
  19 1423 1423 1423 1423 1423 1415 1336 1101  936 1101 1336 1415 1423 1423 1423 1423 1423
  16 1423 1423 1423 1423 1423 1421 1400 1339 1295 1339 1400 1421 1423 1423 1423 1423 1423
  13 1423 1423 1423 1423 1423 1423 1420 1413 1408 1413 1420 1423 1423 1423 1423 1423 1423
  10 1423 1423 1423 1423 1423 1423 1423 1423 1422 1423 1423 1423 1423 1423 1423 1423 1423
   7 1423 1423 1423 1423 1423 1423 1423 1423 1423 1423 1423 1423 1423 1423 1423 1423 1423
   4 1423 1423 1423 1423 1423 1423 1423 1423 1423 1423 1423 1423 1423 1423 1423 1423 1423
   1    0    0    0    0    0    0    0    0    0    0    0    0    0    0    0    0    0



 x-velocity, u                           

 Time =    0.0000 days    multiply all values by 1.00E-04

 Section j =  1

    i =      1    5    9   13   17   21   25   29   33   37   41   45   49   53   57   61   65
        d =    1    1    1    1    1    1    1    1    1    1    1    1    1    1    1    1    1
  1  -0.004    0    0    0    0    0    0    0    0    0    0    0    0    0    0    0    0    0
  2  -0.011    0    0    0    0    0    0    0    0    0    0    0    0    0    0    0    0    0
  3  -0.022    0    0    0    0    0    0    0    0    0    0    0    0    0    0    0    0    0
  4  -0.044    0    0    0    0    0    0    0    0    0    0    0    0    0    0    0    0    0
  5  -0.088    0    0    0    0    0    0    0    0    0    0    0    0    0    0    0    0    0
  6  -0.147    0    0    0    0    0    0    0    0    0    0    0    0    0    0    0    0    0
  7  -0.206    0    0    0    0    0    0    0    0    0    0    0    0    0    0    0    0    0
  8  -0.265    0    0    0    0    0    0    0    0    0    0    0    0    0    0    0    0    0
  9  -0.324    0    0    0    0    0    0    0    0    0    0    0    0    0    0    0    0    0
 10  -0.382    0    0    0    0    0    0    0    0    0    0    0    0    0    0    0    0    0
 11  -0.441    0    0    0    0    0    0    0    0    0    0    0    0    0    0    0    0    0
 12  -0.500    0    0    0    0    0    0    0    0    0    0    0    0    0    0    0    0    0
 13  -0.559    0    0    0    0    0    0    0    0    0    0    0    0    0    0    0    0    0
 14  -0.618    0    0    0    0    0    0    0    0    0    0    0    0    0    0    0    0    0
 15  -0.676    0    0    0    0    0    0    0    0    0    0    0    0    0    0    0    0    0
 16  -0.735    0    0    0    0    0    0    0    0    0    0    0    0    0    0    0    0    0
 17  -0.794    0    0    0    0    0    0    0    0    0    0    0    0    0    0    0    0    0
 18  -0.853    0    0    0    0    0    0    0    0    0    0    0    0    0    0    0    0    0
 19  -0.912    0    0    0    0    0    0    0    0    0    0    0    0    0    0    0    0    0
 20  -0.971    0    0    0    0    0    0    0    0    0    0    0    0    0    0    0    0    0
 21  -1.029    0    0    0    0    0    0    0    0    0    0    0    0    0    0    0    0    0




 Section j = 24

    i =      1    5    9   13   17   21   25   29   33   37   41   45   49   53   57   61   65
        d = 4500 4500 4500 4500 4499 4435 3793 1892  552 1892 3793 4435 4499 4500 4500 4500 4500
  1  -0.004    0 2000 2000 2000 2000 2000 2000 2000 2000 2000 2000 2000 2000 2000 2000 2000 2000
  2  -0.011    0 2000 2000 2000 2000 2000 2000 2000 2000 2000 2000 2000 2000 2000 2000 2000 2000
  3  -0.022    0 2000 2000 2000 2000 2000 2000 2000 2000 2000 2000 2000 2000 2000 2000 2000 2000
  4  -0.044    0 2000 2000 2000 2000 2000 2000 2000 2000 2000 2000 2000 2000 2000 2000 2000 2000
  5  -0.088    0 2000 2000 2000 2000 2000 2000 2000 2000 2000 2000 2000 2000 2000 2000 2000 2000
  6  -0.147    0 2000 2000 2000 2000 2000 2000 2000 2000 2000 2000 2000 2000 2000 2000 2000 2000
  7  -0.206    0 2000 2000 2000 2000 2000 2000 2000 2000 2000 2000 2000 2000 2000 2000 2000 2000
  8  -0.265    0 2000 2000 2000 2000 2000 2000 2000 2000 2000 2000 2000 2000 2000 2000 2000 2000
  9  -0.324    0 2000 2000 2000 2000 2000 2000 2000 2000 2000 2000 2000 2000 2000 2000 2000 2000
 10  -0.382    0 2000 2000 2000 2000 2000 2000 2000 2000 2000 2000 2000 2000 2000 2000 2000 2000
 11  -0.441    0 2000 2000 2000 2000 2000 2000 2000 2000 2000 2000 2000 2000 2000 2000 2000 2000
 12  -0.500    0 2000 2000 2000 2000 2000 2000 2000 2000 2000 2000 2000 2000 2000 2000 2000 2000
 13  -0.559    0 2000 2000 2000 2000 2000 2000 2000 2000 2000 2000 2000 2000 2000 2000 2000 2000
 14  -0.618    0 2000 2000 2000 2000 2000 2000 2000 2000 2000 2000 2000 2000 2000 2000 2000 2000
 15  -0.676    0 2000 2000 2000 2000 2000 2000 2000 2000 2000 2000 2000 2000 2000 2000 2000 2000
 16  -0.735    0 2000 2000 2000 2000 2000 2000 2000 2000 2000 2000 2000 2000 2000 2000 2000 2000
 17  -0.794    0 2000 2000 2000 2000 2000 2000 2000 2000 2000 2000 2000 2000 2000 2000 2000 2000
 18  -0.853    0 2000 2000 2000 2000 2000 2000 2000 2000 2000 2000 2000 2000 2000 2000 2000 2000
 19  -0.912    0 2000 2000 2000 2000 2000 2000 2000 2000 2000 2000 2000 2000 2000 2000 2000 2000
 20  -0.971    0 2000 2000 2000 2000 2000 2000 2000 2000 2000 2000 2000 2000 2000 2000 2000 2000
 21  -1.029    0    0    0    0    0    0    0    0    0    0    0    0    0    0    0    0    0




 Section j = 48

    i =      1    5    9   13   17   21   25   29   33   37   41   45   49   53   57   61   65
        d = 4500 4500 4500 4500 4500 4500 4500 4500 4500 4500 4500 4500 4500 4500 4500 4500 4500
  1  -0.004    0 2000 2000 2000 2000 2000 2000 2000 2000 2000 2000 2000 2000 2000 2000 2000 2000
  2  -0.011    0 2000 2000 2000 2000 2000 2000 2000 2000 2000 2000 2000 2000 2000 2000 2000 2000
  3  -0.022    0 2000 2000 2000 2000 2000 2000 2000 2000 2000 2000 2000 2000 2000 2000 2000 2000
  4  -0.044    0 2000 2000 2000 2000 2000 2000 2000 2000 2000 2000 2000 2000 2000 2000 2000 2000
  5  -0.088    0 2000 2000 2000 2000 2000 2000 2000 2000 2000 2000 2000 2000 2000 2000 2000 2000
  6  -0.147    0 2000 2000 2000 2000 2000 2000 2000 2000 2000 2000 2000 2000 2000 2000 2000 2000
  7  -0.206    0 2000 2000 2000 2000 2000 2000 2000 2000 2000 2000 2000 2000 2000 2000 2000 2000
  8  -0.265    0 2000 2000 2000 2000 2000 2000 2000 2000 2000 2000 2000 2000 2000 2000 2000 2000
  9  -0.324    0 2000 2000 2000 2000 2000 2000 2000 2000 2000 2000 2000 2000 2000 2000 2000 2000
 10  -0.382    0 2000 2000 2000 2000 2000 2000 2000 2000 2000 2000 2000 2000 2000 2000 2000 2000
 11  -0.441    0 2000 2000 2000 2000 2000 2000 2000 2000 2000 2000 2000 2000 2000 2000 2000 2000
 12  -0.500    0 2000 2000 2000 2000 2000 2000 2000 2000 2000 2000 2000 2000 2000 2000 2000 2000
 13  -0.559    0 2000 2000 2000 2000 2000 2000 2000 2000 2000 2000 2000 2000 2000 2000 2000 2000
 14  -0.618    0 2000 2000 2000 2000 2000 2000 2000 2000 2000 2000 2000 2000 2000 2000 2000 2000
 15  -0.676    0 2000 2000 2000 2000 2000 2000 2000 2000 2000 2000 2000 2000 2000 2000 2000 2000
 16  -0.735    0 2000 2000 2000 2000 2000 2000 2000 2000 2000 2000 2000 2000 2000 2000 2000 2000
 17  -0.794    0 2000 2000 2000 2000 2000 2000 2000 2000 2000 2000 2000 2000 2000 2000 2000 2000
 18  -0.853    0 2000 2000 2000 2000 2000 2000 2000 2000 2000 2000 2000 2000 2000 2000 2000 2000
 19  -0.912    0 2000 2000 2000 2000 2000 2000 2000 2000 2000 2000 2000 2000 2000 2000 2000 2000
 20  -0.971    0 2000 2000 2000 2000 2000 2000 2000 2000 2000 2000 2000 2000 2000 2000 2000 2000
 21  -1.029    0    0    0    0    0    0    0    0    0    0    0    0    0    0    0    0    0



 y-velocity, v                           

 Time =    0.0000 days    multiply all values by 1.00E-15

 Section j =  1

    i =      1    5    9   13   17   21   25   29   33   37   41   45   49   53   57   61   65
        d =    1    1    1    1    1    1    1    1    1    1    1    1    1    1    1    1    1
  1  -0.004    0    0    0    0    0    0    0    0    0    0    0    0    0    0    0    0    0
  2  -0.011    0    0    0    0    0    0    0    0    0    0    0    0    0    0    0    0    0
  3  -0.022    0    0    0    0    0    0    0    0    0    0    0    0    0    0    0    0    0
  4  -0.044    0    0    0    0    0    0    0    0    0    0    0    0    0    0    0    0    0
  5  -0.088    0    0    0    0    0    0    0    0    0    0    0    0    0    0    0    0    0
  6  -0.147    0    0    0    0    0    0    0    0    0    0    0    0    0    0    0    0    0
  7  -0.206    0    0    0    0    0    0    0    0    0    0    0    0    0    0    0    0    0
  8  -0.265    0    0    0    0    0    0    0    0    0    0    0    0    0    0    0    0    0
  9  -0.324    0    0    0    0    0    0    0    0    0    0    0    0    0    0    0    0    0
 10  -0.382    0    0    0    0    0    0    0    0    0    0    0    0    0    0    0    0    0
 11  -0.441    0    0    0    0    0    0    0    0    0    0    0    0    0    0    0    0    0
 12  -0.500    0    0    0    0    0    0    0    0    0    0    0    0    0    0    0    0    0
 13  -0.559    0    0    0    0    0    0    0    0    0    0    0    0    0    0    0    0    0
 14  -0.618    0    0    0    0    0    0    0    0    0    0    0    0    0    0    0    0    0
 15  -0.676    0    0    0    0    0    0    0    0    0    0    0    0    0    0    0    0    0
 16  -0.735    0    0    0    0    0    0    0    0    0    0    0    0    0    0    0    0    0
 17  -0.794    0    0    0    0    0    0    0    0    0    0    0    0    0    0    0    0    0
 18  -0.853    0    0    0    0    0    0    0    0    0    0    0    0    0    0    0    0    0
 19  -0.912    0    0    0    0    0    0    0    0    0    0    0    0    0    0    0    0    0
 20  -0.971    0    0    0    0    0    0    0    0    0    0    0    0    0    0    0    0    0
 21  -1.029    0    0    0    0    0    0    0    0    0    0    0    0    0    0    0    0    0




 Section j = 24

    i =      1    5    9   13   17   21   25   29   33   37   41   45   49   53   57   61   65
        d = 4500 4500 4500 4500 4499 4435 3793 1892  552 1892 3793 4435 4499 4500 4500 4500 4500
  1  -0.004    0    0    0    0    0    0    0    0    0    0    0    0    0    0    0    0    0
  2  -0.011    0    0    0    0    0    0    0    0    0    0    0    0    0    0    0    0    0
  3  -0.022    0    0    0    0    0    0    0    0    0    0    0    0    0    0    0    0    0
  4  -0.044    0    0    0    0    0    0    0    0    0    0    0    0    0    0    0    0    0
  5  -0.088    0    0    0    0    0    0    0    0    0    0    0    0    0    0    0    0    0
  6  -0.147    0    0    0    0    0    0    0    0    0    0    0    0    0    0    0    0    0
  7  -0.206    0    0    0    0    0    0    0    0    0    0    0    0    0    0    0    0    0
  8  -0.265    0    0    0    0    0    0    0    0    0    0    0    0    0    0    0    0    0
  9  -0.324    0    0    0    0    0    0    0    0    0    0    0    0    0    0    0    0    0
 10  -0.382    0    0    0    0    0    0    0    0    0    0    0    0    0    0    0    0    0
 11  -0.441    0    0    0    0    0    0    0    0    0    0    0    0    0    0    0    0    0
 12  -0.500    0    0    0    0    0    0    0    0    0    0    0    0    0    0    0    0    0
 13  -0.559    0    0    0    0    0    0    0    0    0    0    0    0    0    0    0    0    0
 14  -0.618    0    0    0    0    0    0    0    0    0    0    0    0    0    0    0    0    0
 15  -0.676    0    0    0    0    0    0    0    0    0    0    0    0    0    0    0    0    0
 16  -0.735    0    0    0    0    0    0    0    0    0    0    0    0    0    0    0    0    0
 17  -0.794    0    0    0    0    0    0    0    0    0    0    0    0    0    0    0    0    0
 18  -0.853    0    0    0    0    0    0    0    0    0    0    0    0    0    0    0    0    0
 19  -0.912    0    0    0    0    0    0    0    0    0    0    0    0    0    0    0    0    0
 20  -0.971    0    0    0    0    0    0    0    0    0    0    0    0    0    0    0    0    0
 21  -1.029    0    0    0    0    0    0    0    0    0    0    0    0    0    0    0    0    0




 Section j = 48

    i =      1    5    9   13   17   21   25   29   33   37   41   45   49   53   57   61   65
        d = 4500 4500 4500 4500 4500 4500 4500 4500 4500 4500 4500 4500 4500 4500 4500 4500 4500
  1  -0.004    0    0    0    0    0    0    0    0    0    0    0    0    0    0    0    0    0
  2  -0.011    0    0    0    0    0    0    0    0    0    0    0    0    0    0    0    0    0
  3  -0.022    0    0    0    0    0    0    0    0    0    0    0    0    0    0    0    0    0
  4  -0.044    0    0    0    0    0    0    0    0    0    0    0    0    0    0    0    0    0
  5  -0.088    0    0    0    0    0    0    0    0    0    0    0    0    0    0    0    0    0
  6  -0.147    0    0    0    0    0    0    0    0    0    0    0    0    0    0    0    0    0
  7  -0.206    0    0    0    0    0    0    0    0    0    0    0    0    0    0    0    0    0
  8  -0.265    0    0    0    0    0    0    0    0    0    0    0    0    0    0    0    0    0
  9  -0.324    0    0    0    0    0    0    0    0    0    0    0    0    0    0    0    0    0
 10  -0.382    0    0    0    0    0    0    0    0    0    0    0    0    0    0    0    0    0
 11  -0.441    0    0    0    0    0    0    0    0    0    0    0    0    0    0    0    0    0
 12  -0.500    0    0    0    0    0    0    0    0    0    0    0    0    0    0    0    0    0
 13  -0.559    0    0    0    0    0    0    0    0    0    0    0    0    0    0    0    0    0
 14  -0.618    0    0    0    0    0    0    0    0    0    0    0    0    0    0    0    0    0
 15  -0.676    0    0    0    0    0    0    0    0    0    0    0    0    0    0    0    0    0
 16  -0.735    0    0    0    0    0    0    0    0    0    0    0    0    0    0    0    0    0
 17  -0.794    0    0    0    0    0    0    0    0    0    0    0    0    0    0    0    0    0
 18  -0.853    0    0    0    0    0    0    0    0    0    0    0    0    0    0    0    0    0
 19  -0.912    0    0    0    0    0    0    0    0    0    0    0    0    0    0    0    0    0
 20  -0.971    0    0    0    0    0    0    0    0    0    0    0    0    0    0    0    0    0
 21  -1.029    0    0    0    0    0    0    0    0    0    0    0    0    0    0    0    0    0



 z-velocity, w                           

 Time =    0.0000 days    multiply all values by 1.00E-15

 Section j =  1

    i =      1    5    9   13   17   21   25   29   33   37   41   45   49   53   57   61   65
        d =    1    1    1    1    1    1    1    1    1    1    1    1    1    1    1    1    1
  1  -0.000    0    0    0    0    0    0    0    0    0    0    0    0    0    0    0    0    0
  2  -0.007    0    0    0    0    0    0    0    0    0    0    0    0    0    0    0    0    0
  3  -0.015    0    0    0    0    0    0    0    0    0    0    0    0    0    0    0    0    0
  4  -0.029    0    0    0    0    0    0    0    0    0    0    0    0    0    0    0    0    0
  5  -0.059    0    0    0    0    0    0    0    0    0    0    0    0    0    0    0    0    0
  6  -0.118    0    0    0    0    0    0    0    0    0    0    0    0    0    0    0    0    0
  7  -0.176    0    0    0    0    0    0    0    0    0    0    0    0    0    0    0    0    0
  8  -0.235    0    0    0    0    0    0    0    0    0    0    0    0    0    0    0    0    0
  9  -0.294    0    0    0    0    0    0    0    0    0    0    0    0    0    0    0    0    0
 10  -0.353    0    0    0    0    0    0    0    0    0    0    0    0    0    0    0    0    0
 11  -0.412    0    0    0    0    0    0    0    0    0    0    0    0    0    0    0    0    0
 12  -0.471    0    0    0    0    0    0    0    0    0    0    0    0    0    0    0    0    0
 13  -0.529    0    0    0    0    0    0    0    0    0    0    0    0    0    0    0    0    0
 14  -0.588    0    0    0    0    0    0    0    0    0    0    0    0    0    0    0    0    0
 15  -0.647    0    0    0    0    0    0    0    0    0    0    0    0    0    0    0    0    0
 16  -0.706    0    0    0    0    0    0    0    0    0    0    0    0    0    0    0    0    0
 17  -0.765    0    0    0    0    0    0    0    0    0    0    0    0    0    0    0    0    0
 18  -0.824    0    0    0    0    0    0    0    0    0    0    0    0    0    0    0    0    0
 19  -0.882    0    0    0    0    0    0    0    0    0    0    0    0    0    0    0    0    0
 20  -0.941    0    0    0    0    0    0    0    0    0    0    0    0    0    0    0    0    0
 21  -1.000    0    0    0    0    0    0    0    0    0    0    0    0    0    0    0    0    0




 Section j = 24

    i =      1    5    9   13   17   21   25   29   33   37   41   45   49   53   57   61   65
        d = 4500 4500 4500 4500 4499 4435 3793 1892  552 1892 3793 4435 4499 4500 4500 4500 4500
  1  -0.000    0    0    0    0    0    0    0    0    0    0    0    0    0    0    0    0    0
  2  -0.007    0    0    0    0    0    0    0    0    0    0    0    0    0    0    0    0    0
  3  -0.015    0    0    0    0    0    0    0    0    0    0    0    0    0    0    0    0    0
  4  -0.029    0    0    0    0    0    0    0    0    0    0    0    0    0    0    0    0    0
  5  -0.059    0    0    0    0    0    0    0    0    0    0    0    0    0    0    0    0    0
  6  -0.118    0    0    0    0    0    0    0    0    0    0    0    0    0    0    0    0    0
  7  -0.176    0    0    0    0    0    0    0    0    0    0    0    0    0    0    0    0    0
  8  -0.235    0    0    0    0    0    0    0    0    0    0    0    0    0    0    0    0    0
  9  -0.294    0    0    0    0    0    0    0    0    0    0    0    0    0    0    0    0    0
 10  -0.353    0    0    0    0    0    0    0    0    0    0    0    0    0    0    0    0    0
 11  -0.412    0    0    0    0    0    0    0    0    0    0    0    0    0    0    0    0    0
 12  -0.471    0    0    0    0    0    0    0    0    0    0    0    0    0    0    0    0    0
 13  -0.529    0    0    0    0    0    0    0    0    0    0    0    0    0    0    0    0    0
 14  -0.588    0    0    0    0    0    0    0    0    0    0    0    0    0    0    0    0    0
 15  -0.647    0    0    0    0    0    0    0    0    0    0    0    0    0    0    0    0    0
 16  -0.706    0    0    0    0    0    0    0    0    0    0    0    0    0    0    0    0    0
 17  -0.765    0    0    0    0    0    0    0    0    0    0    0    0    0    0    0    0    0
 18  -0.824    0    0    0    0    0    0    0    0    0    0    0    0    0    0    0    0    0
 19  -0.882    0    0    0    0    0    0    0    0    0    0    0    0    0    0    0    0    0
 20  -0.941    0    0    0    0    0    0    0    0    0    0    0    0    0    0    0    0    0
 21  -1.000    0    0    0    0    0    0    0    0    0    0    0    0    0    0    0    0    0




 Section j = 48

    i =      1    5    9   13   17   21   25   29   33   37   41   45   49   53   57   61   65
        d = 4500 4500 4500 4500 4500 4500 4500 4500 4500 4500 4500 4500 4500 4500 4500 4500 4500
  1  -0.000    0    0    0    0    0    0    0    0    0    0    0    0    0    0    0    0    0
  2  -0.007    0    0    0    0    0    0    0    0    0    0    0    0    0    0    0    0    0
  3  -0.015    0    0    0    0    0    0    0    0    0    0    0    0    0    0    0    0    0
  4  -0.029    0    0    0    0    0    0    0    0    0    0    0    0    0    0    0    0    0
  5  -0.059    0    0    0    0    0    0    0    0    0    0    0    0    0    0    0    0    0
  6  -0.118    0    0    0    0    0    0    0    0    0    0    0    0    0    0    0    0    0
  7  -0.176    0    0    0    0    0    0    0    0    0    0    0    0    0    0    0    0    0
  8  -0.235    0    0    0    0    0    0    0    0    0    0    0    0    0    0    0    0    0
  9  -0.294    0    0    0    0    0    0    0    0    0    0    0    0    0    0    0    0    0
 10  -0.353    0    0    0    0    0    0    0    0    0    0    0    0    0    0    0    0    0
 11  -0.412    0    0    0    0    0    0    0    0    0    0    0    0    0    0    0    0    0
 12  -0.471    0    0    0    0    0    0    0    0    0    0    0    0    0    0    0    0    0
 13  -0.529    0    0    0    0    0    0    0    0    0    0    0    0    0    0    0    0    0
 14  -0.588    0    0    0    0    0    0    0    0    0    0    0    0    0    0    0    0    0
 15  -0.647    0    0    0    0    0    0    0    0    0    0    0    0    0    0    0    0    0
 16  -0.706    0    0    0    0    0    0    0    0    0    0    0    0    0    0    0    0    0
 17  -0.765    0    0    0    0    0    0    0    0    0    0    0    0    0    0    0    0    0
 18  -0.824    0    0    0    0    0    0    0    0    0    0    0    0    0    0    0    0    0
 19  -0.882    0    0    0    0    0    0    0    0    0    0    0    0    0    0    0    0    0
 20  -0.941    0    0    0    0    0    0    0    0    0    0    0    0    0    0    0    0    0
 21  -1.000    0    0    0    0    0    0    0    0    0    0    0    0    0    0    0    0    0



 Potential temperature, t                

 Time =    0.0000 days    multiply all values by 1.00E-02

 Section j =  1

    i =      1    5    9   13   17   21   25   29   33   37   41   45   49   53   57   61   65
        d =    1    1    1    1    1    1    1    1    1    1    1    1    1    1    1    1    1
  1  -0.004 2000 2000 2000 2000 2000 2000 2000 2000 2000 2000 2000 2000 2000 2000 2000 2000 2000
  2  -0.011 2000 2000 2000 2000 2000 2000 2000 2000 2000 2000 2000 2000 2000 2000 2000 2000 2000
  3  -0.022 2000 2000 2000 2000 2000 2000 2000 2000 2000 2000 2000 2000 2000 2000 2000 2000 2000
  4  -0.044 2000 2000 2000 2000 2000 2000 2000 2000 2000 2000 2000 2000 2000 2000 2000 2000 2000
  5  -0.088 2000 2000 2000 2000 2000 2000 2000 2000 2000 2000 2000 2000 2000 2000 2000 2000 2000
  6  -0.147 2000 2000 2000 2000 2000 2000 2000 2000 2000 2000 2000 2000 2000 2000 2000 2000 2000
  7  -0.206 2000 2000 2000 2000 2000 2000 2000 2000 2000 2000 2000 2000 2000 2000 2000 2000 2000
  8  -0.265 2000 2000 2000 2000 2000 2000 2000 2000 2000 2000 2000 2000 2000 2000 2000 2000 2000
  9  -0.324 2000 2000 2000 2000 2000 2000 2000 2000 2000 2000 2000 2000 2000 2000 2000 2000 2000
 10  -0.382 1999 1999 1999 1999 1999 1999 1999 1999 1999 1999 1999 1999 1999 1999 1999 1999 1999
 11  -0.441 1999 1999 1999 1999 1999 1999 1999 1999 1999 1999 1999 1999 1999 1999 1999 1999 1999
 12  -0.500 1999 1999 1999 1999 1999 1999 1999 1999 1999 1999 1999 1999 1999 1999 1999 1999 1999
 13  -0.559 1999 1999 1999 1999 1999 1999 1999 1999 1999 1999 1999 1999 1999 1999 1999 1999 1999
 14  -0.618 1999 1999 1999 1999 1999 1999 1999 1999 1999 1999 1999 1999 1999 1999 1999 1999 1999
 15  -0.676 1999 1999 1999 1999 1999 1999 1999 1999 1999 1999 1999 1999 1999 1999 1999 1999 1999
 16  -0.735 1999 1999 1999 1999 1999 1999 1999 1999 1999 1999 1999 1999 1999 1999 1999 1999 1999
 17  -0.794 1999 1999 1999 1999 1999 1999 1999 1999 1999 1999 1999 1999 1999 1999 1999 1999 1999
 18  -0.853 1999 1999 1999 1999 1999 1999 1999 1999 1999 1999 1999 1999 1999 1999 1999 1999 1999
 19  -0.912 1999 1999 1999 1999 1999 1999 1999 1999 1999 1999 1999 1999 1999 1999 1999 1999 1999
 20  -0.971 1999 1999 1999 1999 1999 1999 1999 1999 1999 1999 1999 1999 1999 1999 1999 1999 1999
 21  -1.029    0    0    0    0    0    0    0    0    0    0    0    0    0    0    0    0    0




 Section j = 24

    i =      1    5    9   13   17   21   25   29   33   37   41   45   49   53   57   61   65
        d = 4500 4500 4500 4500 4499 4435 3793 1892  552 1892 3793 4435 4499 4500 4500 4500 4500
  1  -0.004 1975 1975 1975 1975 1975 1976 1979 1990 1997 1990 1979 1976 1975 1975 1975 1975 1975
  2  -0.011 1927 1927 1927 1927 1927 1928 1939 1969 1991 1969 1939 1928 1927 1927 1927 1927 1927
  3  -0.022 1858 1858 1858 1858 1858 1860 1880 1939 1982 1939 1880 1860 1858 1858 1858 1858 1858
  4  -0.044 1730 1730 1730 1730 1730 1733 1769 1880 1964 1880 1769 1733 1730 1730 1730 1730 1730
  5  -0.088 1508 1508 1508 1508 1509 1514 1573 1769 1929 1769 1573 1514 1509 1508 1508 1508 1508
  6  -0.147 1274 1274 1274 1274 1274 1281 1359 1636 1883 1636 1359 1281 1274 1274 1274 1274 1274
  7  -0.206 1094 1094 1094 1094 1094 1102 1187 1516 1839 1516 1187 1102 1094 1094 1094 1094 1094
  8  -0.265  956  956  956  956  956  964 1050 1409 1796 1409 1050  964  956  956  956  956  956
  9  -0.324  850  850  850  850  850  857  940 1313 1754 1313  940  857  850  850  850  850  850
 10  -0.382  768  768  768  768  769  775  852 1228 1714 1228  852  775  769  768  768  768  768
 11  -0.441  706  706  706  706  706  712  781 1151 1676 1151  781  712  706  706  706  706  706
 12  -0.500  658  658  658  658  658  663  725 1082 1638 1082  725  663  658  658  658  658  658
 13  -0.559  621  621  621  621  621  626  680 1021 1602 1021  680  626  621  621  621  621  621
 14  -0.618  593  593  593  593  593  597  644  966 1566  966  644  597  593  593  593  593  593
 15  -0.676  571  571  571  571  572  575  615  917 1532  917  615  575  572  571  571  571  571
 16  -0.735  555  555  555  555  555  558  592  873 1499  873  592  558  555  555  555  555  555
 17  -0.794  542  542  542  542  542  544  574  834 1467  834  574  544  542  542  542  542  542
 18  -0.853  532  532  532  532  532  534  559  799 1436  799  559  534  532  532  532  532  532
 19  -0.912  525  525  525  525  525  526  547  767 1406  767  547  526  525  525  525  525  525
 20  -0.971  519  519  519  519  519  520  538  739 1377  739  538  520  519  519  519  519  519
 21  -1.029    0    0    0    0    0    0    0    0    0    0    0    0    0    0    0    0    0




 Section j = 48

    i =      1    5    9   13   17   21   25   29   33   37   41   45   49   53   57   61   65
        d = 4500 4500 4500 4500 4500 4500 4500 4500 4500 4500 4500 4500 4500 4500 4500 4500 4500
  1  -0.004 1975 1975 1975 1975 1975 1975 1975 1975 1975 1975 1975 1975 1975 1975 1975 1975 1975
  2  -0.011 1927 1927 1927 1927 1927 1927 1927 1927 1927 1927 1927 1927 1927 1927 1927 1927 1927
  3  -0.022 1858 1858 1858 1858 1858 1858 1858 1858 1858 1858 1858 1858 1858 1858 1858 1858 1858
  4  -0.044 1730 1730 1730 1730 1730 1730 1730 1730 1730 1730 1730 1730 1730 1730 1730 1730 1730
  5  -0.088 1508 1508 1508 1508 1508 1508 1508 1508 1508 1508 1508 1508 1508 1508 1508 1508 1508
  6  -0.147 1274 1274 1274 1274 1274 1274 1274 1274 1274 1274 1274 1274 1274 1274 1274 1274 1274
  7  -0.206 1094 1094 1094 1094 1094 1094 1094 1094 1094 1094 1094 1094 1094 1094 1094 1094 1094
  8  -0.265  956  956  956  956  956  956  956  956  956  956  956  956  956  956  956  956  956
  9  -0.324  850  850  850  850  850  850  850  850  850  850  850  850  850  850  850  850  850
 10  -0.382  768  768  768  768  768  768  768  768  768  768  768  768  768  768  768  768  768
 11  -0.441  706  706  706  706  706  706  706  706  706  706  706  706  706  706  706  706  706
 12  -0.500  658  658  658  658  658  658  658  658  658  658  658  658  658  658  658  658  658
 13  -0.559  621  621  621  621  621  621  621  621  621  621  621  621  621  621  621  621  621
 14  -0.618  593  593  593  593  593  593  593  593  593  593  593  593  593  593  593  593  593
 15  -0.676  571  571  571  571  571  571  571  571  571  571  571  571  571  571  571  571  571
 16  -0.735  555  555  555  555  555  555  555  555  555  555  555  555  555  555  555  555  555
 17  -0.794  542  542  542  542  542  542  542  542  542  542  542  542  542  542  542  542  542
 18  -0.853  532  532  532  532  532  532  532  532  532  532  532  532  532  532  532  532  532
 19  -0.912  525  525  525  525  525  525  525  525  525  525  525  525  525  525  525  525  525
 20  -0.971  519  519  519  519  519  519  519  519  519  519  519  519  519  519  519  519  519
 21  -1.029    0    0    0    0    0    0    0    0    0    0    0    0    0    0    0    0    0



 Salinity, s                             

 Time =    0.0000 days    multiply all values by 1.00E-02

 Section j =  1

    i =      1    5    9   13   17   21   25   29   33   37   41   45   49   53   57   61   65
        d =    1    1    1    1    1    1    1    1    1    1    1    1    1    1    1    1    1
  1  -0.004 3500 3500 3500 3500 3500 3500 3500 3500 3500 3500 3500 3500 3500 3500 3500 3500 3500
  2  -0.011 3500 3500 3500 3500 3500 3500 3500 3500 3500 3500 3500 3500 3500 3500 3500 3500 3500
  3  -0.022 3500 3500 3500 3500 3500 3500 3500 3500 3500 3500 3500 3500 3500 3500 3500 3500 3500
  4  -0.044 3500 3500 3500 3500 3500 3500 3500 3500 3500 3500 3500 3500 3500 3500 3500 3500 3500
  5  -0.088 3500 3500 3500 3500 3500 3500 3500 3500 3500 3500 3500 3500 3500 3500 3500 3500 3500
  6  -0.147 3500 3500 3500 3500 3500 3500 3500 3500 3500 3500 3500 3500 3500 3500 3500 3500 3500
  7  -0.206 3500 3500 3500 3500 3500 3500 3500 3500 3500 3500 3500 3500 3500 3500 3500 3500 3500
  8  -0.265 3500 3500 3500 3500 3500 3500 3500 3500 3500 3500 3500 3500 3500 3500 3500 3500 3500
  9  -0.324 3500 3500 3500 3500 3500 3500 3500 3500 3500 3500 3500 3500 3500 3500 3500 3500 3500
 10  -0.382 3500 3500 3500 3500 3500 3500 3500 3500 3500 3500 3500 3500 3500 3500 3500 3500 3500
 11  -0.441 3500 3500 3500 3500 3500 3500 3500 3500 3500 3500 3500 3500 3500 3500 3500 3500 3500
 12  -0.500 3500 3500 3500 3500 3500 3500 3500 3500 3500 3500 3500 3500 3500 3500 3500 3500 3500
 13  -0.559 3500 3500 3500 3500 3500 3500 3500 3500 3500 3500 3500 3500 3500 3500 3500 3500 3500
 14  -0.618 3500 3500 3500 3500 3500 3500 3500 3500 3500 3500 3500 3500 3500 3500 3500 3500 3500
 15  -0.676 3500 3500 3500 3500 3500 3500 3500 3500 3500 3500 3500 3500 3500 3500 3500 3500 3500
 16  -0.735 3500 3500 3500 3500 3500 3500 3500 3500 3500 3500 3500 3500 3500 3500 3500 3500 3500
 17  -0.794 3500 3500 3500 3500 3500 3500 3500 3500 3500 3500 3500 3500 3500 3500 3500 3500 3500
 18  -0.853 3500 3500 3500 3500 3500 3500 3500 3500 3500 3500 3500 3500 3500 3500 3500 3500 3500
 19  -0.912 3500 3500 3500 3500 3500 3500 3500 3500 3500 3500 3500 3500 3500 3500 3500 3500 3500
 20  -0.971 3500 3500 3500 3500 3500 3500 3500 3500 3500 3500 3500 3500 3500 3500 3500 3500 3500
 21  -1.029    0    0    0    0    0    0    0    0    0    0    0    0    0    0    0    0    0




 Section j = 24

    i =      1    5    9   13   17   21   25   29   33   37   41   45   49   53   57   61   65
        d = 4500 4500 4500 4500 4499 4435 3793 1892  552 1892 3793 4435 4499 4500 4500 4500 4500
  1  -0.004 3500 3500 3500 3500 3500 3500 3500 3500 3500 3500 3500 3500 3500 3500 3500 3500 3500
  2  -0.011 3500 3500 3500 3500 3500 3500 3500 3500 3500 3500 3500 3500 3500 3500 3500 3500 3500
  3  -0.022 3500 3500 3500 3500 3500 3500 3500 3500 3500 3500 3500 3500 3500 3500 3500 3500 3500
  4  -0.044 3500 3500 3500 3500 3500 3500 3500 3500 3500 3500 3500 3500 3500 3500 3500 3500 3500
  5  -0.088 3500 3500 3500 3500 3500 3500 3500 3500 3500 3500 3500 3500 3500 3500 3500 3500 3500
  6  -0.147 3500 3500 3500 3500 3500 3500 3500 3500 3500 3500 3500 3500 3500 3500 3500 3500 3500
  7  -0.206 3500 3500 3500 3500 3500 3500 3500 3500 3500 3500 3500 3500 3500 3500 3500 3500 3500
  8  -0.265 3500 3500 3500 3500 3500 3500 3500 3500 3500 3500 3500 3500 3500 3500 3500 3500 3500
  9  -0.324 3500 3500 3500 3500 3500 3500 3500 3500 3500 3500 3500 3500 3500 3500 3500 3500 3500
 10  -0.382 3500 3500 3500 3500 3500 3500 3500 3500 3500 3500 3500 3500 3500 3500 3500 3500 3500
 11  -0.441 3500 3500 3500 3500 3500 3500 3500 3500 3500 3500 3500 3500 3500 3500 3500 3500 3500
 12  -0.500 3500 3500 3500 3500 3500 3500 3500 3500 3500 3500 3500 3500 3500 3500 3500 3500 3500
 13  -0.559 3500 3500 3500 3500 3500 3500 3500 3500 3500 3500 3500 3500 3500 3500 3500 3500 3500
 14  -0.618 3500 3500 3500 3500 3500 3500 3500 3500 3500 3500 3500 3500 3500 3500 3500 3500 3500
 15  -0.676 3500 3500 3500 3500 3500 3500 3500 3500 3500 3500 3500 3500 3500 3500 3500 3500 3500
 16  -0.735 3500 3500 3500 3500 3500 3500 3500 3500 3500 3500 3500 3500 3500 3500 3500 3500 3500
 17  -0.794 3500 3500 3500 3500 3500 3500 3500 3500 3500 3500 3500 3500 3500 3500 3500 3500 3500
 18  -0.853 3500 3500 3500 3500 3500 3500 3500 3500 3500 3500 3500 3500 3500 3500 3500 3500 3500
 19  -0.912 3500 3500 3500 3500 3500 3500 3500 3500 3500 3500 3500 3500 3500 3500 3500 3500 3500
 20  -0.971 3500 3500 3500 3500 3500 3500 3500 3500 3500 3500 3500 3500 3500 3500 3500 3500 3500
 21  -1.029    0    0    0    0    0    0    0    0    0    0    0    0    0    0    0    0    0




 Section j = 48

    i =      1    5    9   13   17   21   25   29   33   37   41   45   49   53   57   61   65
        d = 4500 4500 4500 4500 4500 4500 4500 4500 4500 4500 4500 4500 4500 4500 4500 4500 4500
  1  -0.004 3500 3500 3500 3500 3500 3500 3500 3500 3500 3500 3500 3500 3500 3500 3500 3500 3500
  2  -0.011 3500 3500 3500 3500 3500 3500 3500 3500 3500 3500 3500 3500 3500 3500 3500 3500 3500
  3  -0.022 3500 3500 3500 3500 3500 3500 3500 3500 3500 3500 3500 3500 3500 3500 3500 3500 3500
  4  -0.044 3500 3500 3500 3500 3500 3500 3500 3500 3500 3500 3500 3500 3500 3500 3500 3500 3500
  5  -0.088 3500 3500 3500 3500 3500 3500 3500 3500 3500 3500 3500 3500 3500 3500 3500 3500 3500
  6  -0.147 3500 3500 3500 3500 3500 3500 3500 3500 3500 3500 3500 3500 3500 3500 3500 3500 3500
  7  -0.206 3500 3500 3500 3500 3500 3500 3500 3500 3500 3500 3500 3500 3500 3500 3500 3500 3500
  8  -0.265 3500 3500 3500 3500 3500 3500 3500 3500 3500 3500 3500 3500 3500 3500 3500 3500 3500
  9  -0.324 3500 3500 3500 3500 3500 3500 3500 3500 3500 3500 3500 3500 3500 3500 3500 3500 3500
 10  -0.382 3500 3500 3500 3500 3500 3500 3500 3500 3500 3500 3500 3500 3500 3500 3500 3500 3500
 11  -0.441 3500 3500 3500 3500 3500 3500 3500 3500 3500 3500 3500 3500 3500 3500 3500 3500 3500
 12  -0.500 3500 3500 3500 3500 3500 3500 3500 3500 3500 3500 3500 3500 3500 3500 3500 3500 3500
 13  -0.559 3500 3500 3500 3500 3500 3500 3500 3500 3500 3500 3500 3500 3500 3500 3500 3500 3500
 14  -0.618 3500 3500 3500 3500 3500 3500 3500 3500 3500 3500 3500 3500 3500 3500 3500 3500 3500
 15  -0.676 3500 3500 3500 3500 3500 3500 3500 3500 3500 3500 3500 3500 3500 3500 3500 3500 3500
 16  -0.735 3500 3500 3500 3500 3500 3500 3500 3500 3500 3500 3500 3500 3500 3500 3500 3500 3500
 17  -0.794 3500 3500 3500 3500 3500 3500 3500 3500 3500 3500 3500 3500 3500 3500 3500 3500 3500
 18  -0.853 3500 3500 3500 3500 3500 3500 3500 3500 3500 3500 3500 3500 3500 3500 3500 3500 3500
 19  -0.912 3500 3500 3500 3500 3500 3500 3500 3500 3500 3500 3500 3500 3500 3500 3500 3500 3500
 20  -0.971 3500 3500 3500 3500 3500 3500 3500 3500 3500 3500 3500 3500 3500 3500 3500 3500 3500
 21  -1.029    0    0    0    0    0    0    0    0    0    0    0    0    0    0    0    0    0



 (density-1000)/rhoref, rho              

 Time =    0.0000 days    multiply all values by 1.00E-05

 Section j =  1

    i =      1    5    9   13   17   21   25   29   33   37   41   45   49   53   57   61   65
        d =    1    1    1    1    1    1    1    1    1    1    1    1    1    1    1    1    1
  1  -0.004    0    0    0    0    0    0    0    0    0    0    0    0    0    0    0    0    0
  2  -0.011    0    0    0    0    0    0    0    0    0    0    0    0    0    0    0    0    0
  3  -0.022    0    0    0    0    0    0    0    0    0    0    0    0    0    0    0    0    0
  4  -0.044    0    0    0    0    0    0    0    0    0    0    0    0    0    0    0    0    0
  5  -0.088    0    0    0    0    0    0    0    0    0    0    0    0    0    0    0    0    0
  6  -0.147    0    0    0    0    0    0    0    0    0    0    0    0    0    0    0    0    0
  7  -0.206    0    0    0    0    0    0    0    0    0    0    0    0    0    0    0    0    0
  8  -0.265    0    0    0    0    0    0    0    0    0    0    0    0    0    0    0    0    0
  9  -0.324    0    0    0    0    0    0    0    0    0    0    0    0    0    0    0    0    0
 10  -0.382    0    0    0    0    0    0    0    0    0    0    0    0    0    0    0    0    0
 11  -0.441    0    0    0    0    0    0    0    0    0    0    0    0    0    0    0    0    0
 12  -0.500    0    0    0    0    0    0    0    0    0    0    0    0    0    0    0    0    0
 13  -0.559    0    0    0    0    0    0    0    0    0    0    0    0    0    0    0    0    0
 14  -0.618    0    0    0    0    0    0    0    0    0    0    0    0    0    0    0    0    0
 15  -0.676    0    0    0    0    0    0    0    0    0    0    0    0    0    0    0    0    0
 16  -0.735    0    0    0    0    0    0    0    0    0    0    0    0    0    0    0    0    0
 17  -0.794    0    0    0    0    0    0    0    0    0    0    0    0    0    0    0    0    0
 18  -0.853    0    0    0    0    0    0    0    0    0    0    0    0    0    0    0    0    0
 19  -0.912    0    0    0    0    0    0    0    0    0    0    0    0    0    0    0    0    0
 20  -0.971    0    0    0    0    0    0    0    0    0    0    0    0    0    0    0    0    0
 21  -1.029    0    0    0    0    0    0    0    0    0    0    0    0    0    0    0    0    0




 Section j = 24

    i =      1    5    9   13   17   21   25   29   33   37   41   45   49   53   57   61   65
        d = 4500 4500 4500 4500 4499 4435 3793 1892  552 1892 3793 4435 4499 4500 4500 4500 4500
  1  -0.004 2429 2429 2429 2429 2429 2429 2427 2422 2418 2422 2427 2429 2429 2429 2429 2429 2429
  2  -0.011 2455 2455 2455 2455 2455 2455 2449 2433 2421 2433 2449 2455 2455 2455 2455 2455 2455
  3  -0.022 2494 2494 2494 2494 2494 2493 2482 2449 2426 2449 2482 2493 2494 2494 2494 2494 2494
  4  -0.044 2567 2567 2567 2567 2567 2565 2544 2482 2435 2482 2544 2565 2567 2567 2567 2567 2567
  5  -0.088 2703 2703 2703 2703 2703 2699 2661 2544 2455 2544 2661 2699 2703 2703 2703 2703 2703
  6  -0.147 2866 2866 2866 2866 2866 2861 2804 2623 2480 2623 2804 2861 2866 2866 2866 2866 2866
  7  -0.206 3017 3017 3017 3017 3016 3009 2935 2698 2505 2698 2935 3009 3016 3017 3017 3017 3017
  8  -0.265 3157 3157 3157 3157 3157 3148 3059 2769 2529 2769 3059 3148 3157 3157 3157 3157 3157
  9  -0.324 3291 3291 3291 3291 3291 3280 3176 2837 2553 2837 3176 3280 3291 3291 3291 3291 3291
 10  -0.382 3420 3420 3420 3420 3419 3408 3288 2903 2576 2903 3288 3408 3419 3420 3420 3420 3420
 11  -0.441 3545 3545 3545 3545 3544 3531 3397 2966 2599 2966 3397 3531 3544 3545 3545 3545 3545
 12  -0.500 3667 3667 3667 3667 3666 3652 3503 3027 2622 3027 3503 3652 3666 3667 3667 3667 3667
 13  -0.559 3786 3786 3786 3786 3786 3770 3607 3087 2644 3087 3607 3770 3786 3786 3786 3786 3786
 14  -0.618 3904 3904 3904 3904 3904 3886 3709 3145 2666 3145 3709 3886 3904 3904 3904 3904 3904
 15  -0.676 4020 4020 4020 4020 4020 4001 3809 3203 2687 3203 3809 4001 4020 4020 4020 4020 4020
 16  -0.735 4135 4135 4135 4135 4134 4114 3908 3259 2709 3259 3908 4114 4134 4135 4135 4135 4135
 17  -0.794 4248 4248 4248 4248 4248 4226 4006 3314 2730 3314 4006 4226 4248 4248 4248 4248 4248
 18  -0.853 4360 4360 4360 4360 4360 4337 4103 3368 2750 3368 4103 4337 4360 4360 4360 4360 4360
 19  -0.912 4471 4471 4471 4471 4471 4447 4199 3422 2771 3422 4199 4447 4471 4471 4471 4471 4471
 20  -0.971 4582 4582 4582 4582 4581 4555 4294 3475 2791 3475 4294 4555 4581 4582 4582 4582 4582
 21  -1.029    0    0    0    0    0    0    0    0    0    0    0    0    0    0    0    0    0




 Section j = 48

    i =      1    5    9   13   17   21   25   29   33   37   41   45   49   53   57   61   65
        d = 4500 4500 4500 4500 4500 4500 4500 4500 4500 4500 4500 4500 4500 4500 4500 4500 4500
  1  -0.004 2429 2429 2429 2429 2429 2429 2429 2429 2429 2429 2429 2429 2429 2429 2429 2429 2429
  2  -0.011 2455 2455 2455 2455 2455 2455 2455 2455 2455 2455 2455 2455 2455 2455 2455 2455 2455
  3  -0.022 2494 2494 2494 2494 2494 2494 2494 2494 2494 2494 2494 2494 2494 2494 2494 2494 2494
  4  -0.044 2567 2567 2567 2567 2567 2567 2567 2567 2567 2567 2567 2567 2567 2567 2567 2567 2567
  5  -0.088 2703 2703 2703 2703 2703 2703 2703 2703 2703 2703 2703 2703 2703 2703 2703 2703 2703
  6  -0.147 2866 2866 2866 2866 2866 2866 2866 2866 2866 2866 2866 2866 2866 2866 2866 2866 2866
  7  -0.206 3017 3017 3017 3017 3017 3017 3017 3017 3017 3017 3017 3017 3017 3017 3017 3017 3017
  8  -0.265 3157 3157 3157 3157 3157 3157 3157 3157 3157 3157 3157 3157 3157 3157 3157 3157 3157
  9  -0.324 3291 3291 3291 3291 3291 3291 3291 3291 3291 3291 3291 3291 3291 3291 3291 3291 3291
 10  -0.382 3420 3420 3420 3420 3420 3420 3420 3420 3420 3420 3420 3420 3420 3420 3420 3420 3420
 11  -0.441 3545 3545 3545 3545 3545 3545 3545 3545 3545 3545 3545 3545 3545 3545 3545 3545 3545
 12  -0.500 3667 3667 3667 3667 3667 3667 3667 3667 3667 3667 3667 3667 3667 3667 3667 3667 3667
 13  -0.559 3786 3786 3786 3786 3786 3786 3786 3786 3786 3786 3786 3786 3786 3786 3786 3786 3786
 14  -0.618 3904 3904 3904 3904 3904 3904 3904 3904 3904 3904 3904 3904 3904 3904 3904 3904 3904
 15  -0.676 4020 4020 4020 4020 4020 4020 4020 4020 4020 4020 4020 4020 4020 4020 4020 4020 4020
 16  -0.735 4135 4135 4135 4135 4135 4135 4135 4135 4135 4135 4135 4135 4135 4135 4135 4135 4135
 17  -0.794 4248 4248 4248 4248 4248 4248 4248 4248 4248 4248 4248 4248 4248 4248 4248 4248 4248
 18  -0.853 4360 4360 4360 4360 4360 4360 4360 4360 4360 4360 4360 4360 4360 4360 4360 4360 4360
 19  -0.912 4471 4471 4471 4471 4471 4471 4471 4471 4471 4471 4471 4471 4471 4471 4471 4471 4471
 20  -0.971 4582 4582 4582 4582 4582 4582 4582 4582 4582 4582 4582 4582 4582 4582 4582 4582 4582
 21  -1.029    0    0    0    0    0    0    0    0    0    0    0    0    0    0    0    0    0



 x-velocity, u                           

 Time =    0.0000 days    multiply all values by 1.00E-04

 Section i =  1

    j =      1    4    7   10   13   16   19   22   25   28   31   34   37   40   43   46   49
        d =    1 4500 4500 4500 4500 4500 4500 4500 4500 4500 4500 4500 4500 4500 4500 4500    1
  1  -0.004    0    0    0    0    0    0    0    0    0    0    0    0    0    0    0    0    0
  2  -0.011    0    0    0    0    0    0    0    0    0    0    0    0    0    0    0    0    0
  3  -0.022    0    0    0    0    0    0    0    0    0    0    0    0    0    0    0    0    0
  4  -0.044    0    0    0    0    0    0    0    0    0    0    0    0    0    0    0    0    0
  5  -0.088    0    0    0    0    0    0    0    0    0    0    0    0    0    0    0    0    0
  6  -0.147    0    0    0    0    0    0    0    0    0    0    0    0    0    0    0    0    0
  7  -0.206    0    0    0    0    0    0    0    0    0    0    0    0    0    0    0    0    0
  8  -0.265    0    0    0    0    0    0    0    0    0    0    0    0    0    0    0    0    0
  9  -0.324    0    0    0    0    0    0    0    0    0    0    0    0    0    0    0    0    0
 10  -0.382    0    0    0    0    0    0    0    0    0    0    0    0    0    0    0    0    0
 11  -0.441    0    0    0    0    0    0    0    0    0    0    0    0    0    0    0    0    0
 12  -0.500    0    0    0    0    0    0    0    0    0    0    0    0    0    0    0    0    0
 13  -0.559    0    0    0    0    0    0    0    0    0    0    0    0    0    0    0    0    0
 14  -0.618    0    0    0    0    0    0    0    0    0    0    0    0    0    0    0    0    0
 15  -0.676    0    0    0    0    0    0    0    0    0    0    0    0    0    0    0    0    0
 16  -0.735    0    0    0    0    0    0    0    0    0    0    0    0    0    0    0    0    0
 17  -0.794    0    0    0    0    0    0    0    0    0    0    0    0    0    0    0    0    0
 18  -0.853    0    0    0    0    0    0    0    0    0    0    0    0    0    0    0    0    0
 19  -0.912    0    0    0    0    0    0    0    0    0    0    0    0    0    0    0    0    0
 20  -0.971    0    0    0    0    0    0    0    0    0    0    0    0    0    0    0    0    0
 21  -1.029    0    0    0    0    0    0    0    0    0    0    0    0    0    0    0    0    0




 Section i = 32

    j =      1    4    7   10   13   16   19   22   25   28   31   34   37   40   43   46   49
        d =    1 4500 4500 4498 4453 4106 2999 1373  552 1373 2999 4106 4453 4498 4500 4500    1
  1  -0.004    0 2000 2000 2000 2000 2000 2000 2000 2000 2000 2000 2000 2000 2000 2000 2000    0
  2  -0.011    0 2000 2000 2000 2000 2000 2000 2000 2000 2000 2000 2000 2000 2000 2000 2000    0
  3  -0.022    0 2000 2000 2000 2000 2000 2000 2000 2000 2000 2000 2000 2000 2000 2000 2000    0
  4  -0.044    0 2000 2000 2000 2000 2000 2000 2000 2000 2000 2000 2000 2000 2000 2000 2000    0
  5  -0.088    0 2000 2000 2000 2000 2000 2000 2000 2000 2000 2000 2000 2000 2000 2000 2000    0
  6  -0.147    0 2000 2000 2000 2000 2000 2000 2000 2000 2000 2000 2000 2000 2000 2000 2000    0
  7  -0.206    0 2000 2000 2000 2000 2000 2000 2000 2000 2000 2000 2000 2000 2000 2000 2000    0
  8  -0.265    0 2000 2000 2000 2000 2000 2000 2000 2000 2000 2000 2000 2000 2000 2000 2000    0
  9  -0.324    0 2000 2000 2000 2000 2000 2000 2000 2000 2000 2000 2000 2000 2000 2000 2000    0
 10  -0.382    0 2000 2000 2000 2000 2000 2000 2000 2000 2000 2000 2000 2000 2000 2000 2000    0
 11  -0.441    0 2000 2000 2000 2000 2000 2000 2000 2000 2000 2000 2000 2000 2000 2000 2000    0
 12  -0.500    0 2000 2000 2000 2000 2000 2000 2000 2000 2000 2000 2000 2000 2000 2000 2000    0
 13  -0.559    0 2000 2000 2000 2000 2000 2000 2000 2000 2000 2000 2000 2000 2000 2000 2000    0
 14  -0.618    0 2000 2000 2000 2000 2000 2000 2000 2000 2000 2000 2000 2000 2000 2000 2000    0
 15  -0.676    0 2000 2000 2000 2000 2000 2000 2000 2000 2000 2000 2000 2000 2000 2000 2000    0
 16  -0.735    0 2000 2000 2000 2000 2000 2000 2000 2000 2000 2000 2000 2000 2000 2000 2000    0
 17  -0.794    0 2000 2000 2000 2000 2000 2000 2000 2000 2000 2000 2000 2000 2000 2000 2000    0
 18  -0.853    0 2000 2000 2000 2000 2000 2000 2000 2000 2000 2000 2000 2000 2000 2000 2000    0
 19  -0.912    0 2000 2000 2000 2000 2000 2000 2000 2000 2000 2000 2000 2000 2000 2000 2000    0
 20  -0.971    0 2000 2000 2000 2000 2000 2000 2000 2000 2000 2000 2000 2000 2000 2000 2000    0
 21  -1.029    0    0    0    0    0    0    0    0    0    0    0    0    0    0    0    0    0




 Section i = 64

    j =      1    4    7   10   13   16   19   22   25   28   31   34   37   40   43   46   49
        d =    1 4500 4500 4500 4500 4500 4500 4500 4500 4500 4500 4500 4500 4500 4500 4500    1
  1  -0.004    0 2000 2000 2000 2000 2000 2000 2000 2000 2000 2000 2000 2000 2000 2000 2000    0
  2  -0.011    0 2000 2000 2000 2000 2000 2000 2000 2000 2000 2000 2000 2000 2000 2000 2000    0
  3  -0.022    0 2000 2000 2000 2000 2000 2000 2000 2000 2000 2000 2000 2000 2000 2000 2000    0
  4  -0.044    0 2000 2000 2000 2000 2000 2000 2000 2000 2000 2000 2000 2000 2000 2000 2000    0
  5  -0.088    0 2000 2000 2000 2000 2000 2000 2000 2000 2000 2000 2000 2000 2000 2000 2000    0
  6  -0.147    0 2000 2000 2000 2000 2000 2000 2000 2000 2000 2000 2000 2000 2000 2000 2000    0
  7  -0.206    0 2000 2000 2000 2000 2000 2000 2000 2000 2000 2000 2000 2000 2000 2000 2000    0
  8  -0.265    0 2000 2000 2000 2000 2000 2000 2000 2000 2000 2000 2000 2000 2000 2000 2000    0
  9  -0.324    0 2000 2000 2000 2000 2000 2000 2000 2000 2000 2000 2000 2000 2000 2000 2000    0
 10  -0.382    0 2000 2000 2000 2000 2000 2000 2000 2000 2000 2000 2000 2000 2000 2000 2000    0
 11  -0.441    0 2000 2000 2000 2000 2000 2000 2000 2000 2000 2000 2000 2000 2000 2000 2000    0
 12  -0.500    0 2000 2000 2000 2000 2000 2000 2000 2000 2000 2000 2000 2000 2000 2000 2000    0
 13  -0.559    0 2000 2000 2000 2000 2000 2000 2000 2000 2000 2000 2000 2000 2000 2000 2000    0
 14  -0.618    0 2000 2000 2000 2000 2000 2000 2000 2000 2000 2000 2000 2000 2000 2000 2000    0
 15  -0.676    0 2000 2000 2000 2000 2000 2000 2000 2000 2000 2000 2000 2000 2000 2000 2000    0
 16  -0.735    0 2000 2000 2000 2000 2000 2000 2000 2000 2000 2000 2000 2000 2000 2000 2000    0
 17  -0.794    0 2000 2000 2000 2000 2000 2000 2000 2000 2000 2000 2000 2000 2000 2000 2000    0
 18  -0.853    0 2000 2000 2000 2000 2000 2000 2000 2000 2000 2000 2000 2000 2000 2000 2000    0
 19  -0.912    0 2000 2000 2000 2000 2000 2000 2000 2000 2000 2000 2000 2000 2000 2000 2000    0
 20  -0.971    0 2000 2000 2000 2000 2000 2000 2000 2000 2000 2000 2000 2000 2000 2000 2000    0
 21  -1.029    0    0    0    0    0    0    0    0    0    0    0    0    0    0    0    0    0



 y-velocity, v                           

 Time =    0.0000 days    multiply all values by 1.00E-15

 Section i =  1

    j =      1    4    7   10   13   16   19   22   25   28   31   34   37   40   43   46   49
        d =    1 4500 4500 4500 4500 4500 4500 4500 4500 4500 4500 4500 4500 4500 4500 4500    1
  1  -0.004    0    0    0    0    0    0    0    0    0    0    0    0    0    0    0    0    0
  2  -0.011    0    0    0    0    0    0    0    0    0    0    0    0    0    0    0    0    0
  3  -0.022    0    0    0    0    0    0    0    0    0    0    0    0    0    0    0    0    0
  4  -0.044    0    0    0    0    0    0    0    0    0    0    0    0    0    0    0    0    0
  5  -0.088    0    0    0    0    0    0    0    0    0    0    0    0    0    0    0    0    0
  6  -0.147    0    0    0    0    0    0    0    0    0    0    0    0    0    0    0    0    0
  7  -0.206    0    0    0    0    0    0    0    0    0    0    0    0    0    0    0    0    0
  8  -0.265    0    0    0    0    0    0    0    0    0    0    0    0    0    0    0    0    0
  9  -0.324    0    0    0    0    0    0    0    0    0    0    0    0    0    0    0    0    0
 10  -0.382    0    0    0    0    0    0    0    0    0    0    0    0    0    0    0    0    0
 11  -0.441    0    0    0    0    0    0    0    0    0    0    0    0    0    0    0    0    0
 12  -0.500    0    0    0    0    0    0    0    0    0    0    0    0    0    0    0    0    0
 13  -0.559    0    0    0    0    0    0    0    0    0    0    0    0    0    0    0    0    0
 14  -0.618    0    0    0    0    0    0    0    0    0    0    0    0    0    0    0    0    0
 15  -0.676    0    0    0    0    0    0    0    0    0    0    0    0    0    0    0    0    0
 16  -0.735    0    0    0    0    0    0    0    0    0    0    0    0    0    0    0    0    0
 17  -0.794    0    0    0    0    0    0    0    0    0    0    0    0    0    0    0    0    0
 18  -0.853    0    0    0    0    0    0    0    0    0    0    0    0    0    0    0    0    0
 19  -0.912    0    0    0    0    0    0    0    0    0    0    0    0    0    0    0    0    0
 20  -0.971    0    0    0    0    0    0    0    0    0    0    0    0    0    0    0    0    0
 21  -1.029    0    0    0    0    0    0    0    0    0    0    0    0    0    0    0    0    0




 Section i = 32

    j =      1    4    7   10   13   16   19   22   25   28   31   34   37   40   43   46   49
        d =    1 4500 4500 4498 4453 4106 2999 1373  552 1373 2999 4106 4453 4498 4500 4500    1
  1  -0.004    0    0    0    0    0    0    0    0    0    0    0    0    0    0    0    0    0
  2  -0.011    0    0    0    0    0    0    0    0    0    0    0    0    0    0    0    0    0
  3  -0.022    0    0    0    0    0    0    0    0    0    0    0    0    0    0    0    0    0
  4  -0.044    0    0    0    0    0    0    0    0    0    0    0    0    0    0    0    0    0
  5  -0.088    0    0    0    0    0    0    0    0    0    0    0    0    0    0    0    0    0
  6  -0.147    0    0    0    0    0    0    0    0    0    0    0    0    0    0    0    0    0
  7  -0.206    0    0    0    0    0    0    0    0    0    0    0    0    0    0    0    0    0
  8  -0.265    0    0    0    0    0    0    0    0    0    0    0    0    0    0    0    0    0
  9  -0.324    0    0    0    0    0    0    0    0    0    0    0    0    0    0    0    0    0
 10  -0.382    0    0    0    0    0    0    0    0    0    0    0    0    0    0    0    0    0
 11  -0.441    0    0    0    0    0    0    0    0    0    0    0    0    0    0    0    0    0
 12  -0.500    0    0    0    0    0    0    0    0    0    0    0    0    0    0    0    0    0
 13  -0.559    0    0    0    0    0    0    0    0    0    0    0    0    0    0    0    0    0
 14  -0.618    0    0    0    0    0    0    0    0    0    0    0    0    0    0    0    0    0
 15  -0.676    0    0    0    0    0    0    0    0    0    0    0    0    0    0    0    0    0
 16  -0.735    0    0    0    0    0    0    0    0    0    0    0    0    0    0    0    0    0
 17  -0.794    0    0    0    0    0    0    0    0    0    0    0    0    0    0    0    0    0
 18  -0.853    0    0    0    0    0    0    0    0    0    0    0    0    0    0    0    0    0
 19  -0.912    0    0    0    0    0    0    0    0    0    0    0    0    0    0    0    0    0
 20  -0.971    0    0    0    0    0    0    0    0    0    0    0    0    0    0    0    0    0
 21  -1.029    0    0    0    0    0    0    0    0    0    0    0    0    0    0    0    0    0




 Section i = 64

    j =      1    4    7   10   13   16   19   22   25   28   31   34   37   40   43   46   49
        d =    1 4500 4500 4500 4500 4500 4500 4500 4500 4500 4500 4500 4500 4500 4500 4500    1
  1  -0.004    0    0    0    0    0    0    0    0    0    0    0    0    0    0    0    0    0
  2  -0.011    0    0    0    0    0    0    0    0    0    0    0    0    0    0    0    0    0
  3  -0.022    0    0    0    0    0    0    0    0    0    0    0    0    0    0    0    0    0
  4  -0.044    0    0    0    0    0    0    0    0    0    0    0    0    0    0    0    0    0
  5  -0.088    0    0    0    0    0    0    0    0    0    0    0    0    0    0    0    0    0
  6  -0.147    0    0    0    0    0    0    0    0    0    0    0    0    0    0    0    0    0
  7  -0.206    0    0    0    0    0    0    0    0    0    0    0    0    0    0    0    0    0
  8  -0.265    0    0    0    0    0    0    0    0    0    0    0    0    0    0    0    0    0
  9  -0.324    0    0    0    0    0    0    0    0    0    0    0    0    0    0    0    0    0
 10  -0.382    0    0    0    0    0    0    0    0    0    0    0    0    0    0    0    0    0
 11  -0.441    0    0    0    0    0    0    0    0    0    0    0    0    0    0    0    0    0
 12  -0.500    0    0    0    0    0    0    0    0    0    0    0    0    0    0    0    0    0
 13  -0.559    0    0    0    0    0    0    0    0    0    0    0    0    0    0    0    0    0
 14  -0.618    0    0    0    0    0    0    0    0    0    0    0    0    0    0    0    0    0
 15  -0.676    0    0    0    0    0    0    0    0    0    0    0    0    0    0    0    0    0
 16  -0.735    0    0    0    0    0    0    0    0    0    0    0    0    0    0    0    0    0
 17  -0.794    0    0    0    0    0    0    0    0    0    0    0    0    0    0    0    0    0
 18  -0.853    0    0    0    0    0    0    0    0    0    0    0    0    0    0    0    0    0
 19  -0.912    0    0    0    0    0    0    0    0    0    0    0    0    0    0    0    0    0
 20  -0.971    0    0    0    0    0    0    0    0    0    0    0    0    0    0    0    0    0
 21  -1.029    0    0    0    0    0    0    0    0    0    0    0    0    0    0    0    0    0



 z-velocity, w                           

 Time =    0.0000 days    multiply all values by 1.00E-15

 Section i =  1

    j =      1    4    7   10   13   16   19   22   25   28   31   34   37   40   43   46   49
        d =    1 4500 4500 4500 4500 4500 4500 4500 4500 4500 4500 4500 4500 4500 4500 4500    1
  1  -0.004    0    0    0    0    0    0    0    0    0    0    0    0    0    0    0    0    0
  2  -0.011    0    0    0    0    0    0    0    0    0    0    0    0    0    0    0    0    0
  3  -0.022    0    0    0    0    0    0    0    0    0    0    0    0    0    0    0    0    0
  4  -0.044    0    0    0    0    0    0    0    0    0    0    0    0    0    0    0    0    0
  5  -0.088    0    0    0    0    0    0    0    0    0    0    0    0    0    0    0    0    0
  6  -0.147    0    0    0    0    0    0    0    0    0    0    0    0    0    0    0    0    0
  7  -0.206    0    0    0    0    0    0    0    0    0    0    0    0    0    0    0    0    0
  8  -0.265    0    0    0    0    0    0    0    0    0    0    0    0    0    0    0    0    0
  9  -0.324    0    0    0    0    0    0    0    0    0    0    0    0    0    0    0    0    0
 10  -0.382    0    0    0    0    0    0    0    0    0    0    0    0    0    0    0    0    0
 11  -0.441    0    0    0    0    0    0    0    0    0    0    0    0    0    0    0    0    0
 12  -0.500    0    0    0    0    0    0    0    0    0    0    0    0    0    0    0    0    0
 13  -0.559    0    0    0    0    0    0    0    0    0    0    0    0    0    0    0    0    0
 14  -0.618    0    0    0    0    0    0    0    0    0    0    0    0    0    0    0    0    0
 15  -0.676    0    0    0    0    0    0    0    0    0    0    0    0    0    0    0    0    0
 16  -0.735    0    0    0    0    0    0    0    0    0    0    0    0    0    0    0    0    0
 17  -0.794    0    0    0    0    0    0    0    0    0    0    0    0    0    0    0    0    0
 18  -0.853    0    0    0    0    0    0    0    0    0    0    0    0    0    0    0    0    0
 19  -0.912    0    0    0    0    0    0    0    0    0    0    0    0    0    0    0    0    0
 20  -0.971    0    0    0    0    0    0    0    0    0    0    0    0    0    0    0    0    0
 21  -1.029    0    0    0    0    0    0    0    0    0    0    0    0    0    0    0    0    0




 Section i = 32

    j =      1    4    7   10   13   16   19   22   25   28   31   34   37   40   43   46   49
        d =    1 4500 4500 4498 4453 4106 2999 1373  552 1373 2999 4106 4453 4498 4500 4500    1
  1  -0.004    0    0    0    0    0    0    0    0    0    0    0    0    0    0    0    0    0
  2  -0.011    0    0    0    0    0    0    0    0    0    0    0    0    0    0    0    0    0
  3  -0.022    0    0    0    0    0    0    0    0    0    0    0    0    0    0    0    0    0
  4  -0.044    0    0    0    0    0    0    0    0    0    0    0    0    0    0    0    0    0
  5  -0.088    0    0    0    0    0    0    0    0    0    0    0    0    0    0    0    0    0
  6  -0.147    0    0    0    0    0    0    0    0    0    0    0    0    0    0    0    0    0
  7  -0.206    0    0    0    0    0    0    0    0    0    0    0    0    0    0    0    0    0
  8  -0.265    0    0    0    0    0    0    0    0    0    0    0    0    0    0    0    0    0
  9  -0.324    0    0    0    0    0    0    0    0    0    0    0    0    0    0    0    0    0
 10  -0.382    0    0    0    0    0    0    0    0    0    0    0    0    0    0    0    0    0
 11  -0.441    0    0    0    0    0    0    0    0    0    0    0    0    0    0    0    0    0
 12  -0.500    0    0    0    0    0    0    0    0    0    0    0    0    0    0    0    0    0
 13  -0.559    0    0    0    0    0    0    0    0    0    0    0    0    0    0    0    0    0
 14  -0.618    0    0    0    0    0    0    0    0    0    0    0    0    0    0    0    0    0
 15  -0.676    0    0    0    0    0    0    0    0    0    0    0    0    0    0    0    0    0
 16  -0.735    0    0    0    0    0    0    0    0    0    0    0    0    0    0    0    0    0
 17  -0.794    0    0    0    0    0    0    0    0    0    0    0    0    0    0    0    0    0
 18  -0.853    0    0    0    0    0    0    0    0    0    0    0    0    0    0    0    0    0
 19  -0.912    0    0    0    0    0    0    0    0    0    0    0    0    0    0    0    0    0
 20  -0.971    0    0    0    0    0    0    0    0    0    0    0    0    0    0    0    0    0
 21  -1.029    0    0    0    0    0    0    0    0    0    0    0    0    0    0    0    0    0




 Section i = 64

    j =      1    4    7   10   13   16   19   22   25   28   31   34   37   40   43   46   49
        d =    1 4500 4500 4500 4500 4500 4500 4500 4500 4500 4500 4500 4500 4500 4500 4500    1
  1  -0.004    0    0    0    0    0    0    0    0    0    0    0    0    0    0    0    0    0
  2  -0.011    0    0    0    0    0    0    0    0    0    0    0    0    0    0    0    0    0
  3  -0.022    0    0    0    0    0    0    0    0    0    0    0    0    0    0    0    0    0
  4  -0.044    0    0    0    0    0    0    0    0    0    0    0    0    0    0    0    0    0
  5  -0.088    0    0    0    0    0    0    0    0    0    0    0    0    0    0    0    0    0
  6  -0.147    0    0    0    0    0    0    0    0    0    0    0    0    0    0    0    0    0
  7  -0.206    0    0    0    0    0    0    0    0    0    0    0    0    0    0    0    0    0
  8  -0.265    0    0    0    0    0    0    0    0    0    0    0    0    0    0    0    0    0
  9  -0.324    0    0    0    0    0    0    0    0    0    0    0    0    0    0    0    0    0
 10  -0.382    0    0    0    0    0    0    0    0    0    0    0    0    0    0    0    0    0
 11  -0.441    0    0    0    0    0    0    0    0    0    0    0    0    0    0    0    0    0
 12  -0.500    0    0    0    0    0    0    0    0    0    0    0    0    0    0    0    0    0
 13  -0.559    0    0    0    0    0    0    0    0    0    0    0    0    0    0    0    0    0
 14  -0.618    0    0    0    0    0    0    0    0    0    0    0    0    0    0    0    0    0
 15  -0.676    0    0    0    0    0    0    0    0    0    0    0    0    0    0    0    0    0
 16  -0.735    0    0    0    0    0    0    0    0    0    0    0    0    0    0    0    0    0
 17  -0.794    0    0    0    0    0    0    0    0    0    0    0    0    0    0    0    0    0
 18  -0.853    0    0    0    0    0    0    0    0    0    0    0    0    0    0    0    0    0
 19  -0.912    0    0    0    0    0    0    0    0    0    0    0    0    0    0    0    0    0
 20  -0.971    0    0    0    0    0    0    0    0    0    0    0    0    0    0    0    0    0
 21  -1.029    0    0    0    0    0    0    0    0    0    0    0    0    0    0    0    0    0



 Potential temperature, t                

 Time =    0.0000 days    multiply all values by 1.00E-02

 Section i =  1

    j =      1    4    7   10   13   16   19   22   25   28   31   34   37   40   43   46   49
        d =    1 4500 4500 4500 4500 4500 4500 4500 4500 4500 4500 4500 4500 4500 4500 4500    1
  1  -0.004 2000 1975 1975 1975 1975 1975 1975 1975 1975 1975 1975 1975 1975 1975 1975 1975 2000
  2  -0.011 2000 1927 1927 1927 1927 1927 1927 1927 1927 1927 1927 1927 1927 1927 1927 1927 2000
  3  -0.022 2000 1858 1858 1858 1858 1858 1858 1858 1858 1858 1858 1858 1858 1858 1858 1858 2000
  4  -0.044 2000 1730 1730 1730 1730 1730 1730 1730 1730 1730 1730 1730 1730 1730 1730 1730 2000
  5  -0.088 2000 1508 1508 1508 1508 1508 1508 1508 1508 1508 1508 1508 1508 1508 1508 1508 2000
  6  -0.147 2000 1274 1274 1274 1274 1274 1274 1274 1274 1274 1274 1274 1274 1274 1274 1274 2000
  7  -0.206 2000 1094 1094 1094 1094 1094 1094 1094 1094 1094 1094 1094 1094 1094 1094 1094 2000
  8  -0.265 2000  956  956  956  956  956  956  956  956  956  956  956  956  956  956  956 2000
  9  -0.324 2000  850  850  850  850  850  850  850  850  850  850  850  850  850  850  850 2000
 10  -0.382 1999  768  768  768  768  768  768  768  768  768  768  768  768  768  768  768 1999
 11  -0.441 1999  706  706  706  706  706  706  706  706  706  706  706  706  706  706  706 1999
 12  -0.500 1999  658  658  658  658  658  658  658  658  658  658  658  658  658  658  658 1999
 13  -0.559 1999  621  621  621  621  621  621  621  621  621  621  621  621  621  621  621 1999
 14  -0.618 1999  593  593  593  593  593  593  593  593  593  593  593  593  593  593  593 1999
 15  -0.676 1999  571  571  571  571  571  571  571  571  571  571  571  571  571  571  571 1999
 16  -0.735 1999  555  555  555  555  555  555  555  555  555  555  555  555  555  555  555 1999
 17  -0.794 1999  542  542  542  542  542  542  542  542  542  542  542  542  542  542  542 1999
 18  -0.853 1999  532  532  532  532  532  532  532  532  532  532  532  532  532  532  532 1999
 19  -0.912 1999  525  525  525  525  525  525  525  525  525  525  525  525  525  525  525 1999
 20  -0.971 1999  519  519  519  519  519  519  519  519  519  519  519  519  519  519  519 1999
 21  -1.029    0    0    0    0    0    0    0    0    0    0    0    0    0    0    0    0    0




 Section i = 32

    j =      1    4    7   10   13   16   19   22   25   28   31   34   37   40   43   46   49
        d =    1 4500 4500 4498 4453 4106 2999 1373  552 1373 2999 4106 4453 4498 4500 4500    1
  1  -0.004 2000 1975 1975 1975 1976 1978 1984 1992 1997 1992 1984 1978 1976 1975 1975 1975 2000
  2  -0.011 2000 1927 1927 1927 1928 1934 1951 1977 1991 1977 1951 1934 1928 1927 1927 1927 2000
  3  -0.022 2000 1858 1858 1858 1860 1870 1904 1955 1982 1955 1904 1870 1860 1858 1858 1858 2000
  4  -0.044 2000 1730 1730 1730 1732 1751 1814 1912 1964 1912 1814 1751 1732 1730 1730 1730 2000
  5  -0.088 2000 1508 1508 1509 1513 1544 1651 1829 1929 1829 1651 1544 1513 1509 1508 1508 2000
  6  -0.147 2000 1274 1274 1274 1279 1320 1465 1726 1883 1726 1465 1320 1279 1274 1274 1274 2000
  7  -0.206 2000 1094 1094 1094 1100 1144 1309 1631 1839 1631 1309 1144 1100 1094 1094 1094 2000
  8  -0.265 2000  956  956  956  962 1006 1178 1543 1796 1543 1178 1006  962  956  956  956 2000
  9  -0.324 2000  850  850  850  855  897 1068 1462 1755 1462 1068  897  855  850  850  850 2000
 10  -0.382 1999  768  768  769  773  812  977 1387 1714 1387  977  812  773  769  768  768 1999
 11  -0.441 1999  706  706  706  710  745  899 1318 1676 1318  899  745  710  706  706  706 1999
 12  -0.500 1999  658  658  658  662  692  835 1255 1638 1255  835  692  662  658  658  658 1999
 13  -0.559 1999  621  621  621  625  651  781 1196 1602 1196  781  651  625  621  621  621 1999
 14  -0.618 1999  593  593  593  596  619  735 1142 1566 1142  735  619  596  593  593  593 1999
 15  -0.676 1999  571  571  572  574  593  697 1092 1532 1092  697  593  574  572  571  571 1999
 16  -0.735 1999  555  555  555  557  573  665 1046 1499 1046  665  573  557  555  555  555 1999
 17  -0.794 1999  542  542  542  544  558  639 1004 1467 1004  639  558  544  542  542  542 1999
 18  -0.853 1999  532  532  532  534  545  616  965 1436  965  616  545  534  532  532  532 1999
 19  -0.912 1999  525  525  525  526  535  597  929 1406  929  597  535  526  525  525  525 1999
 20  -0.971 1999  519  519  519  520  528  582  896 1377  896  582  528  520  519  519  519 1999
 21  -1.029    0    0    0    0    0    0    0    0    0    0    0    0    0    0    0    0    0




 Section i = 64

    j =      1    4    7   10   13   16   19   22   25   28   31   34   37   40   43   46   49
        d =    1 4500 4500 4500 4500 4500 4500 4500 4500 4500 4500 4500 4500 4500 4500 4500    1
  1  -0.004 2000 1975 1975 1975 1975 1975 1975 1975 1975 1975 1975 1975 1975 1975 1975 1975 2000
  2  -0.011 2000 1927 1927 1927 1927 1927 1927 1927 1927 1927 1927 1927 1927 1927 1927 1927 2000
  3  -0.022 2000 1858 1858 1858 1858 1858 1858 1858 1858 1858 1858 1858 1858 1858 1858 1858 2000
  4  -0.044 2000 1730 1730 1730 1730 1730 1730 1730 1730 1730 1730 1730 1730 1730 1730 1730 2000
  5  -0.088 2000 1508 1508 1508 1508 1508 1508 1508 1508 1508 1508 1508 1508 1508 1508 1508 2000
  6  -0.147 2000 1274 1274 1274 1274 1274 1274 1274 1274 1274 1274 1274 1274 1274 1274 1274 2000
  7  -0.206 2000 1094 1094 1094 1094 1094 1094 1094 1094 1094 1094 1094 1094 1094 1094 1094 2000
  8  -0.265 2000  956  956  956  956  956  956  956  956  956  956  956  956  956  956  956 2000
  9  -0.324 2000  850  850  850  850  850  850  850  850  850  850  850  850  850  850  850 2000
 10  -0.382 1999  768  768  768  768  768  768  768  768  768  768  768  768  768  768  768 1999
 11  -0.441 1999  706  706  706  706  706  706  706  706  706  706  706  706  706  706  706 1999
 12  -0.500 1999  658  658  658  658  658  658  658  658  658  658  658  658  658  658  658 1999
 13  -0.559 1999  621  621  621  621  621  621  621  621  621  621  621  621  621  621  621 1999
 14  -0.618 1999  593  593  593  593  593  593  593  593  593  593  593  593  593  593  593 1999
 15  -0.676 1999  571  571  571  571  571  571  571  571  571  571  571  571  571  571  571 1999
 16  -0.735 1999  555  555  555  555  555  555  555  555  555  555  555  555  555  555  555 1999
 17  -0.794 1999  542  542  542  542  542  542  542  542  542  542  542  542  542  542  542 1999
 18  -0.853 1999  532  532  532  532  532  532  532  532  532  532  532  532  532  532  532 1999
 19  -0.912 1999  525  525  525  525  525  525  525  525  525  525  525  525  525  525  525 1999
 20  -0.971 1999  519  519  519  519  519  519  519  519  519  519  519  519  519  519  519 1999
 21  -1.029    0    0    0    0    0    0    0    0    0    0    0    0    0    0    0    0    0




*****************************************************************************************************************************

 time =   0.0125, iint =       6, iext =      31, iprint =       6


 Depth-averaged u, uab                   

 Time =    0.0125 days    multiply all values by 1.00E-04

      1    5    9   13   17   21   25   29   33   37   41   45   49   53   57   61   65
  49    0    0    0    0    0    0    0    0    0    0    0    0    0    0    0    0    0
  46    0 2002 2106 2108 2094 2117 2148 2127 2135 2110 2087 2059 2078 2092 2096 1998 1787
  43    0 2024 2047 2035 2072 2125 2169 2160 2171 2144 2111 2073 2064 2026 2021 2007 1869
  40    0 2053 1984 1982 2046 2109 2177 2204 2227 2187 2120 2060 2038 1980 1950 2021 1971
  37    0 2079 1949 1954 2003 2063 2162 2264 2330 2254 2113 2019 1990 1950 1916 2038 2043
  34    0 2087 1942 1941 1952 1985 2104 2342 2539 2363 2069 1945 1935 1929 1914 2048 2082
  31    0 2083 1942 1933 1904 1883 1970 2398 2961 2503 1953 1843 1883 1917 1923 2048 2102
  28    0 2075 1941 1926 1868 1786 1776 2270 3791 2513 1769 1748 1848 1912 1930 2047 2113
  25    0 2069 1937 1920 1851 1739 1657 2018 4749 2322 1679 1717 1838 1911 1933 2048 2119
  22    0 2066 1931 1916 1857 1766 1731 2205 3775 2585 1832 1779 1859 1917 1933 2053 2122
  19    0 2064 1923 1915 1886 1847 1896 2324 2952 2576 2044 1898 1905 1928 1929 2058 2119
  16    0 2056 1915 1922 1933 1941 2021 2288 2536 2423 2159 2014 1965 1947 1925 2059 2105
  13    0 2037 1923 1939 1985 2015 2081 2227 2326 2300 2189 2092 2023 1975 1935 2053 2071
  10    0 2011 1961 1968 2029 2060 2097 2179 2218 2221 2182 2133 2068 2007 1977 2047 2004
   7    0 1992 2025 2017 2055 2075 2090 2144 2156 2169 2161 2144 2089 2048 2050 2047 1915
   4    0 1984 2087 2083 2070 2063 2068 2114 2119 2136 2135 2131 2095 2105 2123 2046 1844
   1    0    0    0    0    0    0    0    0    0    0    0    0    0    0    0    0    0



 Depth-averaged v, vab                   

 Time =    0.0125 days    multiply all values by 1.00E-05

      1    5    9   13   17   21   25   29   33   37   41   45   49   53   57   61   65
  49    0    0    0    0    0    0    0    0    0    0    0    0    0    0    0    0    0
  46    0 -920 -643  123  534  509  328   94 -149 -398 -633 -845 -871 -401  442  699    0
  43    0-1354 -868   34  407  494  431  149 -255 -641 -853 -902 -781 -345  635 1028    0
  40    0-1207 -837 -259  165  580  767  454 -251 -930-1130 -913 -460  -18  572  800    0
  37    0 -744 -616 -424  106  882 1511 1203 -248-1627-1758-1120 -366  144  295  290    0
  34    0 -389 -312 -309  219 1294 2650 2665 -348-3105-2732-1394 -405   48  -43  -89    0
  31    0 -247 -131 -124  322 1461 3497 4765 -714-5433-3404-1406 -432 -114 -229 -248    0
  28    0 -234 -115  -51  236  979 2581 5117-2201-6336-2385 -832 -305 -176 -251 -280    0
  25    0 -260 -164  -59   -7  -50 -451-2425-4283  831  631  197  -66 -169 -202 -267    0
  22    0 -257 -164  -27 -236-1016-2984-6620-1586 5547 3092 1081  118 -213 -201 -272    0
  19    0 -146  -32   85 -352-1449-3341-4685 -634 4023 3299 1375  161 -356 -339 -367    0
  16    0  156  215  170 -407-1395-2501-2628 -370 2103 2304 1194  150 -468 -596 -632    0
  13    0  612  393   43 -496-1172-1637-1433 -289  925 1312  871  183 -380 -820-1060    0
  10    0  954  427 -272 -676-1013-1113 -877 -281  360  724  651  340  -58 -855-1368    0
   7    0  875  316 -615 -979 -980 -836 -589 -236  129  420  557  563  194 -786-1254    0
   4    0  429  155 -431 -717 -639 -446 -269 -103   61  243  423  489  177 -427 -626    0
   1    0    0    0    0    0    0    0    0    0    0    0    0    0    0    0    0    0



 Surface elevation, elb                  

 Time =    0.0125 days    multiply all values by 1.00E-04

      1    5    9   13   17   21   25   29   33   37   41   45   49   53   57   61   65
  49    0    0    0    0    0    0    0    0    0    0    0    0    0    0    0    0    0
  46  617-3590-6196-5692-4914-5069-5241-4703-4599-4327-4244-3848-2424 -993  -70-2561-6633
  43 -486-2439-3073-2923-3570-4474-4826-4282-4059-3605-3388-3055-2515-2611-1900-2515-4541
  40-1982-1761 -337 -995-2221-3116-3636-3375-3362-3127-3096-2829-2451-3289-3450-1928-2046
  37-2978-1811  824 -199-1067-1753-2380-2407-2621-2697-2949-2836-2577-3157-3744 -847 -168
  34-3280-1853  793  -97 -356 -753-1371-1588-1989-2226-2627-2581-2303-2335-2931   39  971
  31-3187-1600  536 -320 -149 -203 -699-1016-1461-1695-2068-1941-1577-1255-1941  547 1671
  28-2934-1211  530 -385  -37  141 -170 -645-1003-1061-1295-1177 -799 -385-1228  876 2158
  25-2614 -820  834  -73  333  623  485   84 -101 -229 -510 -587 -305   95 -800 1193 2536
  22-2240 -448 1431  613 1006 1303 1312 1055  859  393   90 -226 -142  170 -652 1529 2835
  19-1758    3 2356 1563 1759 1983 2050 1685 1345  876  654  176  -62  -16 -791 1813 3032
  16-1033  684 3424 2415 2207 2367 2497 2151 1923 1584 1411  896  327 -133-1070 1884 3017
  13  181 1581 4021 2843 2206 2419 2749 2555 2543 2420 2414 2015 1247  259 -836 1705 2565
  10 2039 2157 3397 2746 1964 2326 2891 2931 3233 3322 3550 3393 2492 1212  602 1701 1465
   7 4150 2019 1665 2189 2089 2599 3283 3415 3890 4164 4614 4709 3800 3109 3377 2462   16
   4 5730 1604 -376  922 2372 3569 4246 4158 4421 4536 4866 5071 4828 5674 6350 3560 -996
   1    0    0    0    0    0    0    0    0    0    0    0    0    0    0    0    0    0



 Streamfunction, psi from u              

 Time =    0.0125 days    multiply all values by 1.00E+05

      1    5    9   13   17   21   25   29   33   37   41   45   49   53   57   61   65
  49    0 2305 2256 2253 2259 2259 2259 2258 2258 2258 2259 2261 2265 2260 2254 2306 2245
  46    0 2103 2042 2039 2047 2046 2043 2044 2043 2046 2049 2054 2055 2047 2041 2104 2065
  43    0 1919 1854 1851 1858 1853 1846 1848 1847 1852 1858 1866 1866 1861 1855 1922 1898
  40    0 1753 1690 1688 1690 1680 1669 1670 1667 1675 1685 1697 1699 1698 1694 1758 1740
  37    0 1602 1547 1545 1542 1528 1511 1507 1501 1513 1530 1548 1553 1555 1553 1609 1593
  34    0 1464 1420 1417 1413 1396 1372 1359 1348 1366 1395 1419 1424 1428 1427 1474 1456
  31    0 1339 1303 1301 1297 1280 1254 1236 1220 1244 1281 1306 1310 1312 1312 1351 1330
  28    0 1222 1193 1192 1191 1179 1159 1150 1140 1162 1191 1208 1205 1205 1203 1236 1211
  25    0 1109 1088 1088 1091 1085 1079 1095 1104 1114 1117 1116 1105 1101 1098 1125 1096
  22    0  997  983  983  990  991  998 1034 1058 1057 1039 1023 1005  997  993 1013  981
  19    0  881  875  876  884  889  901  940  962  960  939  920  899  888  884  897  862
  16    0  757  759  760  769  774  784  814  827  829  815  801  781  772  769  774  735
  13    0  622  633  633  640  643  649  668  675  678  672  665  649  642  641  638  597
  10    0  475  491  490  492  493  496  508  511  514  513  510  499  496  498  489  449
   7    0  312  327  327  325  324  325  333  334  336  336  335  329  331  333  322  291
   4    0  131  139  139  137  136  136  139  140  141  141  141  139  141  142  135  121
   1    0    0    0    0    0    0    0    0    0    0    0    0    0    0    0    0    0



 Streamfunction, psi from v              

 Time =    0.0125 days    multiply all values by 1.00E+05

      1    5    9   13   17   21   25   29   33   37   41   45   49   53   57   61   65
  49    0 2254 2254 2254 2254 2254 2254 2254 2254 2254 2254 2254 2254 2254 2254 2254 2254
  46    0 2075 2086 2090 2087 2082 2079 2077 2077 2079 2082 2088 2096 2103 2104 2096 2089
  43    0 1905 1921 1926 1924 1920 1916 1914 1914 1917 1922 1929 1937 1943 1943 1932 1923
  40    0 1741 1755 1762 1763 1760 1754 1749 1748 1751 1759 1768 1775 1777 1775 1766 1761
  37    0 1587 1596 1602 1605 1601 1592 1581 1576 1582 1595 1607 1615 1616 1614 1610 1609
  34    0 1447 1451 1455 1457 1452 1437 1417 1405 1416 1438 1456 1464 1466 1465 1466 1469
  31    0 1319 1321 1323 1323 1317 1300 1273 1256 1272 1301 1321 1329 1332 1333 1336 1340
  28    0 1200 1202 1203 1203 1199 1187 1168 1156 1170 1191 1203 1209 1211 1213 1216 1220
  25    0 1085 1087 1089 1089 1089 1090 1095 1102 1103 1099 1096 1095 1096 1098 1101 1105
  22    0  970  973  974  974  978  991 1015 1037 1028 1004  987  982  982  984  987  991
  19    0  851  852  852  852  858  875  902  922  914  888  868  860  861  865  869  874
  16    0  723  721  718  718  725  740  759  773  768  751  736  729  730  736  744  750
  13    0  585  578  575  576  583  594  606  614  612  604  594  589  589  595  607  618
  10    0  436  426  424  429  436  444  452  457  457  453  448  443  441  444  458  473
   7    0  280  271  272  279  288  296  301  305  305  303  300  294  290  292  305  318
   4    0  116  112  112  118  124  129  131  133  133  132  130  126  122  122  129  136
   1    0    0    0    0    0    0    0    0    0    0    0    0    0    0    0    0    0



 x-velocity, u                           

 Time =    0.0125 days    multiply all values by 1.00E-04

 Layer k =  1

      1    5    9   13   17   21   25   29   33   37   41   45   49   53   57   61   65
  49    0    0    0    0    0    0    0    0    0    0    0    0    0    0    0    0    0
  46    0 2012 2170 2178 2141 2140 2186 2143 2142 2124 2079 2076 2120 2161 2166 2017 1852
  43    0 2077 2126 2069 2079 2128 2208 2194 2203 2178 2113 2074 2068 2053 2094 2074 1868
  40    0 2141 2053 1989 2023 2101 2221 2252 2275 2237 2137 2051 2010 1975 2009 2117 1887
  37    0 2183 1997 1932 1961 2066 2221 2312 2369 2303 2150 2025 1947 1914 1952 2142 1901
  34    0 2194 1968 1892 1904 2015 2175 2377 2552 2393 2117 1982 1893 1866 1927 2149 1912
  31    0 2186 1951 1863 1859 1940 2045 2416 2950 2509 1999 1907 1853 1835 1917 2144 1919
  28    0 2173 1937 1841 1826 1858 1844 2286 3775 2514 1810 1827 1828 1817 1910 2135 1922
  25    0 2163 1926 1826 1804 1811 1712 2024 4764 2346 1718 1799 1821 1810 1904 2128 1923
  22    0 2155 1917 1818 1799 1822 1774 2186 3713 2573 1870 1851 1832 1812 1900 2126 1920
  19    0 2145 1909 1820 1812 1875 1927 2306 2907 2551 2079 1948 1859 1824 1899 2128 1915
  16    0 2129 1908 1836 1846 1931 2035 2283 2514 2411 2188 2029 1896 1852 1903 2125 1905
  13    0 2097 1927 1870 1896 1971 2067 2229 2325 2299 2204 2071 1942 1896 1927 2113 1891
  10    0 2049 1977 1919 1952 2001 2055 2171 2219 2216 2178 2089 1993 1949 1983 2092 1872
   7    0 1990 2046 1992 2007 2027 2031 2111 2135 2141 2141 2101 2040 2017 2063 2058 1848
   4    0 1933 2098 2098 2059 2029 1996 2055 2068 2080 2104 2095 2080 2117 2139 2004 1826
   1    0    0    0    0    0    0    0    0    0    0    0    0    0    0    0    0    0




 Layer k = 10

      1    5    9   13   17   21   25   29   33   37   41   45   49   53   57   61   65
  49    0    0    0    0    0    0    0    0    0    0    0    0    0    0    0    0    0
  46    0 1981 2139 2147 2110 2109 2155 2112 2111 2093 2048 2046 2089 2130 2135 1986 1830
  43    0 2048 2097 2040 2050 2099 2179 2164 2173 2149 2084 2045 2038 2024 2065 2045 1847
  40    0 2114 2027 1962 1997 2075 2194 2225 2249 2211 2110 2025 1983 1948 1983 2091 1868
  37    0 2160 1975 1910 1939 2043 2198 2289 2347 2281 2127 2002 1925 1892 1929 2120 1885
  34    0 2177 1951 1874 1886 1997 2156 2358 2536 2375 2098 1964 1876 1849 1909 2132 1899
  31    0 2174 1939 1851 1847 1927 2027 2399 2943 2495 1980 1893 1841 1823 1905 2132 1910
  28    0 2167 1931 1835 1819 1850 1826 2259 3777 2491 1789 1817 1822 1811 1904 2129 1918
  25    0 2162 1926 1826 1804 1808 1697 1990 4788 2311 1699 1794 1821 1810 1904 2128 1923
  22    0 2161 1923 1824 1805 1826 1769 2181 3758 2575 1863 1854 1838 1818 1907 2133 1925
  19    0 2157 1921 1832 1825 1886 1935 2319 2936 2569 2086 1958 1871 1837 1911 2140 1923
  16    0 2146 1925 1854 1864 1948 2052 2302 2536 2431 2204 2046 1914 1870 1921 2142 1918
  13    0 2119 1949 1892 1918 1993 2089 2252 2347 2322 2227 2093 1964 1918 1950 2135 1908
  10    0 2075 2004 1945 1978 2028 2081 2197 2245 2242 2204 2115 2019 1975 2009 2118 1891
   7    0 2019 2075 2021 2036 2056 2060 2140 2164 2170 2170 2130 2069 2047 2093 2087 1869
   4    0 1964 2129 2129 2090 2060 2027 2086 2099 2111 2135 2126 2111 2148 2170 2035 1848
   1    0    0    0    0    0    0    0    0    0    0    0    0    0    0    0    0    0




 Layer k = 20

      1    5    9   13   17   21   25   29   33   37   41   45   49   53   57   61   65
  49    0    0    0    0    0    0    0    0    0    0    0    0    0    0    0    0    0
  46    0 1977 2136 2143 2106 2106 2151 2108 2107 2088 2044 2042 2085 2126 2131 1982 1827
  43    0 2044 2093 2036 2046 2095 2175 2160 2169 2145 2079 2040 2034 2020 2061 2041 1845
  40    0 2111 2023 1959 1993 2071 2190 2221 2244 2206 2106 2021 1979 1944 1979 2087 1865
  37    0 2157 1971 1906 1935 2039 2194 2285 2342 2276 2122 1998 1921 1888 1926 2116 1883
  34    0 2173 1947 1870 1883 1993 2151 2353 2532 2370 2092 1959 1872 1845 1905 2128 1897
  31    0 2170 1935 1847 1843 1922 2019 2390 2944 2488 1971 1888 1837 1819 1901 2128 1907
  28    0 2163 1927 1832 1816 1845 1812 2225 3792 2460 1770 1810 1818 1807 1900 2126 1915
  25    0 2159 1922 1822 1801 1802 1680 1919 4665 2214 1674 1787 1817 1806 1901 2125 1920
  22    0 2157 1919 1820 1802 1821 1755 2148 3773 2542 1845 1847 1834 1815 1903 2129 1922
  19    0 2154 1917 1828 1821 1882 1926 2310 2937 2562 2077 1953 1867 1833 1907 2136 1921
  16    0 2143 1921 1850 1860 1944 2046 2296 2532 2426 2199 2042 1910 1866 1918 2139 1915
  13    0 2115 1945 1889 1914 1989 2085 2247 2343 2317 2222 2089 1961 1914 1946 2131 1905
  10    0 2072 2000 1941 1974 2024 2077 2193 2241 2238 2200 2111 2015 1971 2006 2115 1888
   7    0 2016 2071 2017 2032 2052 2056 2136 2160 2165 2166 2126 2065 2043 2089 2083 1866
   4    0 1960 2125 2125 2086 2056 2023 2082 2095 2107 2130 2122 2107 2144 2167 2032 1845
   1    0    0    0    0    0    0    0    0    0    0    0    0    0    0    0    0    0



 y-velocity, v                           

 Time =    0.0125 days    multiply all values by 1.00E-05

 Layer k =  1

      1    5    9   13   17   21   25   29   33   37   41   45   49   53   57   61   65
  49    0    0    0    0    0    0    0    0    0    0    0    0    0    0    0    0    0
  46    0-1030-1311 -320  529  740  582  252 -163 -588 -946-1134 -906   20 1062  733    0
  43    0-1645-1437 -305  429  766  732  339 -260 -844-1214-1243 -841  -22 1178 1243    0
  40    0-1581-1160 -274  449  922  961  527 -236 -970-1350-1329 -786  -17  888 1124    0
  37    0-1072 -770 -227  528 1105 1423 1073 -217-1425-1637-1378 -808  -42  469  604    0
  34    0 -607 -349  -40  584 1294 2347 2427 -326-2793-2335-1343 -726 -152   64  166    0
  31    0 -366 -115  107  556 1361 3225 4554 -709-5106-2966-1179 -573 -254 -168  -76    0
  28    0 -296 -136   29  323  908 2476 5039-2215-5966-2104 -672 -355 -278 -266 -215    0
  25    0 -252 -200 -103  -10   17 -322-2157-3650  969  686  208  -41 -179 -242 -288    0
  22    0 -142 -135 -116 -282 -788-2610-6247-1585 5384 2956 1009  281  -56 -194 -341    0
  19    0   62   34  -77 -529-1245-2887-4347 -605 3812 3004 1296  457 -102 -350 -513    0
  16    0  447  317  -47 -747-1408-2156-2314 -333 1885 2040 1254  558 -217 -685 -876    0
  13    0  971  584 -103 -887-1447-1600-1276 -252  848 1312 1147  583 -253-1035-1375    0
  10    0 1328  820 -165 -909-1404-1399 -971 -251  515 1024 1027  556 -198-1265-1668    0
   7    0 1168  968 -270-1096-1384-1258 -824 -225  385  829  934  650 -186-1426-1440    0
   4    0  553  691 -217 -859 -904 -688 -400  -95  206  483  685  624  -55 -939 -667    0
   1    0    0    0    0    0    0    0    0    0    0    0    0    0    0    0    0    0




 Layer k = 10

      1    5    9   13   17   21   25   29   33   37   41   45   49   53   57   61   65
  49    0    0    0    0    0    0    0    0    0    0    0    0    0    0    0    0    0
  46    0-1017-1298 -307  541  753  596  266 -151 -575 -933-1121 -893   33 1075  745    0
  43    0-1633-1424 -294  440  777  743  351 -249 -832-1202-1231 -828  -11 1190 1255    0
  40    0-1571-1150 -263  459  933  971  537 -225 -961-1341-1318 -776   -7  898 1134    0
  37    0-1063 -761 -218  537 1114 1437 1091 -207-1424-1633-1371 -799  -34  477  613    0
  34    0 -601 -343  -33  591 1305 2381 2488 -313-2830-2353-1340 -719 -145   70  173    0
  31    0 -362 -111  111  561 1374 3293 4719 -684-5244-3017-1183 -569 -249 -163  -72    0
  28    0 -293 -134   31  325  919 2538 5273-2177-6183-2152 -675 -354 -276 -263 -213    0
  25    0 -253 -201 -104  -10   16 -330-2219-3694 1036  705  211  -42 -180 -244 -289    0
  22    0 -144 -139 -119 -283 -798-2674-6474-1588 5618 3024 1017  279  -59 -197 -344    0
  19    0   57   28  -82 -535-1258-2940-4459 -605 3922 3053 1298  452 -108 -355 -519    0
  16    0  439  309  -55 -756-1419-2181-2351 -339 1910 2051 1251  550 -224 -692 -884    0
  13    0  961  575 -112 -895-1456-1611-1290 -261  843 1307 1139  574 -264-1045-1384    0
  10    0 1317  809 -176 -921-1414-1410 -982 -262  505 1013 1016  545 -208-1277-1679    0
   7    0 1155  956 -283-1108-1396-1270 -836 -237  373  817  923  638 -198-1438-1452    0
   4    0  541  679 -230 -873 -917 -701 -413 -109  193  471  672  611  -68 -952 -680    0
   1    0    0    0    0    0    0    0    0    0    0    0    0    0    0    0    0    0




 Layer k = 20

      1    5    9   13   17   21   25   29   33   37   41   45   49   53   57   61   65
  49    0    0    0    0    0    0    0    0    0    0    0    0    0    0    0    0    0
  46    0-1015-1296 -306  542  754  599  268 -149 -571 -930-1117 -890   36 1078  747    0
  43    0-1631-1421 -293  439  777  743  352 -246 -829-1199-1226 -824   -8 1193 1257    0
  40    0-1569-1147 -262  461  934  971  536 -223 -960-1336-1312 -773   -5  901 1135    0
  37    0-1059 -759 -216  537 1113 1439 1099 -201-1423-1631-1368 -795  -33  479  615    0
  34    0 -600 -344  -32  590 1306 2398 2533 -301-2858-2366-1339 -716 -142   73  175    0
  31    0 -360 -111  112  562 1380 3344 4897 -649-5391-3055-1183 -567 -247 -160  -70    0
  28    0 -290 -132   33  324  926 2594 5662-2037-6547-2194 -676 -352 -275 -260 -211    0
  25    0 -252 -199 -103   -7   18 -331-2317-3561 1179  728  214  -40 -179 -242 -286    0
  22    0 -141 -138 -116 -277 -800-2723-6790-1539 5983 3089 1023  281  -58 -195 -342    0
  19    0   59   30  -79 -532-1258-2968-4550 -587 4036 3095 1302  452 -107 -352 -517    0
  16    0  442  310  -54 -754-1417-2187-2367 -331 1934 2062 1255  550 -222 -690 -883    0
  13    0  961  577 -108 -890-1452-1607-1288 -258  846 1309 1140  576 -264-1044-1381    0
  10    0 1320  811 -175 -918-1410-1407 -979 -258  506 1013 1014  545 -207-1275-1678    0
   7    0 1156  958 -281-1107-1393-1267 -833 -235  375  818  926  639 -196-1436-1449    0
   4    0  542  682 -229 -871 -916 -698 -411 -108  194  472  672  611  -68 -950 -678    0
   1    0    0    0    0    0    0    0    0    0    0    0    0    0    0    0    0    0



 z-velocity, w                           

 Time =    0.0125 days    multiply all values by 1.00E-07

 Layer k =  2

      1    5    9   13   17   21   25   29   33   37   41   45   49   53   57   61   65
  49    0    0    0    0    0    0    0    0    0    0    0    0    0    0    0    0    0
  46    0   -1   -1    1    1    0   -1   -1    1    0    0    0    0    1    0    0    0
  43    0    0   -1   -1   -1    0    0    1   -1    1   -1   -1   -2    1    0   -1    0
  40    0    1   -1    0    1    0   -2    1    2    1   -2   -2    0   -1    0    1    0
  37    0   -1    2    0   -2    1    0    1   -3   -4   -3    0    0    2    0    0    0
  34    0   -1   -1   -3   -1    2    8    5    0  -10   -5   -2    0    0    0   -1    0
  31    0    0   -1   -3    0    5   11   -3   -1    0  -10   -6    4   -1    0    1    0
  28    0    1    0   -1    2    8    6  -48   -4   43   -8   -9   -4   -2    2   -1    0
  25    0   -2   -2   -2    3   13   10  -82   -4   80    0  -10   -2    0    1    2    0
  22    0   -1   -1   -3    3   11    3  -47    4   46  -10   -9   -3    0   -1   -1    0
  19    0   -1   -2   -2    3    6   12    0    0    0   -8   -6    3   -1   -1   -3    0
  16    0   -3   -2    1    0    2   11    2   -1  -11   -4   -5   -1   -2   -1    2    0
  13    0    1   -2    0   -1    0   -1    3   -1   -3   -2    2   -2   -1   -2    0    0
  10    0    2    1    0    0    1   -2    2    2    0   -1    1   -3    1   -2   -1    0
   7    0    0    1    1   -1    0    1   -1   -1    2   -1    2    0    0   -1    0    0
   4    0    0   -1    0   -1    1   -1   -1    2    1   -2    0   -2   -1    0    0    0
   1    0    0    0    0    0    0    0    0    0    0    0    0    0    0    0    0    0




 Layer k = 10

      1    5    9   13   17   21   25   29   33   37   41   45   49   53   57   61   65
  49    0    0    0    0    0    0    0    0    0    0    0    0    0    0    0    0    0
  46    0  -26  -15   41   23   15  -33  -30   28   -4  -11   -8   -9   39   -2   -5    0
  43    0    1  -10  -27  -44    2   29   51  -43   54  -33  -36  -59   34    6  -43    0
  40    0   28  -29    2   16    8  -54   56   62   61  -76  -71   15   -9   15   45    0
  37    0  -16   59   -3  -55   34   -5    9 -101 -129  -79   21    1   87   -5   -1    0
  34    0   -6  -13  -68  -22   57  303  164   28 -346 -118  -67    5    5   -4  -21    0
  31    0   13  -15  -75   -1  203  375   17  -25  -55 -302 -119  155  -16   14   37    0
  28    0   53   25  -11   69  264  241-1497 -143 1394 -325 -230 -117  -53   78   -1    0
  25    0  -60  -44  -38  109  437  446-2790 -119 2767  -60 -282  -60   30   46   80    0
  22    0  -23   -3  -79  131  363  160-1489  178 1484 -383 -259  -97   -2  -30  -26    0
  19    0  -11  -61  -63  106  223  411   96    5  -41 -269 -121  118    8  -17  -70    0
  16    0  -91  -46   43   15   78  366   64  -19 -366  -77 -139  -28  -37  -14   70    0
  13    0   32  -56    0   -9   -8  -25   85  -27  -83  -59   72  -61  -35  -42    7    0
  10    0   81   49   10  -11   25  -57   79   68   15  -20   31  -71   31  -52  -21    0
   7    0   19   32   36  -22    0   47  -39  -36   79  -25   86  -13   21  -21   16    0
   4    0    4  -26  -12  -23   29  -18  -28   71   41  -73    1  -61  -47    1   -1    0
   1    0    0    0    0    0    0    0    0    0    0    0    0    0    0    0    0    0




 Layer k = 20

      1    5    9   13   17   21   25   29   33   37   41   45   49   53   57   61   65
  49    0    0    0    0    0    0    0    0    0    0    0    0    0    0    0    0    0
  46    0   -6   -4   14    7    2   -8   -6    5   -3   -4   -3   -4   11    0    0    0
  43    0   -1   -4   -6   -9    2    9   15   -7   15   -6   -8  -13    8    1   -8    0
  40    0    7   -5    0    7    4  -15   18   11   16  -19  -16    7   -2    4   12    0
  37    0   -5   15   -2  -16    9   -2    4  -28  -28  -22    8    0   23   -1   -1    0
  34    0   -2   -2  -14   -5    8   68   36    3  -81  -19   -9    2   -1   -2   -4    0
  31    0    3   -3  -19   -9   49   88   60    3  -57  -60   -5   34   -6    1    6    0
  28    0   18    4    0    7   46   65 -199   -8  181 -102  -29  -26  -10   22   -1    0
  25    0  -13   -9  -11   23   92  141 -489   30  478  -43  -41   -7    1   12   22    0
  22    0   -1   -1  -15   31   70   49 -204   24  194 -116  -40  -24    3   -8   -9    0
  19    0   -1  -14  -20   15   54   99   77   -4  -56  -51   -7   20   -4   -8  -19    0
  16    0  -21  -10   11    3   15   83   10  -10  -85   -7  -33   -6   -9   -3   18    0
  13    0   11  -14   -1   -3    1   -8   19   -7  -16  -17   23  -16  -10  -12    0    0
  10    0   20   15    3   -4    6  -13   21   11    3   -7    7  -14    8  -12   -3    0
   7    0    5   10    8   -8    0   10   -7   -5   19   -7   20   -6    3   -6    4    0
   4    0   -1   -8   -3   -3    8   -7   -8   19   13  -20   -1  -16  -12   -1    2    0
   1    0    0    0    0    0    0    0    0    0    0    0    0    0    0    0    0    0



 Potential temperature, t                

 Time =    0.0125 days    multiply all values by 1.00E-02

 Layer k =  1

      1    5    9   13   17   21   25   29   33   37   41   45   49   53   57   61   65
  49    0    0    0    0    0    0    0    0    0    0    0    0    0    0    0    0    0
  46 1975 1975 1975 1975 1975 1975 1975 1975 1975 1975 1975 1975 1975 1975 1975 1975 1975
  43 1975 1975 1975 1975 1975 1975 1975 1975 1975 1975 1975 1975 1975 1975 1975 1975 1975
  40 1975 1975 1975 1975 1975 1975 1975 1975 1975 1975 1975 1975 1975 1975 1975 1975 1975
  37 1975 1975 1975 1975 1975 1975 1975 1975 1976 1975 1975 1975 1975 1975 1975 1975 1975
  34 1975 1975 1975 1975 1975 1975 1976 1977 1977 1977 1976 1975 1975 1975 1975 1975 1975
  31 1975 1975 1975 1975 1975 1975 1977 1981 1984 1981 1977 1975 1975 1975 1975 1975 1975
  28 1975 1975 1975 1975 1975 1976 1978 1987 1993 1987 1978 1976 1975 1975 1975 1975 1975
  25 1975 1975 1975 1975 1975 1976 1979 1990 1997 1990 1979 1976 1975 1975 1975 1975 1975
  22 1975 1975 1975 1975 1975 1976 1978 1987 1993 1987 1978 1976 1975 1975 1975 1975 1975
  19 1975 1975 1975 1975 1975 1975 1977 1981 1984 1981 1977 1975 1975 1975 1975 1975 1975
  16 1975 1975 1975 1975 1975 1975 1976 1977 1977 1977 1976 1975 1975 1975 1975 1975 1975
  13 1975 1975 1975 1975 1975 1975 1975 1975 1976 1975 1975 1975 1975 1975 1975 1975 1975
  10 1975 1975 1975 1975 1975 1975 1975 1975 1975 1975 1975 1975 1975 1975 1975 1975 1975
   7 1975 1975 1975 1975 1975 1975 1975 1975 1975 1975 1975 1975 1975 1975 1975 1975 1975
   4 1975 1975 1975 1975 1975 1975 1975 1975 1975 1975 1975 1975 1975 1975 1975 1975 1975
   1    0    0    0    0    0    0    0    0    0    0    0    0    0    0    0    0    0




 Layer k = 10

      1    5    9   13   17   21   25   29   33   37   41   45   49   53   57   61   65
  49    0    0    0    0    0    0    0    0    0    0    0    0    0    0    0    0    0
  46  768  768  768  768  768  768  768  768  768  768  768  768  768  768  768  768  768
  43  768  768  768  768  768  768  768  768  768  768  768  768  768  768  768  768  768
  40  768  768  768  768  768  768  768  769  769  769  768  768  768  768  768  768  768
  37  768  768  768  768  768  769  769  772  773  772  769  769  768  768  768  768  768
  34  768  768  768  768  768  769  776  797  813  798  776  769  768  768  768  768  768
  31  768  768  768  768  768  771  798  895  983  897  799  771  769  768  768  768  768
  28  768  768  768  768  769  774  833 1098 1414 1108  836  774  769  768  768  768  768
  25  768  768  768  768  769  775  852 1238 1762 1255  856  776  769  768  768  768  768
  22  768  768  768  768  769  774  833 1099 1416 1109  836  774  769  768  768  768  768
  19  768  768  768  768  768  771  798  895  984  898  799  771  769  768  768  768  768
  16  768  768  768  768  768  769  776  797  813  798  776  769  768  768  768  768  768
  13  768  768  768  768  768  769  769  772  773  772  769  769  768  768  768  768  768
  10  768  768  768  768  768  768  768  769  769  769  768  768  768  768  768  768  768
   7  768  768  768  768  768  768  768  768  768  768  768  768  768  768  768  768  768
   4  768  768  768  768  768  768  768  768  768  768  768  768  768  768  768  768  768
   1    0    0    0    0    0    0    0    0    0    0    0    0    0    0    0    0    0




 Layer k = 20

      1    5    9   13   17   21   25   29   33   37   41   45   49   53   57   61   65
  49    0    0    0    0    0    0    0    0    0    0    0    0    0    0    0    0    0
  46  519  519  519  519  519  519  519  519  519  519  519  519  519  519  519  519  519
  43  519  519  519  519  519  519  519  519  519  519  519  519  519  519  519  519  519
  40  519  519  519  519  519  519  519  519  519  519  519  519  519  519  519  519  519
  37  519  519  519  519  519  519  519  520  520  520  519  519  519  519  519  519  519
  34  519  519  519  519  519  519  520  525  528  525  520  519  519  519  519  519  519
  31  519  519  519  519  519  519  525  551  585  551  525  520  519  519  519  519  519
  28  519  519  519  519  519  520  533  645  927  652  534  520  519  519  519  519  519
  25  519  519  519  519  519  520  538  748 1468  763  539  520  519  519  519  519  519
  22  519  519  519  519  519  520  533  646  929  652  534  520  519  519  519  519  519
  19  519  519  519  519  519  519  525  551  585  552  525  520  519  519  519  519  519
  16  519  519  519  519  519  519  520  525  528  525  520  519  519  519  519  519  519
  13  519  519  519  519  519  519  519  520  520  520  519  519  519  519  519  519  519
  10  519  519  519  519  519  519  519  519  519  519  519  519  519  519  519  519  519
   7  519  519  519  519  519  519  519  519  519  519  519  519  519  519  519  519  519
   4  519  519  519  519  519  519  519  519  519  519  519  519  519  519  519  519  519
   1    0    0    0    0    0    0    0    0    0    0    0    0    0    0    0    0    0



 Salinity, s                             

 Time =    0.0125 days    multiply all values by 1.00E-02

 Layer k =  1

      1    5    9   13   17   21   25   29   33   37   41   45   49   53   57   61   65
  49    0    0    0    0    0    0    0    0    0    0    0    0    0    0    0    0    0
  46 3500 3500 3500 3500 3500 3500 3500 3500 3500 3500 3500 3500 3500 3500 3500 3500 3500
  43 3500 3500 3500 3500 3500 3500 3500 3500 3500 3500 3500 3500 3500 3500 3500 3500 3500
  40 3500 3500 3500 3500 3500 3500 3500 3500 3500 3500 3500 3500 3500 3500 3500 3500 3500
  37 3500 3500 3500 3500 3500 3500 3500 3500 3500 3500 3500 3500 3500 3500 3500 3500 3500
  34 3500 3500 3500 3500 3500 3500 3500 3500 3500 3500 3500 3500 3500 3500 3500 3500 3500
  31 3500 3500 3500 3500 3500 3500 3500 3500 3500 3500 3500 3500 3500 3500 3500 3500 3500
  28 3500 3500 3500 3500 3500 3500 3500 3500 3500 3500 3500 3500 3500 3500 3500 3500 3500
  25 3500 3500 3500 3500 3500 3500 3500 3500 3500 3500 3500 3500 3500 3500 3500 3500 3500
  22 3500 3500 3500 3500 3500 3500 3500 3500 3500 3500 3500 3500 3500 3500 3500 3500 3500
  19 3500 3500 3500 3500 3500 3500 3500 3500 3500 3500 3500 3500 3500 3500 3500 3500 3500
  16 3500 3500 3500 3500 3500 3500 3500 3500 3500 3500 3500 3500 3500 3500 3500 3500 3500
  13 3500 3500 3500 3500 3500 3500 3500 3500 3500 3500 3500 3500 3500 3500 3500 3500 3500
  10 3500 3500 3500 3500 3500 3500 3500 3500 3500 3500 3500 3500 3500 3500 3500 3500 3500
   7 3500 3500 3500 3500 3500 3500 3500 3500 3500 3500 3500 3500 3500 3500 3500 3500 3500
   4 3500 3500 3500 3500 3500 3500 3500 3500 3500 3500 3500 3500 3500 3500 3500 3500 3500
   1    0    0    0    0    0    0    0    0    0    0    0    0    0    0    0    0    0




 Layer k = 10

      1    5    9   13   17   21   25   29   33   37   41   45   49   53   57   61   65
  49    0    0    0    0    0    0    0    0    0    0    0    0    0    0    0    0    0
  46 3500 3500 3500 3500 3500 3500 3500 3500 3500 3500 3500 3500 3500 3500 3500 3500 3500
  43 3500 3500 3500 3500 3500 3500 3500 3500 3500 3500 3500 3500 3500 3500 3500 3500 3500
  40 3500 3500 3500 3500 3500 3500 3500 3500 3500 3500 3500 3500 3500 3500 3500 3500 3500
  37 3500 3500 3500 3500 3500 3500 3500 3500 3500 3500 3500 3500 3500 3500 3500 3500 3500
  34 3500 3500 3500 3500 3500 3500 3500 3500 3500 3500 3500 3500 3500 3500 3500 3500 3500
  31 3500 3500 3500 3500 3500 3500 3500 3500 3500 3500 3500 3500 3500 3500 3500 3500 3500
  28 3500 3500 3500 3500 3500 3500 3500 3500 3500 3500 3500 3500 3500 3500 3500 3500 3500
  25 3500 3500 3500 3500 3500 3500 3500 3500 3500 3500 3500 3500 3500 3500 3500 3500 3500
  22 3500 3500 3500 3500 3500 3500 3500 3500 3500 3500 3500 3500 3500 3500 3500 3500 3500
  19 3500 3500 3500 3500 3500 3500 3500 3500 3500 3500 3500 3500 3500 3500 3500 3500 3500
  16 3500 3500 3500 3500 3500 3500 3500 3500 3500 3500 3500 3500 3500 3500 3500 3500 3500
  13 3500 3500 3500 3500 3500 3500 3500 3500 3500 3500 3500 3500 3500 3500 3500 3500 3500
  10 3500 3500 3500 3500 3500 3500 3500 3500 3500 3500 3500 3500 3500 3500 3500 3500 3500
   7 3500 3500 3500 3500 3500 3500 3500 3500 3500 3500 3500 3500 3500 3500 3500 3500 3500
   4 3500 3500 3500 3500 3500 3500 3500 3500 3500 3500 3500 3500 3500 3500 3500 3500 3500
   1    0    0    0    0    0    0    0    0    0    0    0    0    0    0    0    0    0




 Layer k = 20

      1    5    9   13   17   21   25   29   33   37   41   45   49   53   57   61   65
  49    0    0    0    0    0    0    0    0    0    0    0    0    0    0    0    0    0
  46 3500 3500 3500 3500 3500 3500 3500 3500 3500 3500 3500 3500 3500 3500 3500 3500 3500
  43 3500 3500 3500 3500 3500 3500 3500 3500 3500 3500 3500 3500 3500 3500 3500 3500 3500
  40 3500 3500 3500 3500 3500 3500 3500 3500 3500 3500 3500 3500 3500 3500 3500 3500 3500
  37 3500 3500 3500 3500 3500 3500 3500 3500 3500 3500 3500 3500 3500 3500 3500 3500 3500
  34 3500 3500 3500 3500 3500 3500 3500 3500 3500 3500 3500 3500 3500 3500 3500 3500 3500
  31 3500 3500 3500 3500 3500 3500 3500 3500 3500 3500 3500 3500 3500 3500 3500 3500 3500
  28 3500 3500 3500 3500 3500 3500 3500 3500 3500 3500 3500 3500 3500 3500 3500 3500 3500
  25 3500 3500 3500 3500 3500 3500 3500 3500 3500 3500 3500 3500 3500 3500 3500 3500 3500
  22 3500 3500 3500 3500 3500 3500 3500 3500 3500 3500 3500 3500 3500 3500 3500 3500 3500
  19 3500 3500 3500 3500 3500 3500 3500 3500 3500 3500 3500 3500 3500 3500 3500 3500 3500
  16 3500 3500 3500 3500 3500 3500 3500 3500 3500 3500 3500 3500 3500 3500 3500 3500 3500
  13 3500 3500 3500 3500 3500 3500 3500 3500 3500 3500 3500 3500 3500 3500 3500 3500 3500
  10 3500 3500 3500 3500 3500 3500 3500 3500 3500 3500 3500 3500 3500 3500 3500 3500 3500
   7 3500 3500 3500 3500 3500 3500 3500 3500 3500 3500 3500 3500 3500 3500 3500 3500 3500
   4 3500 3500 3500 3500 3500 3500 3500 3500 3500 3500 3500 3500 3500 3500 3500 3500 3500
   1    0    0    0    0    0    0    0    0    0    0    0    0    0    0    0    0    0



 (density-1000)/rhoref, rho              

 Time =    0.0125 days    multiply all values by 1.00E-05

 Layer k =  1

      1    5    9   13   17   21   25   29   33   37   41   45   49   53   57   61   65
  49    0    0    0    0    0    0    0    0    0    0    0    0    0    0    0    0    0
  46 2429 2429 2429 2429 2429 2429 2429 2429 2429 2429 2429 2429 2429 2429 2429 2429 2429
  43 2429 2429 2429 2429 2429 2429 2429 2429 2429 2429 2429 2429 2429 2429 2429 2429 2429
  40 2429 2429 2429 2429 2429 2429 2429 2429 2429 2429 2429 2429 2429 2429 2429 2429 2429
  37 2429 2429 2429 2429 2429 2429 2429 2429 2429 2429 2429 2429 2429 2429 2429 2429 2429
  34 2429 2429 2429 2429 2429 2429 2429 2428 2428 2428 2429 2429 2429 2429 2429 2429 2429
  31 2429 2429 2429 2429 2429 2429 2428 2426 2425 2426 2428 2429 2429 2429 2429 2429 2429
  28 2429 2429 2429 2429 2429 2429 2428 2423 2420 2423 2428 2429 2429 2429 2429 2429 2429
  25 2429 2429 2429 2429 2429 2429 2427 2421 2417 2421 2427 2429 2429 2429 2429 2429 2429
  22 2429 2429 2429 2429 2429 2429 2428 2423 2420 2423 2428 2429 2429 2429 2429 2429 2429
  19 2429 2429 2429 2429 2429 2429 2428 2426 2425 2426 2428 2429 2429 2429 2429 2429 2429
  16 2429 2429 2429 2429 2429 2429 2429 2428 2428 2428 2429 2429 2429 2429 2429 2429 2429
  13 2429 2429 2429 2429 2429 2429 2429 2429 2429 2429 2429 2429 2429 2429 2429 2429 2429
  10 2429 2429 2429 2429 2429 2429 2429 2429 2429 2429 2429 2429 2429 2429 2429 2429 2429
   7 2429 2429 2429 2429 2429 2429 2429 2429 2429 2429 2429 2429 2429 2429 2429 2429 2429
   4 2429 2429 2429 2429 2429 2429 2429 2429 2429 2429 2429 2429 2429 2429 2429 2429 2429
   1    0    0    0    0    0    0    0    0    0    0    0    0    0    0    0    0    0




 Layer k = 10

      1    5    9   13   17   21   25   29   33   37   41   45   49   53   57   61   65
  49    0    0    0    0    0    0    0    0    0    0    0    0    0    0    0    0    0
  46 3420 3420 3420 3420 3420 3420 3420 3420 3420 3420 3420 3420 3420 3420 3420 3420 3420
  43 3420 3420 3420 3420 3420 3420 3420 3420 3420 3420 3420 3420 3420 3420 3420 3420 3420
  40 3420 3420 3420 3420 3420 3420 3420 3419 3419 3419 3420 3420 3420 3420 3420 3420 3420
  37 3420 3420 3420 3420 3420 3419 3418 3414 3411 3414 3418 3419 3420 3420 3420 3420 3420
  34 3420 3420 3420 3420 3420 3418 3406 3371 3345 3370 3406 3418 3420 3420 3420 3420 3420
  31 3420 3420 3420 3420 3420 3415 3369 3229 3126 3229 3369 3415 3420 3420 3420 3420 3420
  28 3420 3420 3420 3420 3419 3410 3313 3009 2765 3007 3313 3410 3419 3420 3420 3420 3420
  25 3420 3420 3420 3420 3419 3407 3285 2889 2548 2886 3284 3407 3419 3420 3420 3420 3420
  22 3420 3420 3420 3420 3419 3410 3313 3009 2765 3007 3313 3410 3419 3420 3420 3420 3420
  19 3420 3420 3420 3420 3420 3415 3369 3229 3126 3228 3369 3415 3420 3420 3420 3420 3420
  16 3420 3420 3420 3420 3420 3418 3406 3371 3345 3370 3406 3418 3420 3420 3420 3420 3420
  13 3420 3420 3420 3420 3420 3419 3418 3414 3411 3414 3418 3419 3420 3420 3420 3420 3420
  10 3420 3420 3420 3420 3420 3420 3420 3419 3419 3419 3420 3420 3420 3420 3420 3420 3420
   7 3420 3420 3420 3420 3420 3420 3420 3420 3420 3420 3420 3420 3420 3420 3420 3420 3420
   4 3420 3420 3420 3420 3420 3420 3420 3420 3420 3420 3420 3420 3420 3420 3420 3420 3420
   1    0    0    0    0    0    0    0    0    0    0    0    0    0    0    0    0    0




 Layer k = 20

      1    5    9   13   17   21   25   29   33   37   41   45   49   53   57   61   65
  49    0    0    0    0    0    0    0    0    0    0    0    0    0    0    0    0    0
  46 4582 4582 4582 4582 4582 4582 4582 4582 4582 4582 4582 4582 4582 4582 4582 4582 4582
  43 4582 4582 4582 4582 4582 4582 4582 4582 4582 4582 4582 4582 4582 4582 4582 4582 4582
  40 4582 4582 4582 4582 4582 4582 4581 4581 4581 4581 4581 4582 4582 4582 4582 4582 4582
  37 4582 4582 4582 4582 4582 4581 4578 4569 4562 4569 4578 4581 4582 4582 4582 4582 4582
  34 4582 4582 4582 4582 4582 4579 4553 4474 4418 4474 4553 4579 4582 4582 4582 4582 4582
  31 4582 4582 4582 4582 4581 4571 4470 4166 3945 4165 4470 4571 4581 4582 4582 4582 4582
  28 4582 4582 4582 4582 4581 4560 4349 3695 3190 3694 4348 4560 4581 4582 4582 4582 4582
  25 4582 4582 4582 4582 4581 4555 4287 3445 2729 3442 4286 4555 4581 4582 4582 4582 4582
  22 4582 4582 4582 4582 4581 4560 4349 3695 3189 3694 4348 4560 4581 4582 4582 4582 4582
  19 4582 4582 4582 4582 4581 4571 4470 4166 3945 4165 4470 4571 4581 4582 4582 4582 4582
  16 4582 4582 4582 4582 4582 4579 4553 4474 4418 4474 4553 4579 4582 4582 4582 4582 4582
  13 4582 4582 4582 4582 4582 4581 4578 4569 4562 4569 4578 4581 4582 4582 4582 4582 4582
  10 4582 4582 4582 4582 4582 4582 4581 4581 4581 4581 4581 4582 4582 4582 4582 4582 4582
   7 4582 4582 4582 4582 4582 4582 4582 4582 4582 4582 4582 4582 4582 4582 4582 4582 4582
   4 4582 4582 4582 4582 4582 4582 4582 4582 4582 4582 4582 4582 4582 4582 4582 4582 4582
   1    0    0    0    0    0    0    0    0    0    0    0    0    0    0    0    0    0



 Horizontal kinematic viscosity, aam     

 Time =    0.0125 days    multiply all values by 1.00E-01

 Layer k =  1

      1    5    9   13   17   21   25   29   33   37   41   45   49   53   57   61   65
  49 5000 5000 5000 5000 5000 5000 5000 5000 5000 5000 5000 5000 5000 5000 5000 5000 5000
  46 5000   48   56   63   44   28   20   21   15   17   22   23   41   64   67   51 5000
  43 5000   51   72   30   29   37   23   20    7   15   31   44   31   34   79   53 5000
  40 5000   52   65   31   54   39   31   31   24   28   35   47   56   34   73   53 5000
  37 5000   56   36   55   47   40   52   62   63   61   54   45   45   52   47   57 5000
  34 5000   56   10   59   36   45   73  112  128  110   75   50   35   57   21   57 5000
  31 5000   54   12   55   34   51   91  181  232  183   98   58   34   56    5   56 5000
  28 5000   53   18   50   35   56  108  290  372  294  117   59   35   53    8   54 5000
  25 5000   53   20   48   34   57  120  395   49  395  121   58   36   51   10   52 5000
  22 5000   54   16   48   33   56  113  286  370  283  107   54   35   52    9   52 5000
  19 5000   56    8   50   30   53   95  178  230  176   90   50   34   55    7   53 5000
  16 5000   57   14   52   31   48   75  107  127  109   74   46   36   57   20   54 5000
  13 5000   57   39   51   42   44   54   59   64   61   54   41   48   52   45   54 5000
  10 5000   55   69   35   53   43   36   27   27   28   32   36   54   27   71   51 5000
   7 5000   58   79   27   35   42   29   14    9   14   24   36   34   34   75   51 5000
   4 5000   52   72   66   29   23   19   19   12   13   19   27   39   69   62   45 5000
   1 5000 5000 5000 5000 5000 5000 5000 5000 5000 5000 5000 5000 5000 5000 5000 5000 5000




 Layer k = 10

      1    5    9   13   17   21   25   29   33   37   41   45   49   53   57   61   65
  49 5000 5000 5000 5000 5000 5000 5000 5000 5000 5000 5000 5000 5000 5000 5000 5000 5000
  46 5000   48   56   63   44   28   20   21   15   16   21   23   41   65   67   51 5000
  43 5000   52   73   31   28   36   23   20    7   15   31   44   31   35   79   53 5000
  40 5000   53   66   31   53   38   31   31   25   28   35   47   56   34   74   54 5000
  37 5000   56   36   55   47   40   52   63   64   62   54   45   44   51   47   58 5000
  34 5000   57   10   58   35   45   73  113  130  111   76   50   34   57   22   58 5000
  31 5000   55   12   54   33   51   92  183  237  185   98   57   33   55    6   56 5000
  28 5000   53   18   50   35   56  109  293  381  297  117   60   35   53    8   54 5000
  25 5000   52   20   48   35   58  120  400   51  399  122   59   36   51   10   52 5000
  22 5000   54   16   48   33   58  115  292  381  288  109   56   36   52    9   52 5000
  19 5000   55    8   51   31   55   97  181  235  179   92   51   34   55    7   53 5000
  16 5000   57   13   53   32   49   76  109  129  110   76   47   37   57   20   54 5000
  13 5000   56   38   51   43   45   55   59   63   61   54   41   48   52   45   53 5000
  10 5000   54   69   35   53   44   36   27   26   28   32   37   55   27   71   51 5000
   7 5000   58   78   27   35   42   29   14    9   14   24   37   34   34   75   51 5000
   4 5000   52   72   65   29   24   19   19   12   14   19   27   39   69   62   45 5000
   1 5000 5000 5000 5000 5000 5000 5000 5000 5000 5000 5000 5000 5000 5000 5000 5000 5000




 Layer k = 20

      1    5    9   13   17   21   25   29   33   37   41   45   49   53   57   61   65
  49 5000 5000 5000 5000 5000 5000 5000 5000 5000 5000 5000 5000 5000 5000 5000 5000 5000
  46 5000   48   57   62   44   28   20   22   15   17   21   23   41   65   67   51 5000
  43 5000   52   73   31   28   36   23   20    7   15   31   44   31   35   79   53 5000
  40 5000   53   66   31   53   38   31   31   25   28   35   47   56   34   74   54 5000
  37 5000   56   36   54   46   40   52   63   64   62   54   44   44   50   47   58 5000
  34 5000   57   10   58   35   45   74  114  131  111   76   50   34   57   22   58 5000
  31 5000   55   12   54   33   52   92  186  243  188   99   58   33   55    6   56 5000
  28 5000   53   18   50   35   57  109  295  400  302  118   60   35   52    7   54 5000
  25 5000   53   19   47   35   59  120  399   48  398  122   60   37   51   10   52 5000
  22 5000   54   16   48   33   59  116  297  399  290  109   56   36   52    9   52 5000
  19 5000   55    8   51   31   55   98  184  241  182   93   52   34   55    7   52 5000
  16 5000   57   13   53   32   49   77  109  130  111   76   47   37   57   20   54 5000
  13 5000   56   38   51   42   44   55   59   64   61   54   41   49   52   44   53 5000
  10 5000   54   69   35   53   44   35   27   26   28   32   37   55   27   71   51 5000
   7 5000   58   78   27   35   42   29   14    9   14   24   36   34   34   75   51 5000
   4 5000   52   72   66   29   24   19   18   12   14   19   27   39   68   62   44 5000
   1 5000 5000 5000 5000 5000 5000 5000 5000 5000 5000 5000 5000 5000 5000 5000 5000 5000



 Vertical kinematic viscosity, km        

 Time =    0.0125 days    multiply all values by 1.00E-05

 Layer k =  1

      1    5    9   13   17   21   25   29   33   37   41   45   49   53   57   61   65
  49    0    0    0    0    0    0    0    0    0    0    0    0    0    0    0    0    0
  46 2255 3447 3447 3447 3447 3447 3447 3447 3447 3447 3447 3447 3447 3447 3447 3447 1248
  43 2065 3156 3156 3156 3156 3156 3156 3156 3156 3156 3156 3156 3156 3156 3156 3156 1144
  40 1770 2701 2701 2701 2701 2701 2701 2701 2701 2701 2701 2701 2701 2701 2701 2701  984
  37 1397 2128 2128 2128 2128 2128 2128 2127 2127 2127 2128 2128 2128 2128 2128 2128  781
  34  987 1495 1495 1495 1495 1495 1495 1493 1491 1493 1495 1495 1495 1495 1495 1495  557
  31  583  874  874  874  874  874  871  864  859  864  871  874  874  874  874  874  338
  28  241  346  346  346  346  346  341  325  315  325  341  346  346  346  346  346  151
  25   44   44   44   44   44   44   37   18    4   18   37   44   44   44   44   44   44
  22  241  346  346  346  346  346  341  325  315  325  341  346  346  346  346  346  151
  19  583  874  874  874  874  874  871  864  859  864  871  874  874  874  874  874  338
  16  987 1495 1495 1495 1495 1495 1495 1493 1491 1493 1495 1495 1495 1495 1495 1495  557
  13 1397 2128 2128 2128 2128 2128 2128 2127 2127 2127 2128 2128 2128 2128 2128 2128  781
  10 1770 2701 2701 2701 2701 2701 2701 2701 2701 2701 2701 2701 2701 2701 2701 2701  984
   7 2065 3156 3156 3156 3156 3156 3156 3156 3156 3156 3156 3156 3156 3156 3156 3156 1144
   4 2255 3447 3447 3447 3447 3447 3447 3447 3447 3447 3447 3447 3447 3447 3447 3447 1248
   1    0    0    0    0    0    0    0    0    0    0    0    0    0    0    0    0    0




 Layer k = 10

      1    5    9   13   17   21   25   29   33   37   41   45   49   53   57   61   65
  49    0    0    0    0    0    0    0    0    0    0    0    0    0    0    0    0    0
  46   44   44   44   44   44   44   44   44   44   44   44   44   44   44   44   44   44
  43   44   44   44   44   44   44   44   44   44   44   44   44   44   44   44   44   44
  40   44   44   44   44   44   44   44   44   44   44   44   44   44   44   44   44   44
  37   44   44   44   44   44   44   44   44   44   44   44   44   44   44   44   44   44
  34   44   44   44   44   44   44   44   42   40   42   44   44   44   44   44   44   44
  31   44   44   44   44   44   44   42   34   29   34   42   44   44   44   44   44   44
  28   44   44   44   44   44   44   39   24   13   24   39   44   44   44   44   44   44
  25   44   44   44   44   44   44   37   18    4   18   37   44   44   44   44   44   44
  22   44   44   44   44   44   44   39   24   13   24   39   44   44   44   44   44   44
  19   44   44   44   44   44   44   42   34   29   34   42   44   44   44   44   44   44
  16   44   44   44   44   44   44   44   42   40   42   44   44   44   44   44   44   44
  13   44   44   44   44   44   44   44   44   44   44   44   44   44   44   44   44   44
  10   44   44   44   44   44   44   44   44   44   44   44   44   44   44   44   44   44
   7   44   44   44   44   44   44   44   44   44   44   44   44   44   44   44   44   44
   4   44   44   44   44   44   44   44   44   44   44   44   44   44   44   44   44   44
   1    0    0    0    0    0    0    0    0    0    0    0    0    0    0    0    0    0




 Layer k = 20

      1    5    9   13   17   21   25   29   33   37   41   45   49   53   57   61   65
  49    0    0    0    0    0    0    0    0    0    0    0    0    0    0    0    0    0
  46   44   44   44   44   44   44   44   44   44   44   44   44   44   44   44   44   44
  43   44   44   44   44   44   44   44   44   44   44   44   44   44   44   44   44   44
  40   44   44   44   44   44   44   44   44   44   44   44   44   44   44   44   44   44
  37   44   44   44   44   44   44   44   44   44   44   44   44   44   44   44   44   44
  34   44   44   44   44   44   44   44   42   40   42   44   44   44   44   44   44   44
  31   44   44   44   44   44   44   42   34   29   34   42   44   44   44   44   44   44
  28   44   44   44   44   44   44   39   24   13   24   39   44   44   44   44   44   44
  25   44   44   44   44   44   44   37   18    4   18   37   44   44   44   44   44   44
  22   44   44   44   44   44   44   39   24   13   24   39   44   44   44   44   44   44
  19   44   44   44   44   44   44   42   34   29   34   42   44   44   44   44   44   44
  16   44   44   44   44   44   44   44   42   40   42   44   44   44   44   44   44   44
  13   44   44   44   44   44   44   44   44   44   44   44   44   44   44   44   44   44
  10   44   44   44   44   44   44   44   44   44   44   44   44   44   44   44   44   44
   7   44   44   44   44   44   44   44   44   44   44   44   44   44   44   44   44   44
   4   44   44   44   44   44   44   44   44   44   44   44   44   44   44   44   44   44
   1    0    0    0    0    0    0    0    0    0    0    0    0    0    0    0    0    0



 x-velocity, u                           

 Time =    0.0125 days    multiply all values by 1.00E-04

 Section j =  1

    i =      1    5    9   13   17   21   25   29   33   37   41   45   49   53   57   61   65
        d =    1    1    1    1    1    1    1    1    1    1    1    1    1    1    1    1    1
  1  -0.004    0    0    0    0    0    0    0    0    0    0    0    0    0    0    0    0    0
  2  -0.011    0    0    0    0    0    0    0    0    0    0    0    0    0    0    0    0    0
  3  -0.022    0    0    0    0    0    0    0    0    0    0    0    0    0    0    0    0    0
  4  -0.044    0    0    0    0    0    0    0    0    0    0    0    0    0    0    0    0    0
  5  -0.088    0    0    0    0    0    0    0    0    0    0    0    0    0    0    0    0    0
  6  -0.147    0    0    0    0    0    0    0    0    0    0    0    0    0    0    0    0    0
  7  -0.206    0    0    0    0    0    0    0    0    0    0    0    0    0    0    0    0    0
  8  -0.265    0    0    0    0    0    0    0    0    0    0    0    0    0    0    0    0    0
  9  -0.324    0    0    0    0    0    0    0    0    0    0    0    0    0    0    0    0    0
 10  -0.382    0    0    0    0    0    0    0    0    0    0    0    0    0    0    0    0    0
 11  -0.441    0    0    0    0    0    0    0    0    0    0    0    0    0    0    0    0    0
 12  -0.500    0    0    0    0    0    0    0    0    0    0    0    0    0    0    0    0    0
 13  -0.559    0    0    0    0    0    0    0    0    0    0    0    0    0    0    0    0    0
 14  -0.618    0    0    0    0    0    0    0    0    0    0    0    0    0    0    0    0    0
 15  -0.676    0    0    0    0    0    0    0    0    0    0    0    0    0    0    0    0    0
 16  -0.735    0    0    0    0    0    0    0    0    0    0    0    0    0    0    0    0    0
 17  -0.794    0    0    0    0    0    0    0    0    0    0    0    0    0    0    0    0    0
 18  -0.853    0    0    0    0    0    0    0    0    0    0    0    0    0    0    0    0    0
 19  -0.912    0    0    0    0    0    0    0    0    0    0    0    0    0    0    0    0    0
 20  -0.971    0    0    0    0    0    0    0    0    0    0    0    0    0    0    0    0    0
 21  -1.029    0    0    0    0    0    0    0    0    0    0    0    0    0    0    0    0    0




 Section j = 24

    i =      1    5    9   13   17   21   25   29   33   37   41   45   49   53   57   61   65
        d = 4500 4500 4500 4500 4499 4435 3793 1892  552 1892 3793 4435 4498 4500 4500 4500 4500
  1  -0.004    0 2160 1923 1822 1801 1808 1712 2038 4533 2406 1746 1808 1823 1810 1903 2127 1922
  2  -0.011    0 2162 1925 1824 1803 1810 1714 2043 4548 2411 1748 1810 1825 1812 1905 2129 1924
  3  -0.022    0 2162 1925 1824 1803 1810 1714 2042 4548 2411 1748 1810 1825 1812 1905 2129 1924
  4  -0.044    0 2162 1925 1824 1803 1810 1714 2042 4548 2411 1748 1810 1825 1812 1905 2129 1924
  5  -0.088    0 2162 1925 1824 1803 1810 1713 2040 4550 2409 1746 1809 1825 1812 1905 2129 1924
  6  -0.147    0 2162 1925 1824 1803 1809 1710 2036 4552 2405 1743 1808 1825 1812 1905 2129 1924
  7  -0.206    0 2162 1925 1824 1803 1809 1708 2030 4556 2400 1740 1808 1825 1812 1905 2129 1924
  8  -0.265    0 2162 1925 1824 1803 1808 1705 2024 4561 2394 1736 1807 1825 1812 1905 2129 1924
  9  -0.324    0 2162 1925 1824 1803 1808 1702 2018 4567 2387 1733 1806 1825 1812 1905 2129 1924
 10  -0.382    0 2162 1925 1824 1802 1807 1700 2012 4573 2380 1730 1805 1825 1812 1905 2129 1924
 11  -0.441    0 2162 1925 1824 1802 1807 1698 2005 4581 2373 1727 1805 1824 1812 1905 2129 1924
 12  -0.500    0 2162 1925 1824 1802 1807 1696 1999 4589 2365 1724 1804 1824 1812 1905 2129 1924
 13  -0.559    0 2162 1925 1824 1802 1806 1694 1993 4597 2358 1721 1803 1824 1812 1905 2129 1924
 14  -0.618    0 2162 1925 1824 1802 1806 1692 1987 4606 2351 1719 1803 1824 1812 1905 2129 1924
 15  -0.676    0 2162 1925 1824 1802 1806 1691 1981 4615 2343 1717 1803 1824 1812 1905 2129 1924
 16  -0.735    0 2162 1925 1824 1802 1806 1690 1975 4625 2336 1715 1802 1824 1812 1905 2129 1924
 17  -0.794    0 2162 1925 1824 1802 1806 1689 1970 4635 2329 1713 1802 1824 1812 1905 2129 1924
 18  -0.853    0 2162 1925 1824 1802 1805 1688 1965 4645 2322 1712 1802 1824 1812 1905 2129 1924
 19  -0.912    0 2162 1925 1824 1802 1805 1687 1960 4656 2315 1710 1802 1824 1812 1905 2129 1924
 20  -0.971    0 2158 1921 1821 1799 1802 1683 1947 4507 2295 1705 1798 1821 1808 1901 2126 1921
 21  -1.029    0    0    0    0    0    0    0    0    0    0    0    0    0    0    0    0    0




 Section j = 48

    i =      1    5    9   13   17   21   25   29   33   37   41   45   49   53   57   61   65
        d = 4500 4500 4499 4499 4499 4499 4499 4500 4500 4500 4500 4500 4500 4500 4500 4500 4499
  1  -0.004    0 1968 2156 2209 2150 2120 2152 2103 2100 2082 2041 2051 2120 2190 2165 1972 1380
  2  -0.011    0 1952 2140 2194 2134 2104 2136 2087 2085 2066 2026 2035 2104 2174 2149 1956 1369
  3  -0.022    0 1952 2140 2194 2134 2104 2136 2087 2085 2066 2026 2035 2104 2174 2149 1956 1369
  4  -0.044    0 1952 2140 2193 2134 2104 2136 2087 2085 2066 2026 2035 2104 2174 2149 1956 1369
  5  -0.088    0 1952 2140 2193 2134 2104 2136 2087 2084 2066 2026 2035 2104 2174 2149 1956 1369
  6  -0.147    0 1952 2140 2193 2134 2104 2136 2087 2084 2066 2026 2035 2104 2174 2149 1956 1369
  7  -0.206    0 1952 2140 2193 2134 2104 2136 2087 2084 2066 2026 2035 2104 2174 2149 1956 1369
  8  -0.265    0 1952 2140 2193 2134 2104 2136 2087 2084 2066 2026 2035 2104 2174 2149 1956 1369
  9  -0.324    0 1952 2140 2193 2134 2104 2136 2087 2084 2066 2026 2035 2104 2174 2149 1956 1369
 10  -0.382    0 1952 2140 2193 2134 2104 2136 2087 2084 2066 2026 2035 2104 2174 2149 1956 1369
 11  -0.441    0 1952 2140 2193 2134 2104 2136 2087 2084 2066 2026 2035 2104 2174 2149 1956 1369
 12  -0.500    0 1952 2140 2193 2134 2104 2136 2087 2084 2066 2026 2035 2104 2174 2149 1956 1369
 13  -0.559    0 1952 2140 2193 2134 2104 2136 2087 2084 2066 2026 2035 2104 2174 2149 1956 1369
 14  -0.618    0 1952 2140 2193 2134 2104 2136 2087 2084 2066 2026 2035 2104 2174 2149 1956 1369
 15  -0.676    0 1952 2140 2193 2134 2104 2136 2087 2084 2066 2026 2035 2104 2174 2149 1956 1369
 16  -0.735    0 1952 2140 2193 2134 2104 2136 2087 2084 2066 2026 2035 2104 2174 2149 1956 1369
 17  -0.794    0 1952 2140 2193 2134 2104 2136 2087 2084 2066 2026 2035 2104 2174 2149 1956 1369
 18  -0.853    0 1952 2140 2193 2134 2104 2136 2087 2084 2066 2026 2035 2104 2174 2149 1956 1369
 19  -0.912    0 1952 2140 2193 2134 2104 2136 2087 2084 2066 2026 2035 2104 2174 2149 1956 1369
 20  -0.971    0 1948 2137 2189 2130 2100 2132 2083 2080 2062 2021 2031 2100 2170 2145 1952 1366
 21  -1.029    0    0    0    0    0    0    0    0    0    0    0    0    0    0    0    0    0



 y-velocity, v                           

 Time =    0.0125 days    multiply all values by 1.00E-05

 Section j =  1

    i =      1    5    9   13   17   21   25   29   33   37   41   45   49   53   57   61   65
        d =    1    1    1    1    1    1    1    1    1    1    1    1    1    1    1    1    1
  1  -0.004    0    0    0    0    0    0    0    0    0    0    0    0    0    0    0    0    0
  2  -0.011    0    0    0    0    0    0    0    0    0    0    0    0    0    0    0    0    0
  3  -0.022    0    0    0    0    0    0    0    0    0    0    0    0    0    0    0    0    0
  4  -0.044    0    0    0    0    0    0    0    0    0    0    0    0    0    0    0    0    0
  5  -0.088    0    0    0    0    0    0    0    0    0    0    0    0    0    0    0    0    0
  6  -0.147    0    0    0    0    0    0    0    0    0    0    0    0    0    0    0    0    0
  7  -0.206    0    0    0    0    0    0    0    0    0    0    0    0    0    0    0    0    0
  8  -0.265    0    0    0    0    0    0    0    0    0    0    0    0    0    0    0    0    0
  9  -0.324    0    0    0    0    0    0    0    0    0    0    0    0    0    0    0    0    0
 10  -0.382    0    0    0    0    0    0    0    0    0    0    0    0    0    0    0    0    0
 11  -0.441    0    0    0    0    0    0    0    0    0    0    0    0    0    0    0    0    0
 12  -0.500    0    0    0    0    0    0    0    0    0    0    0    0    0    0    0    0    0
 13  -0.559    0    0    0    0    0    0    0    0    0    0    0    0    0    0    0    0    0
 14  -0.618    0    0    0    0    0    0    0    0    0    0    0    0    0    0    0    0    0
 15  -0.676    0    0    0    0    0    0    0    0    0    0    0    0    0    0    0    0    0
 16  -0.735    0    0    0    0    0    0    0    0    0    0    0    0    0    0    0    0    0
 17  -0.794    0    0    0    0    0    0    0    0    0    0    0    0    0    0    0    0    0
 18  -0.853    0    0    0    0    0    0    0    0    0    0    0    0    0    0    0    0    0
 19  -0.912    0    0    0    0    0    0    0    0    0    0    0    0    0    0    0    0    0
 20  -0.971    0    0    0    0    0    0    0    0    0    0    0    0    0    0    0    0    0
 21  -1.029    0    0    0    0    0    0    0    0    0    0    0    0    0    0    0    0    0




 Section j = 24

    i =      1    5    9   13   17   21   25   29   33   37   41   45   49   53   57   61   65
        d = 4500 4500 4500 4500 4499 4435 3793 1892  552 1892 3793 4435 4498 4500 4500 4500 4500
  1  -0.004    0 -224 -193 -121 -106 -283-1283-4672-3145 3514 1662  515   76 -129 -217 -301    0
  2  -0.011    0 -225 -195 -123 -107 -284-1284-4675-3153 3512 1661  514   75 -130 -218 -303    0
  3  -0.022    0 -225 -195 -123 -107 -284-1284-4676-3153 3512 1661  514   75 -130 -218 -303    0
  4  -0.044    0 -225 -195 -123 -107 -284-1285-4679-3153 3516 1662  514   75 -130 -218 -303    0
  5  -0.088    0 -225 -195 -123 -108 -284-1288-4689-3155 3527 1666  514   75 -130 -218 -302    0
  6  -0.147    0 -225 -195 -123 -108 -285-1293-4711-3158 3551 1672  516   75 -130 -218 -302    0
  7  -0.206    0 -225 -195 -123 -108 -285-1299-4739-3162 3581 1679  517   75 -130 -218 -302    0
  8  -0.265    0 -225 -195 -122 -108 -286-1306-4771-3167 3615 1687  518   75 -130 -218 -302    0
  9  -0.324    0 -224 -195 -122 -108 -286-1312-4806-3173 3652 1695  519   75 -130 -218 -302    0
 10  -0.382    0 -224 -195 -122 -108 -287-1317-4841-3180 3691 1701  520   75 -130 -218 -302    0
 11  -0.441    0 -224 -194 -122 -108 -287-1322-4877-3188 3730 1708  521   75 -130 -218 -302    0
 12  -0.500    0 -224 -194 -122 -108 -288-1327-4913-3196 3769 1714  522   75 -130 -218 -301    0
 13  -0.559    0 -224 -194 -122 -108 -288-1331-4948-3205 3808 1719  523   75 -130 -218 -301    0
 14  -0.618    0 -224 -194 -122 -108 -288-1335-4982-3214 3845 1723  524   75 -130 -218 -301    0
 15  -0.676    0 -224 -194 -121 -108 -289-1338-5015-3224 3882 1728  524   75 -129 -218 -301    0
 16  -0.735    0 -224 -194 -121 -108 -289-1341-5047-3233 3917 1731  525   75 -129 -218 -301    0
 17  -0.794    0 -224 -194 -121 -107 -289-1344-5078-3243 3951 1735  526   75 -129 -217 -300    0
 18  -0.853    0 -224 -194 -121 -107 -289-1347-5107-3254 3984 1737  527   75 -129 -217 -300    0
 19  -0.912    0 -223 -194 -121 -107 -289-1349-5135-3264 4015 1740  527   75 -129 -217 -300    0
 20  -0.971    0 -221 -191 -118 -105 -286-1344-5125-3122 4033 1741  528   77 -127 -215 -298    0
 21  -1.029    0    0    0    0    0    0    0    0    0    0    0    0    0    0    0    0    0




 Section j = 48

    i =      1    5    9   13   17   21   25   29   33   37   41   45   49   53   57   61   65
        d = 4500 4500 4499 4499 4499 4499 4499 4500 4500 4500 4500 4500 4500 4500 4500 4500 4499
  1  -0.004    0 -365 -568 -134  275  353  256  105  -64 -238 -404 -515 -430   15  461  248    0
  2  -0.011    0 -355 -559 -124  284  362  266  115  -54 -229 -394 -505 -420   25  470  258    0
  3  -0.022    0 -355 -559 -124  284  362  266  115  -54 -229 -394 -505 -420   25  470  258    0
  4  -0.044    0 -355 -559 -124  284  362  266  115  -54 -229 -394 -505 -420   25  470  258    0
  5  -0.088    0 -355 -559 -124  284  362  266  115  -55 -229 -394 -505 -420   25  470  258    0
  6  -0.147    0 -355 -559 -124  284  362  266  114  -55 -229 -394 -505 -420   25  470  258    0
  7  -0.206    0 -355 -559 -124  284  362  266  114  -55 -229 -394 -505 -421   25  470  257    0
  8  -0.265    0 -356 -559 -124  284  362  266  114  -55 -229 -394 -505 -421   25  471  257    0
  9  -0.324    0 -356 -559 -124  284  362  266  114  -55 -229 -394 -505 -421   25  471  257    0
 10  -0.382    0 -356 -559 -125  284  362  266  114  -55 -229 -394 -505 -421   25  471  257    0
 11  -0.441    0 -356 -559 -125  284  362  266  114  -55 -229 -394 -506 -421   25  471  257    0
 12  -0.500    0 -356 -559 -125  283  362  266  114  -55 -229 -394 -506 -421   25  471  257    0
 13  -0.559    0 -356 -559 -125  283  362  266  114  -55 -229 -394 -506 -421   25  471  257    0
 14  -0.618    0 -356 -559 -125  283  362  266  114  -55 -229 -394 -506 -421   25  471  257    0
 15  -0.676    0 -356 -559 -125  283  362  266  114  -55 -229 -394 -506 -421   25  471  257    0
 16  -0.735    0 -356 -559 -125  283  362  266  114  -55 -229 -394 -506 -421   25  471  257    0
 17  -0.794    0 -356 -559 -125  283  362  266  114  -55 -229 -394 -506 -421   25  471  257    0
 18  -0.853    0 -357 -559 -125  283  361  266  114  -55 -229 -394 -506 -421   25  472  257    0
 19  -0.912    0 -357 -559 -125  283  361  266  114  -55 -229 -394 -506 -421   25  472  257    0
 20  -0.971    0 -355 -557 -124  284  363  267  115  -54 -227 -392 -503 -419   27  474  258    0
 21  -1.029    0    0    0    0    0    0    0    0    0    0    0    0    0    0    0    0    0



 z-velocity, w                           

 Time =    0.0125 days    multiply all values by 1.00E-07

 Section j =  1

    i =      1    5    9   13   17   21   25   29   33   37   41   45   49   53   57   61   65
        d =    1    1    1    1    1    1    1    1    1    1    1    1    1    1    1    1    1
  1  -0.000    0    0    0    0    0    0    0    0    0    0    0    0    0    0    0    0    0
  2  -0.007    0    0    0    0    0    0    0    0    0    0    0    0    0    0    0    0    0
  3  -0.015    0    0    0    0    0    0    0    0    0    0    0    0    0    0    0    0    0
  4  -0.029    0    0    0    0    0    0    0    0    0    0    0    0    0    0    0    0    0
  5  -0.059    0    0    0    0    0    0    0    0    0    0    0    0    0    0    0    0    0
  6  -0.118    0    0    0    0    0    0    0    0    0    0    0    0    0    0    0    0    0
  7  -0.176    0    0    0    0    0    0    0    0    0    0    0    0    0    0    0    0    0
  8  -0.235    0    0    0    0    0    0    0    0    0    0    0    0    0    0    0    0    0
  9  -0.294    0    0    0    0    0    0    0    0    0    0    0    0    0    0    0    0    0
 10  -0.353    0    0    0    0    0    0    0    0    0    0    0    0    0    0    0    0    0
 11  -0.412    0    0    0    0    0    0    0    0    0    0    0    0    0    0    0    0    0
 12  -0.471    0    0    0    0    0    0    0    0    0    0    0    0    0    0    0    0    0
 13  -0.529    0    0    0    0    0    0    0    0    0    0    0    0    0    0    0    0    0
 14  -0.588    0    0    0    0    0    0    0    0    0    0    0    0    0    0    0    0    0
 15  -0.647    0    0    0    0    0    0    0    0    0    0    0    0    0    0    0    0    0
 16  -0.706    0    0    0    0    0    0    0    0    0    0    0    0    0    0    0    0    0
 17  -0.765    0    0    0    0    0    0    0    0    0    0    0    0    0    0    0    0    0
 18  -0.824    0    0    0    0    0    0    0    0    0    0    0    0    0    0    0    0    0
 19  -0.882    0    0    0    0    0    0    0    0    0    0    0    0    0    0    0    0    0
 20  -0.941    0    0    0    0    0    0    0    0    0    0    0    0    0    0    0    0    0
 21  -1.000    0    0    0    0    0    0    0    0    0    0    0    0    0    0    0    0    0




 Section j = 24

    i =      1    5    9   13   17   21   25   29   33   37   41   45   49   53   57   61   65
        d = 4500 4500 4500 4500 4499 4435 3793 1892  552 1892 3793 4435 4498 4500 4500 4500 4500
  1  -0.000    0    0    0    0    0    0    0    0    0    0    0    0    0    0    0    0    0
  2  -0.007    0    0    0    0    1   10   -1  -79    0   78   -8  -10   -5   -2    0   -3    0
  3  -0.015    0    1    0    0    3   21   -1 -157    0  156  -15  -19   -9   -3    0   -4    0
  4  -0.029    0    3    0    0    6   42   -1 -312    2  311  -30  -37  -17   -5    0   -8    0
  5  -0.059    0    6    1    1   13   84    0 -618    5  616  -59  -71  -33   -9    1  -15    0
  6  -0.118    0   13    3    3   27  164    4-1194   10 1191 -120 -133  -62  -17    2  -28    0
  7  -0.176    0   20    4    4   41  234   13-1699   16 1695 -181 -182  -87  -25    2  -39    0
  8  -0.235    0   26    5    4   51  288   28-2117   20 2111 -239 -217 -107  -33    3  -49    0
  9  -0.294    0   32    7    4   60  325   46-2441   25 2433 -291 -241 -120  -38    3  -57    0
 10  -0.353    0   36    8    4   70  348   66-2667   28 2658 -335 -254 -128  -41    2  -64    0
 11  -0.412    0   38    9    5   76  360   83-2798   30 2787 -370 -256 -134  -42    2  -69    0
 12  -0.471    0   39   10    6   79  361   95-2837   32 2824 -394 -250 -136  -42    1  -72    0
 13  -0.529    0   40   10    6   82  349  101-2788   32 2773 -407 -238 -133  -41    1  -74    0
 14  -0.588    0   38    9    5   81  326  100-2657   31 2640 -406 -220 -128  -39    1  -72    0
 15  -0.647    0   36    7    4   76  298   97-2450   29 2431 -389 -195 -122  -36    1  -68    0
 16  -0.706    0   32    6    3   69  264   91-2171   26 2154 -359 -163 -110  -32    0  -62    0
 17  -0.765    0   28    5    2   61  222   80-1827   20 1813 -318 -129  -92  -27    0  -54    0
 18  -0.824    0   23    3    2   48  173   67-1424   13 1413 -262  -97  -73  -21    0  -44    0
 19  -0.882    0   17    2    2   34  116   54 -967    5  959 -193  -68  -52  -14    0  -33    0
 20  -0.941    0   10    1    1   19   58   37 -462   -6  457 -110  -36  -26   -7    0  -18    0
 21  -1.000    0    1    1    1    0    0    0    0    0    0    0    0    1    0   -1   -1    0




 Section j = 48

    i =      1    5    9   13   17   21   25   29   33   37   41   45   49   53   57   61   65
        d = 4500 4500 4499 4499 4499 4499 4499 4500 4500 4500 4500 4500 4500 4500 4500 4500 4499
  1  -0.000    0    0    0    0    0    0    0    0    0    0    0    0    0    0    0    0    0
  2  -0.007    0    3    4    3    4    5    3    4    4    3    4    1    3    4    3    4    0
  3  -0.015    0    3    4    3    3    6    3    4    4    3    5   -1    2    5    2    4    0
  4  -0.029    0    2    4    2    3    8    2    4    5    3    7   -5   -1    6    1    4    0
  5  -0.059    0    0    4    0    3   13    1    5    6    2   10  -13   -4    9   -2    5    0
  6  -0.118    0   -3    4   -3    3   20   -2    6    6    0   15  -27  -11   13   -6    6    0
  7  -0.176    0   -6    4   -5    3   27   -5    7    7   -1   20  -40  -17   17  -10    7    0
  8  -0.235    0   -9    4   -8    2   33   -7    7    7   -2   24  -51  -22   21  -14    7    0
  9  -0.294    0  -11    5  -10    2   38   -8    8    9   -3   27  -61  -27   23  -17    8    0
 10  -0.353    0  -13    5  -11    3   42   -9    9   12   -4   29  -69  -31   26  -20    9    0
 11  -0.412    0  -14    6  -12    3   45   -9   11   14   -5   31  -74  -34   27  -22   10    0
 12  -0.471    0  -15    6  -12    3   47   -9   12   16   -6   33  -76  -36   28  -23   10    0
 13  -0.529    0  -15    6  -12    3   48   -8   12   17   -5   34  -77  -35   28  -23   10    0
 14  -0.588    0  -15    6  -11    3   47   -8   12   17   -5   34  -73  -33   27  -22   10    0
 15  -0.647    0  -14    6   -9    3   44   -7   11   17   -4   33  -68  -30   26  -19   10    0
 16  -0.706    0  -13    5   -8    3   41   -5   11   16   -3   30  -60  -26   23  -16    9    0
 17  -0.765    0  -11    5   -6    3   36   -4   11   14   -2   27  -51  -21   21  -13    9    0
 18  -0.824    0   -8    4   -3    4   31   -2   10   12   -1   24  -40  -16   17   -9    8    0
 19  -0.882    0   -5    4    0    4   24    0    9   10    1   19  -28  -10   13   -4    8    0
 20  -0.941    0   -1    4    3    6   16    3    8    8    3   13  -13   -4    9    0    7    0
 21  -1.000    0   -1   -2    0    1    1    1    0    0    0    0   -1   -1    0    1    2    0



 Potential temperature, t                

 Time =    0.0125 days    multiply all values by 1.00E-02

 Section j =  1

    i =      1    5    9   13   17   21   25   29   33   37   41   45   49   53   57   61   65
        d =    1    1    1    1    1    1    1    1    1    1    1    1    1    1    1    1    1
  1  -0.004    0    0    0    0    0    0    0    0    0    0    0    0    0    0    0    0    0
  2  -0.011    0    0    0    0    0    0    0    0    0    0    0    0    0    0    0    0    0
  3  -0.022    0    0    0    0    0    0    0    0    0    0    0    0    0    0    0    0    0
  4  -0.044    0    0    0    0    0    0    0    0    0    0    0    0    0    0    0    0    0
  5  -0.088    0    0    0    0    0    0    0    0    0    0    0    0    0    0    0    0    0
  6  -0.147    0    0    0    0    0    0    0    0    0    0    0    0    0    0    0    0    0
  7  -0.206    0    0    0    0    0    0    0    0    0    0    0    0    0    0    0    0    0
  8  -0.265    0    0    0    0    0    0    0    0    0    0    0    0    0    0    0    0    0
  9  -0.324    0    0    0    0    0    0    0    0    0    0    0    0    0    0    0    0    0
 10  -0.382    0    0    0    0    0    0    0    0    0    0    0    0    0    0    0    0    0
 11  -0.441    0    0    0    0    0    0    0    0    0    0    0    0    0    0    0    0    0
 12  -0.500    0    0    0    0    0    0    0    0    0    0    0    0    0    0    0    0    0
 13  -0.559    0    0    0    0    0    0    0    0    0    0    0    0    0    0    0    0    0
 14  -0.618    0    0    0    0    0    0    0    0    0    0    0    0    0    0    0    0    0
 15  -0.676    0    0    0    0    0    0    0    0    0    0    0    0    0    0    0    0    0
 16  -0.735    0    0    0    0    0    0    0    0    0    0    0    0    0    0    0    0    0
 17  -0.794    0    0    0    0    0    0    0    0    0    0    0    0    0    0    0    0    0
 18  -0.853    0    0    0    0    0    0    0    0    0    0    0    0    0    0    0    0    0
 19  -0.912    0    0    0    0    0    0    0    0    0    0    0    0    0    0    0    0    0
 20  -0.971    0    0    0    0    0    0    0    0    0    0    0    0    0    0    0    0    0
 21  -1.029    0    0    0    0    0    0    0    0    0    0    0    0    0    0    0    0    0




 Section j = 24

    i =      1    5    9   13   17   21   25   29   33   37   41   45   49   53   57   61   65
        d = 4500 4500 4500 4500 4499 4435 3793 1892  552 1892 3793 4435 4498 4500 4500 4500 4500
  1  -0.004 1975 1975 1975 1975 1975 1976 1979 1989 1997 1990 1979 1976 1975 1975 1975 1975 1975
  2  -0.011 1927 1927 1927 1927 1927 1928 1938 1969 1991 1969 1939 1928 1927 1927 1927 1927 1927
  3  -0.022 1858 1858 1858 1858 1858 1860 1879 1938 1982 1940 1880 1860 1858 1858 1858 1858 1858
  4  -0.044 1730 1730 1730 1730 1730 1733 1768 1878 1964 1882 1770 1734 1730 1730 1730 1730 1730
  5  -0.088 1508 1508 1508 1508 1509 1514 1572 1766 1929 1773 1575 1514 1509 1508 1508 1508 1508
  6  -0.147 1274 1274 1274 1274 1274 1281 1357 1631 1883 1641 1360 1282 1274 1274 1274 1274 1274
  7  -0.206 1094 1094 1094 1094 1094 1102 1185 1510 1839 1522 1189 1102 1094 1094 1094 1094 1094
  8  -0.265  956  956  956  956  956  963 1048 1402 1796 1416 1051  964  956  956  956  956  956
  9  -0.324  850  850  850  850  850  857  938 1306 1755 1321  942  857  850  850  850  850  850
 10  -0.382  768  768  768  768  769  775  850 1220 1715 1236  854  775  769  768  768  768  768
 11  -0.441  706  706  706  706  706  712  780 1143 1676 1159  783  712  706  706  706  706  706
 12  -0.500  658  658  658  658  658  663  724 1074 1638 1091  727  664  658  658  658  658  658
 13  -0.559  621  621  621  621  621  626  679 1013 1602 1030  681  626  621  621  621  621  621
 14  -0.618  593  593  593  593  593  597  643  958 1567  975  645  597  593  593  593  593  593
 15  -0.676  571  571  571  571  572  575  614  909 1533  925  616  575  572  571  571  571  571
 16  -0.735  555  555  555  555  555  557  591  865 1500  881  593  558  555  555  555  555  555
 17  -0.794  542  542  542  542  542  544  573  826 1468  842  575  544  542  542  542  542  542
 18  -0.853  532  532  532  532  532  534  558  791 1437  806  560  534  532  532  532  532  532
 19  -0.912  525  525  525  525  525  526  547  760 1407  774  548  526  525  525  525  525  525
 20  -0.971  519  519  519  519  519  520  537  732 1378  746  538  520  519  519  519  519  519
 21  -1.029    0    0    0    0    0    0    0    0    0    0    0    0    0    0    0    0    0




 Section j = 48

    i =      1    5    9   13   17   21   25   29   33   37   41   45   49   53   57   61   65
        d = 4500 4500 4499 4499 4499 4499 4499 4500 4500 4500 4500 4500 4500 4500 4500 4500 4499
  1  -0.004 1975 1975 1975 1975 1975 1975 1975 1975 1975 1975 1975 1975 1975 1975 1975 1975 1975
  2  -0.011 1927 1927 1927 1927 1927 1927 1927 1927 1927 1927 1927 1927 1927 1927 1927 1927 1927
  3  -0.022 1858 1858 1858 1858 1858 1858 1858 1858 1858 1858 1858 1858 1858 1858 1858 1858 1858
  4  -0.044 1730 1730 1730 1730 1730 1730 1730 1730 1730 1730 1730 1730 1730 1730 1730 1730 1730
  5  -0.088 1508 1508 1508 1508 1508 1508 1508 1508 1508 1508 1508 1508 1508 1508 1508 1508 1508
  6  -0.147 1274 1274 1274 1274 1274 1274 1274 1274 1274 1274 1274 1274 1274 1274 1274 1274 1274
  7  -0.206 1094 1094 1094 1094 1094 1094 1094 1094 1094 1094 1094 1094 1094 1094 1094 1094 1094
  8  -0.265  956  956  956  956  956  956  956  956  956  956  956  956  956  956  956  956  956
  9  -0.324  850  850  850  850  850  850  850  850  850  850  850  850  850  850  850  850  850
 10  -0.382  768  768  768  768  768  768  768  768  768  768  768  768  768  768  768  768  768
 11  -0.441  706  706  706  706  706  706  706  706  706  706  706  706  706  706  706  706  706
 12  -0.500  658  658  658  658  658  658  658  658  658  658  658  658  658  658  658  658  658
 13  -0.559  621  621  621  621  621  621  621  621  621  621  621  621  621  621  621  621  621
 14  -0.618  593  593  593  593  593  593  593  593  593  593  593  593  593  593  593  593  593
 15  -0.676  571  571  571  571  571  571  571  571  571  571  571  571  571  571  571  571  571
 16  -0.735  555  555  555  555  555  555  555  555  555  555  555  555  555  555  555  555  555
 17  -0.794  542  542  542  542  542  542  542  542  542  542  542  542  542  542  542  542  542
 18  -0.853  532  532  532  532  532  532  532  532  532  532  532  532  532  532  532  532  532
 19  -0.912  525  525  525  525  525  525  525  525  525  525  525  525  525  525  525  525  525
 20  -0.971  519  519  519  519  519  519  519  519  519  519  519  519  519  519  519  519  519
 21  -1.029    0    0    0    0    0    0    0    0    0    0    0    0    0    0    0    0    0



 Salinity, s                             

 Time =    0.0125 days    multiply all values by 1.00E-02

 Section j =  1

    i =      1    5    9   13   17   21   25   29   33   37   41   45   49   53   57   61   65
        d =    1    1    1    1    1    1    1    1    1    1    1    1    1    1    1    1    1
  1  -0.004    0    0    0    0    0    0    0    0    0    0    0    0    0    0    0    0    0
  2  -0.011    0    0    0    0    0    0    0    0    0    0    0    0    0    0    0    0    0
  3  -0.022    0    0    0    0    0    0    0    0    0    0    0    0    0    0    0    0    0
  4  -0.044    0    0    0    0    0    0    0    0    0    0    0    0    0    0    0    0    0
  5  -0.088    0    0    0    0    0    0    0    0    0    0    0    0    0    0    0    0    0
  6  -0.147    0    0    0    0    0    0    0    0    0    0    0    0    0    0    0    0    0
  7  -0.206    0    0    0    0    0    0    0    0    0    0    0    0    0    0    0    0    0
  8  -0.265    0    0    0    0    0    0    0    0    0    0    0    0    0    0    0    0    0
  9  -0.324    0    0    0    0    0    0    0    0    0    0    0    0    0    0    0    0    0
 10  -0.382    0    0    0    0    0    0    0    0    0    0    0    0    0    0    0    0    0
 11  -0.441    0    0    0    0    0    0    0    0    0    0    0    0    0    0    0    0    0
 12  -0.500    0    0    0    0    0    0    0    0    0    0    0    0    0    0    0    0    0
 13  -0.559    0    0    0    0    0    0    0    0    0    0    0    0    0    0    0    0    0
 14  -0.618    0    0    0    0    0    0    0    0    0    0    0    0    0    0    0    0    0
 15  -0.676    0    0    0    0    0    0    0    0    0    0    0    0    0    0    0    0    0
 16  -0.735    0    0    0    0    0    0    0    0    0    0    0    0    0    0    0    0    0
 17  -0.794    0    0    0    0    0    0    0    0    0    0    0    0    0    0    0    0    0
 18  -0.853    0    0    0    0    0    0    0    0    0    0    0    0    0    0    0    0    0
 19  -0.912    0    0    0    0    0    0    0    0    0    0    0    0    0    0    0    0    0
 20  -0.971    0    0    0    0    0    0    0    0    0    0    0    0    0    0    0    0    0
 21  -1.029    0    0    0    0    0    0    0    0    0    0    0    0    0    0    0    0    0




 Section j = 24

    i =      1    5    9   13   17   21   25   29   33   37   41   45   49   53   57   61   65
        d = 4500 4500 4500 4500 4499 4435 3793 1892  552 1892 3793 4435 4498 4500 4500 4500 4500
  1  -0.004 3500 3500 3500 3500 3500 3500 3500 3500 3500 3500 3500 3500 3500 3500 3500 3500 3500
  2  -0.011 3500 3500 3500 3500 3500 3500 3500 3500 3500 3500 3500 3500 3500 3500 3500 3500 3500
  3  -0.022 3500 3500 3500 3500 3500 3500 3500 3500 3500 3500 3500 3500 3500 3500 3500 3500 3500
  4  -0.044 3500 3500 3500 3500 3500 3500 3500 3500 3500 3500 3500 3500 3500 3500 3500 3500 3500
  5  -0.088 3500 3500 3500 3500 3500 3500 3500 3500 3500 3500 3500 3500 3500 3500 3500 3500 3500
  6  -0.147 3500 3500 3500 3500 3500 3500 3500 3500 3500 3500 3500 3500 3500 3500 3500 3500 3500
  7  -0.206 3500 3500 3500 3500 3500 3500 3500 3500 3500 3500 3500 3500 3500 3500 3500 3500 3500
  8  -0.265 3500 3500 3500 3500 3500 3500 3500 3500 3500 3500 3500 3500 3500 3500 3500 3500 3500
  9  -0.324 3500 3500 3500 3500 3500 3500 3500 3500 3500 3500 3500 3500 3500 3500 3500 3500 3500
 10  -0.382 3500 3500 3500 3500 3500 3500 3500 3500 3500 3500 3500 3500 3500 3500 3500 3500 3500
 11  -0.441 3500 3500 3500 3500 3500 3500 3500 3500 3500 3500 3500 3500 3500 3500 3500 3500 3500
 12  -0.500 3500 3500 3500 3500 3500 3500 3500 3500 3500 3500 3500 3500 3500 3500 3500 3500 3500
 13  -0.559 3500 3500 3500 3500 3500 3500 3500 3500 3500 3500 3500 3500 3500 3500 3500 3500 3500
 14  -0.618 3500 3500 3500 3500 3500 3500 3500 3500 3500 3500 3500 3500 3500 3500 3500 3500 3500
 15  -0.676 3500 3500 3500 3500 3500 3500 3500 3500 3500 3500 3500 3500 3500 3500 3500 3500 3500
 16  -0.735 3500 3500 3500 3500 3500 3500 3500 3500 3500 3500 3500 3500 3500 3500 3500 3500 3500
 17  -0.794 3500 3500 3500 3500 3500 3500 3500 3500 3500 3500 3500 3500 3500 3500 3500 3500 3500
 18  -0.853 3500 3500 3500 3500 3500 3500 3500 3500 3500 3500 3500 3500 3500 3500 3500 3500 3500
 19  -0.912 3500 3500 3500 3500 3500 3500 3500 3500 3500 3500 3500 3500 3500 3500 3500 3500 3500
 20  -0.971 3500 3500 3500 3500 3500 3500 3500 3500 3500 3500 3500 3500 3500 3500 3500 3500 3500
 21  -1.029    0    0    0    0    0    0    0    0    0    0    0    0    0    0    0    0    0




 Section j = 48

    i =      1    5    9   13   17   21   25   29   33   37   41   45   49   53   57   61   65
        d = 4500 4500 4499 4499 4499 4499 4499 4500 4500 4500 4500 4500 4500 4500 4500 4500 4499
  1  -0.004 3500 3500 3500 3500 3500 3500 3500 3500 3500 3500 3500 3500 3500 3500 3500 3500 3500
  2  -0.011 3500 3500 3500 3500 3500 3500 3500 3500 3500 3500 3500 3500 3500 3500 3500 3500 3500
  3  -0.022 3500 3500 3500 3500 3500 3500 3500 3500 3500 3500 3500 3500 3500 3500 3500 3500 3500
  4  -0.044 3500 3500 3500 3500 3500 3500 3500 3500 3500 3500 3500 3500 3500 3500 3500 3500 3500
  5  -0.088 3500 3500 3500 3500 3500 3500 3500 3500 3500 3500 3500 3500 3500 3500 3500 3500 3500
  6  -0.147 3500 3500 3500 3500 3500 3500 3500 3500 3500 3500 3500 3500 3500 3500 3500 3500 3500
  7  -0.206 3500 3500 3500 3500 3500 3500 3500 3500 3500 3500 3500 3500 3500 3500 3500 3500 3500
  8  -0.265 3500 3500 3500 3500 3500 3500 3500 3500 3500 3500 3500 3500 3500 3500 3500 3500 3500
  9  -0.324 3500 3500 3500 3500 3500 3500 3500 3500 3500 3500 3500 3500 3500 3500 3500 3500 3500
 10  -0.382 3500 3500 3500 3500 3500 3500 3500 3500 3500 3500 3500 3500 3500 3500 3500 3500 3500
 11  -0.441 3500 3500 3500 3500 3500 3500 3500 3500 3500 3500 3500 3500 3500 3500 3500 3500 3500
 12  -0.500 3500 3500 3500 3500 3500 3500 3500 3500 3500 3500 3500 3500 3500 3500 3500 3500 3500
 13  -0.559 3500 3500 3500 3500 3500 3500 3500 3500 3500 3500 3500 3500 3500 3500 3500 3500 3500
 14  -0.618 3500 3500 3500 3500 3500 3500 3500 3500 3500 3500 3500 3500 3500 3500 3500 3500 3500
 15  -0.676 3500 3500 3500 3500 3500 3500 3500 3500 3500 3500 3500 3500 3500 3500 3500 3500 3500
 16  -0.735 3500 3500 3500 3500 3500 3500 3500 3500 3500 3500 3500 3500 3500 3500 3500 3500 3500
 17  -0.794 3500 3500 3500 3500 3500 3500 3500 3500 3500 3500 3500 3500 3500 3500 3500 3500 3500
 18  -0.853 3500 3500 3500 3500 3500 3500 3500 3500 3500 3500 3500 3500 3500 3500 3500 3500 3500
 19  -0.912 3500 3500 3500 3500 3500 3500 3500 3500 3500 3500 3500 3500 3500 3500 3500 3500 3500
 20  -0.971 3500 3500 3500 3500 3500 3500 3500 3500 3500 3500 3500 3500 3500 3500 3500 3500 3500
 21  -1.029    0    0    0    0    0    0    0    0    0    0    0    0    0    0    0    0    0



 (density-1000)/rhoref, rho              

 Time =    0.0125 days    multiply all values by 1.00E-05

 Section j =  1

    i =      1    5    9   13   17   21   25   29   33   37   41   45   49   53   57   61   65
        d =    1    1    1    1    1    1    1    1    1    1    1    1    1    1    1    1    1
  1  -0.004    0    0    0    0    0    0    0    0    0    0    0    0    0    0    0    0    0
  2  -0.011    0    0    0    0    0    0    0    0    0    0    0    0    0    0    0    0    0
  3  -0.022    0    0    0    0    0    0    0    0    0    0    0    0    0    0    0    0    0
  4  -0.044    0    0    0    0    0    0    0    0    0    0    0    0    0    0    0    0    0
  5  -0.088    0    0    0    0    0    0    0    0    0    0    0    0    0    0    0    0    0
  6  -0.147    0    0    0    0    0    0    0    0    0    0    0    0    0    0    0    0    0
  7  -0.206    0    0    0    0    0    0    0    0    0    0    0    0    0    0    0    0    0
  8  -0.265    0    0    0    0    0    0    0    0    0    0    0    0    0    0    0    0    0
  9  -0.324    0    0    0    0    0    0    0    0    0    0    0    0    0    0    0    0    0
 10  -0.382    0    0    0    0    0    0    0    0    0    0    0    0    0    0    0    0    0
 11  -0.441    0    0    0    0    0    0    0    0    0    0    0    0    0    0    0    0    0
 12  -0.500    0    0    0    0    0    0    0    0    0    0    0    0    0    0    0    0    0
 13  -0.559    0    0    0    0    0    0    0    0    0    0    0    0    0    0    0    0    0
 14  -0.618    0    0    0    0    0    0    0    0    0    0    0    0    0    0    0    0    0
 15  -0.676    0    0    0    0    0    0    0    0    0    0    0    0    0    0    0    0    0
 16  -0.735    0    0    0    0    0    0    0    0    0    0    0    0    0    0    0    0    0
 17  -0.794    0    0    0    0    0    0    0    0    0    0    0    0    0    0    0    0    0
 18  -0.853    0    0    0    0    0    0    0    0    0    0    0    0    0    0    0    0    0
 19  -0.912    0    0    0    0    0    0    0    0    0    0    0    0    0    0    0    0    0
 20  -0.971    0    0    0    0    0    0    0    0    0    0    0    0    0    0    0    0    0
 21  -1.029    0    0    0    0    0    0    0    0    0    0    0    0    0    0    0    0    0




 Section j = 24

    i =      1    5    9   13   17   21   25   29   33   37   41   45   49   53   57   61   65
        d = 4500 4500 4500 4500 4499 4435 3793 1892  552 1892 3793 4435 4498 4500 4500 4500 4500
  1  -0.004 2429 2429 2429 2429 2429 2429 2427 2422 2418 2422 2427 2429 2429 2429 2429 2429 2429
  2  -0.011 2455 2455 2455 2455 2455 2455 2449 2433 2421 2433 2449 2455 2455 2455 2455 2455 2455
  3  -0.022 2494 2494 2494 2494 2494 2493 2482 2449 2426 2449 2482 2493 2494 2494 2494 2494 2494
  4  -0.044 2567 2567 2567 2567 2567 2565 2545 2482 2435 2481 2544 2565 2567 2567 2567 2567 2567
  5  -0.088 2703 2703 2703 2703 2703 2699 2662 2545 2455 2543 2661 2699 2703 2703 2703 2703 2703
  6  -0.147 2866 2866 2866 2866 2866 2861 2804 2624 2480 2622 2804 2861 2866 2866 2866 2866 2866
  7  -0.206 3017 3017 3017 3017 3016 3009 2936 2699 2505 2696 2935 3009 3016 3017 3017 3017 3017
  8  -0.265 3157 3157 3157 3157 3157 3148 3059 2770 2529 2767 3058 3148 3157 3157 3157 3157 3157
  9  -0.324 3291 3291 3291 3291 3291 3280 3176 2839 2553 2835 3175 3280 3291 3291 3291 3291 3291
 10  -0.382 3420 3420 3420 3420 3419 3408 3288 2904 2576 2901 3288 3408 3419 3420 3420 3420 3420
 11  -0.441 3545 3545 3545 3545 3544 3531 3397 2967 2599 2964 3397 3531 3544 3545 3545 3545 3545
 12  -0.500 3667 3667 3667 3667 3666 3652 3503 3029 2622 3026 3503 3652 3666 3667 3667 3667 3667
 13  -0.559 3786 3786 3786 3786 3786 3770 3607 3089 2644 3085 3607 3770 3786 3786 3786 3786 3786
 14  -0.618 3904 3904 3904 3904 3904 3886 3709 3147 2666 3144 3709 3886 3904 3904 3904 3904 3904
 15  -0.676 4020 4020 4020 4020 4020 4001 3810 3204 2687 3201 3809 4001 4020 4020 4020 4020 4020
 16  -0.735 4135 4135 4135 4135 4134 4114 3909 3260 2709 3257 3908 4114 4134 4135 4135 4135 4135
 17  -0.794 4248 4248 4248 4248 4248 4226 4006 3315 2729 3312 4006 4226 4248 4248 4248 4248 4248
 18  -0.853 4360 4360 4360 4360 4360 4337 4103 3370 2750 3367 4103 4337 4360 4360 4360 4360 4360
 19  -0.912 4471 4471 4471 4471 4471 4447 4199 3423 2771 3421 4199 4447 4471 4471 4471 4471 4471
 20  -0.971 4582 4582 4582 4582 4581 4555 4294 3476 2791 3474 4294 4555 4581 4582 4582 4582 4582
 21  -1.029    0    0    0    0    0    0    0    0    0    0    0    0    0    0    0    0    0




 Section j = 48

    i =      1    5    9   13   17   21   25   29   33   37   41   45   49   53   57   61   65
        d = 4500 4500 4499 4499 4499 4499 4499 4500 4500 4500 4500 4500 4500 4500 4500 4500 4499
  1  -0.004 2429 2429 2429 2429 2429 2429 2429 2429 2429 2429 2429 2429 2429 2429 2429 2429 2429
  2  -0.011 2455 2455 2455 2455 2455 2455 2455 2455 2455 2455 2455 2455 2455 2455 2455 2455 2455
  3  -0.022 2494 2494 2494 2494 2494 2494 2494 2494 2494 2494 2494 2494 2494 2494 2494 2494 2494
  4  -0.044 2567 2567 2567 2567 2567 2567 2567 2567 2567 2567 2567 2567 2567 2567 2567 2567 2567
  5  -0.088 2703 2703 2703 2703 2703 2703 2703 2703 2703 2703 2703 2703 2703 2703 2703 2703 2703
  6  -0.147 2866 2866 2866 2866 2866 2866 2866 2866 2866 2866 2866 2866 2866 2866 2866 2866 2866
  7  -0.206 3017 3017 3017 3017 3017 3017 3017 3017 3017 3017 3017 3017 3017 3017 3017 3017 3017
  8  -0.265 3157 3157 3157 3157 3157 3157 3157 3157 3157 3157 3157 3157 3157 3157 3157 3157 3157
  9  -0.324 3291 3291 3291 3291 3291 3291 3291 3291 3291 3291 3291 3291 3291 3291 3291 3291 3291
 10  -0.382 3420 3420 3420 3420 3420 3420 3420 3420 3420 3420 3420 3420 3420 3420 3420 3420 3420
 11  -0.441 3545 3545 3545 3545 3545 3545 3545 3545 3545 3545 3545 3545 3545 3545 3545 3545 3545
 12  -0.500 3667 3667 3667 3667 3667 3667 3667 3667 3667 3667 3667 3667 3667 3667 3667 3667 3667
 13  -0.559 3786 3786 3786 3786 3786 3786 3786 3786 3786 3786 3786 3786 3786 3786 3786 3786 3786
 14  -0.618 3904 3904 3904 3904 3904 3904 3904 3904 3904 3904 3904 3904 3904 3904 3904 3904 3904
 15  -0.676 4020 4020 4020 4020 4020 4020 4020 4020 4020 4020 4020 4020 4020 4020 4020 4020 4020
 16  -0.735 4135 4135 4135 4135 4135 4135 4135 4135 4135 4135 4135 4135 4135 4135 4135 4135 4135
 17  -0.794 4248 4248 4248 4248 4248 4248 4248 4248 4248 4248 4248 4248 4248 4248 4248 4248 4248
 18  -0.853 4360 4360 4360 4360 4360 4360 4360 4360 4360 4360 4360 4360 4360 4360 4360 4360 4360
 19  -0.912 4471 4471 4471 4471 4471 4471 4471 4471 4471 4471 4471 4471 4471 4471 4471 4471 4471
 20  -0.971 4582 4582 4582 4582 4582 4582 4582 4582 4582 4582 4582 4582 4582 4582 4582 4582 4582
 21  -1.029    0    0    0    0    0    0    0    0    0    0    0    0    0    0    0    0    0



 x-velocity, u                           

 Time =    0.0125 days    multiply all values by 1.00E-04

 Section i =  1

    j =      1    4    7   10   13   16   19   22   25   28   31   34   37   40   43   46   49
        d =    1 4501 4500 4500 4500 4500 4500 4500 4500 4500 4500 4500 4500 4500 4500 4500    1
  1  -0.004    0    0    0    0    0    0    0    0    0    0    0    0    0    0    0    0    0
  2  -0.011    0    0    0    0    0    0    0    0    0    0    0    0    0    0    0    0    0
  3  -0.022    0    0    0    0    0    0    0    0    0    0    0    0    0    0    0    0    0
  4  -0.044    0    0    0    0    0    0    0    0    0    0    0    0    0    0    0    0    0
  5  -0.088    0    0    0    0    0    0    0    0    0    0    0    0    0    0    0    0    0
  6  -0.147    0    0    0    0    0    0    0    0    0    0    0    0    0    0    0    0    0
  7  -0.206    0    0    0    0    0    0    0    0    0    0    0    0    0    0    0    0    0
  8  -0.265    0    0    0    0    0    0    0    0    0    0    0    0    0    0    0    0    0
  9  -0.324    0    0    0    0    0    0    0    0    0    0    0    0    0    0    0    0    0
 10  -0.382    0    0    0    0    0    0    0    0    0    0    0    0    0    0    0    0    0
 11  -0.441    0    0    0    0    0    0    0    0    0    0    0    0    0    0    0    0    0
 12  -0.500    0    0    0    0    0    0    0    0    0    0    0    0    0    0    0    0    0
 13  -0.559    0    0    0    0    0    0    0    0    0    0    0    0    0    0    0    0    0
 14  -0.618    0    0    0    0    0    0    0    0    0    0    0    0    0    0    0    0    0
 15  -0.676    0    0    0    0    0    0    0    0    0    0    0    0    0    0    0    0    0
 16  -0.735    0    0    0    0    0    0    0    0    0    0    0    0    0    0    0    0    0
 17  -0.794    0    0    0    0    0    0    0    0    0    0    0    0    0    0    0    0    0
 18  -0.853    0    0    0    0    0    0    0    0    0    0    0    0    0    0    0    0    0
 19  -0.912    0    0    0    0    0    0    0    0    0    0    0    0    0    0    0    0    0
 20  -0.971    0    0    0    0    0    0    0    0    0    0    0    0    0    0    0    0    0
 21  -1.029    0    0    0    0    0    0    0    0    0    0    0    0    0    0    0    0    0




 Section i = 32

    j =      1    4    7   10   13   16   19   22   25   28   31   34   37   40   43   46   49
        d =    1 4500 4500 4498 4453 4107 2999 1374  552 1373 2999 4106 4452 4498 4500 4500    1
  1  -0.004    0 2066 2131 2212 2311 2481 2810 3367 3792 3460 2876 2533 2365 2274 2202 2143    0
  2  -0.011    0 2097 2161 2238 2334 2500 2827 3385 3792 3441 2858 2514 2342 2248 2173 2112    0
  3  -0.022    0 2097 2161 2238 2334 2500 2828 3385 3792 3441 2858 2514 2342 2248 2173 2112    0
  4  -0.044    0 2097 2161 2238 2334 2500 2828 3385 3792 3441 2858 2514 2342 2248 2173 2112    0
  5  -0.088    0 2097 2161 2239 2334 2500 2828 3386 3792 3442 2859 2514 2342 2248 2173 2112    0
  6  -0.147    0 2097 2161 2239 2334 2500 2830 3388 3791 3443 2860 2515 2342 2248 2173 2112    0
  7  -0.206    0 2097 2161 2239 2334 2501 2831 3390 3790 3445 2862 2515 2342 2248 2173 2112    0
  8  -0.265    0 2097 2161 2239 2334 2501 2833 3392 3789 3448 2863 2516 2342 2248 2173 2112    0
  9  -0.324    0 2097 2161 2239 2334 2502 2835 3395 3787 3450 2865 2516 2342 2248 2173 2112    0
 10  -0.382    0 2097 2161 2239 2334 2502 2836 3398 3785 3453 2866 2516 2342 2248 2173 2112    0
 11  -0.441    0 2097 2161 2239 2334 2503 2838 3401 3784 3456 2868 2517 2342 2248 2173 2112    0
 12  -0.500    0 2097 2161 2239 2334 2503 2839 3405 3782 3459 2869 2517 2342 2248 2173 2112    0
 13  -0.559    0 2097 2161 2239 2334 2503 2841 3408 3780 3462 2871 2517 2343 2248 2173 2112    0
 14  -0.618    0 2097 2161 2239 2334 2503 2842 3411 3778 3465 2872 2517 2343 2248 2173 2112    0
 15  -0.676    0 2097 2161 2239 2334 2504 2843 3415 3776 3468 2873 2518 2343 2248 2173 2112    0
 16  -0.735    0 2097 2161 2239 2334 2504 2844 3418 3774 3471 2874 2518 2343 2248 2173 2112    0
 17  -0.794    0 2097 2161 2239 2334 2504 2845 3421 3771 3474 2875 2518 2343 2248 2173 2112    0
 18  -0.853    0 2097 2161 2239 2334 2504 2846 3424 3769 3476 2876 2518 2343 2248 2173 2112    0
 19  -0.912    0 2097 2161 2239 2334 2504 2847 3428 3767 3479 2877 2518 2343 2248 2173 2112    0
 20  -0.971    0 2093 2156 2234 2329 2498 2836 3398 3680 3450 2866 2512 2338 2243 2169 2108    0
 21  -1.029    0    0    0    0    0    0    0    0    0    0    0    0    0    0    0    0    0




 Section i = 64

    j =      1    4    7   10   13   16   19   22   25   28   31   34   37   40   43   46   49
        d =    1 4500 4500 4500 4500 4500 4500 4500 4500 4500 4500 4500 4500 4500 4500 4499    1
  1  -0.004    0 1834 1901 2003 2098 2157 2187 2202 2209 2209 2199 2173 2118 2025 1913 1841    0
  2  -0.011    0 1865 1930 2030 2120 2175 2200 2208 2209 2203 2187 2155 2096 1998 1884 1810    0
  3  -0.022    0 1865 1930 2030 2120 2175 2200 2208 2209 2203 2187 2155 2096 1998 1884 1810    0
  4  -0.044    0 1865 1930 2030 2120 2175 2200 2208 2209 2203 2187 2155 2096 1998 1884 1810    0
  5  -0.088    0 1865 1930 2030 2120 2175 2200 2208 2209 2203 2187 2155 2096 1998 1884 1810    0
  6  -0.147    0 1865 1930 2030 2120 2175 2200 2208 2209 2203 2187 2155 2096 1998 1884 1810    0
  7  -0.206    0 1865 1930 2030 2120 2175 2200 2208 2209 2203 2187 2155 2096 1999 1884 1810    0
  8  -0.265    0 1865 1930 2030 2120 2175 2200 2208 2209 2203 2187 2155 2096 1999 1884 1810    0
  9  -0.324    0 1865 1930 2030 2120 2175 2200 2208 2209 2203 2187 2155 2096 1999 1884 1810    0
 10  -0.382    0 1865 1930 2030 2120 2175 2200 2208 2209 2203 2187 2155 2096 1999 1884 1810    0
 11  -0.441    0 1865 1930 2030 2120 2175 2200 2208 2209 2203 2187 2155 2096 1999 1884 1810    0
 12  -0.500    0 1865 1930 2030 2120 2175 2200 2208 2209 2203 2187 2155 2096 1999 1884 1810    0
 13  -0.559    0 1865 1930 2030 2120 2175 2200 2208 2209 2203 2187 2155 2096 1999 1884 1810    0
 14  -0.618    0 1865 1930 2030 2120 2175 2200 2208 2209 2203 2187 2155 2096 1999 1884 1810    0
 15  -0.676    0 1865 1930 2030 2120 2175 2200 2208 2209 2203 2187 2155 2096 1999 1884 1810    0
 16  -0.735    0 1865 1930 2030 2120 2175 2200 2208 2209 2203 2187 2155 2096 1999 1884 1810    0
 17  -0.794    0 1865 1930 2030 2120 2174 2200 2208 2209 2203 2187 2155 2096 1999 1884 1810    0
 18  -0.853    0 1865 1930 2030 2120 2174 2200 2208 2209 2203 2187 2155 2096 1999 1884 1810    0
 19  -0.912    0 1865 1930 2030 2120 2174 2200 2208 2209 2203 2187 2155 2096 1999 1884 1810    0
 20  -0.971    0 1861 1927 2026 2116 2171 2196 2205 2205 2199 2183 2151 2092 1995 1880 1806    0
 21  -1.029    0    0    0    0    0    0    0    0    0    0    0    0    0    0    0    0    0



 y-velocity, v                           

 Time =    0.0125 days    multiply all values by 1.00E-05

 Section i =  1

    j =      1    4    7   10   13   16   19   22   25   28   31   34   37   40   43   46   49
        d =    1 4501 4500 4500 4500 4500 4500 4500 4500 4500 4500 4500 4500 4500 4500 4500    1
  1  -0.004    0    0    0    0    0    0    0    0    0    0    0    0    0    0    0    0    0
  2  -0.011    0    0    0    0    0    0    0    0    0    0    0    0    0    0    0    0    0
  3  -0.022    0    0    0    0    0    0    0    0    0    0    0    0    0    0    0    0    0
  4  -0.044    0    0    0    0    0    0    0    0    0    0    0    0    0    0    0    0    0
  5  -0.088    0    0    0    0    0    0    0    0    0    0    0    0    0    0    0    0    0
  6  -0.147    0    0    0    0    0    0    0    0    0    0    0    0    0    0    0    0    0
  7  -0.206    0    0    0    0    0    0    0    0    0    0    0    0    0    0    0    0    0
  8  -0.265    0    0    0    0    0    0    0    0    0    0    0    0    0    0    0    0    0
  9  -0.324    0    0    0    0    0    0    0    0    0    0    0    0    0    0    0    0    0
 10  -0.382    0    0    0    0    0    0    0    0    0    0    0    0    0    0    0    0    0
 11  -0.441    0    0    0    0    0    0    0    0    0    0    0    0    0    0    0    0    0
 12  -0.500    0    0    0    0    0    0    0    0    0    0    0    0    0    0    0    0    0
 13  -0.559    0    0    0    0    0    0    0    0    0    0    0    0    0    0    0    0    0
 14  -0.618    0    0    0    0    0    0    0    0    0    0    0    0    0    0    0    0    0
 15  -0.676    0    0    0    0    0    0    0    0    0    0    0    0    0    0    0    0    0
 16  -0.735    0    0    0    0    0    0    0    0    0    0    0    0    0    0    0    0    0
 17  -0.794    0    0    0    0    0    0    0    0    0    0    0    0    0    0    0    0    0
 18  -0.853    0    0    0    0    0    0    0    0    0    0    0    0    0    0    0    0    0
 19  -0.912    0    0    0    0    0    0    0    0    0    0    0    0    0    0    0    0    0
 20  -0.971    0    0    0    0    0    0    0    0    0    0    0    0    0    0    0    0    0
 21  -1.029    0    0    0    0    0    0    0    0    0    0    0    0    0    0    0    0    0




 Section i = 32

    j =      1    4    7   10   13   16   19   22   25   28   31   34   37   40   43   46   49
        d =    1 4500 4500 4498 4453 4107 2999 1374  552 1373 2999 4106 4452 4498 4500 4500    1
  1  -0.004    0 -173 -384 -449 -558-1003-2125-4796-5148 2083 1320  559  155  -34 -105  -56    0
  2  -0.011    0 -186 -396 -460 -568-1011-2133-4805-5151 2090 1327  566  164  -23  -93  -44    0
  3  -0.022    0 -186 -396 -460 -568-1011-2133-4805-5151 2091 1328  566  164  -23  -93  -44    0
  4  -0.044    0 -186 -396 -460 -568-1011-2134-4808-5153 2095 1330  567  164  -23  -93  -44    0
  5  -0.088    0 -186 -396 -460 -568-1012-2137-4817-5159 2107 1336  569  165  -23  -93  -44    0
  6  -0.147    0 -186 -396 -460 -568-1014-2143-4836-5172 2133 1349  573  165  -23  -93  -44    0
  7  -0.206    0 -186 -396 -460 -568-1015-2151-4861-5191 2170 1364  577  166  -23  -93  -43    0
  8  -0.265    0 -186 -396 -460 -568-1017-2158-4890-5215 2213 1381  582  167  -23  -93  -43    0
  9  -0.324    0 -186 -396 -460 -568-1018-2165-4922-5243 2263 1398  586  168  -24  -93  -44    0
 10  -0.382    0 -186 -396 -460 -568-1019-2172-4956-5275 2317 1415  590  169  -24  -93  -43    0
 11  -0.441    0 -186 -396 -460 -568-1020-2179-4991-5310 2375 1431  593  169  -24  -93  -43    0
 12  -0.500    0 -186 -396 -461 -568-1021-2185-5027-5348 2435 1446  596  170  -24  -93  -43    0
 13  -0.559    0 -186 -396 -460 -568-1022-2190-5062-5388 2497 1461  599  171  -24  -93  -43    0
 14  -0.618    0 -186 -396 -460 -568-1023-2195-5097-5430 2560 1474  602  172  -24  -93  -43    0
 15  -0.676    0 -186 -396 -460 -568-1023-2200-5131-5474 2623 1487  604  172  -24  -93  -43    0
 16  -0.735    0 -186 -396 -460 -568-1024-2204-5164-5520 2687 1498  606  172  -24  -93  -43    0
 17  -0.794    0 -186 -396 -460 -569-1024-2207-5196-5567 2750 1509  607  173  -24  -93  -43    0
 18  -0.853    0 -186 -396 -460 -569-1024-2210-5227-5615 2813 1518  609  173  -24  -93  -43    0
 19  -0.912    0 -186 -396 -460 -569-1024-2213-5256-5664 2875 1527  610  173  -24  -93  -43    0
 20  -0.971    0 -184 -393 -457 -565-1018-2201-5221-5445 2915 1533  613  175  -22  -91  -42    0
 21  -1.029    0    0    0    0    0    0    0    0    0    0    0    0    0    0    0    0    0




 Section i = 64

    j =      1    4    7   10   13   16   19   22   25   28   31   34   37   40   43   46   49
        d =    1 4500 4500 4500 4500 4500 4500 4500 4500 4500 4500 4500 4500 4500 4500 4499    1
  1  -0.004    0 -279 -541 -524 -401 -329 -307 -301 -303 -294 -288 -287 -256 -131   61  126    0
  2  -0.011    0 -290 -553 -535 -410 -336 -312 -303 -303 -292 -283 -281 -247 -121   72  138    0
  3  -0.022    0 -290 -553 -535 -410 -336 -312 -303 -303 -292 -283 -281 -247 -121   72  138    0
  4  -0.044    0 -290 -553 -535 -410 -336 -312 -303 -303 -292 -283 -281 -247 -121   72  138    0
  5  -0.088    0 -290 -553 -535 -410 -336 -312 -303 -303 -292 -283 -281 -247 -121   72  138    0
  6  -0.147    0 -290 -553 -535 -410 -336 -313 -303 -303 -292 -283 -281 -247 -120   72  138    0
  7  -0.206    0 -290 -553 -535 -410 -336 -313 -304 -303 -292 -283 -281 -247 -120   72  138    0
  8  -0.265    0 -290 -553 -535 -410 -336 -313 -304 -303 -292 -283 -281 -248 -120   73  138    0
  9  -0.324    0 -290 -553 -535 -411 -336 -313 -304 -302 -292 -283 -282 -248 -120   73  138    0
 10  -0.382    0 -290 -553 -535 -411 -336 -313 -304 -302 -292 -283 -282 -248 -120   73  138    0
 11  -0.441    0 -290 -553 -535 -411 -336 -313 -304 -302 -292 -284 -282 -248 -120   73  138    0
 12  -0.500    0 -290 -553 -535 -411 -336 -313 -304 -302 -292 -284 -282 -248 -120   73  138    0
 13  -0.559    0 -290 -553 -535 -411 -336 -313 -304 -302 -292 -284 -282 -248 -120   73  138    0
 14  -0.618    0 -290 -553 -535 -411 -336 -313 -304 -302 -292 -284 -282 -248 -120   73  138    0
 15  -0.676    0 -290 -553 -535 -411 -336 -313 -304 -301 -292 -284 -283 -248 -119   73  138    0
 16  -0.735    0 -290 -553 -535 -411 -336 -313 -304 -301 -292 -284 -283 -248 -119   73  138    0
 17  -0.794    0 -290 -553 -535 -412 -336 -313 -304 -301 -292 -284 -283 -249 -119   73  138    0
 18  -0.853    0 -290 -553 -535 -412 -337 -313 -304 -301 -292 -284 -283 -249 -119   73  138    0
 19  -0.912    0 -290 -553 -535 -412 -337 -313 -304 -300 -292 -284 -283 -249 -119   73  138    0
 20  -0.971    0 -289 -551 -533 -410 -335 -311 -302 -298 -290 -282 -281 -246 -116   75  140    0
 21  -1.029    0    0    0    0    0    0    0    0    0    0    0    0    0    0    0    0    0



 z-velocity, w                           

 Time =    0.0125 days    multiply all values by 1.00E-07

 Section i =  1

    j =      1    4    7   10   13   16   19   22   25   28   31   34   37   40   43   46   49
        d =    1 4501 4500 4500 4500 4500 4500 4500 4500 4500 4500 4500 4500 4500 4500 4500    1
  1  -0.004    0    0    0    0    0    0    0    0    0    0    0    0    0    0    0    0    0
  2  -0.011    0    0    0    0    0    0    0    0    0    0    0    0    0    0    0    0    0
  3  -0.022    0    0    0    0    0    0    0    0    0    0    0    0    0    0    0    0    0
  4  -0.044    0    0    0    0    0    0    0    0    0    0    0    0    0    0    0    0    0
  5  -0.088    0    0    0    0    0    0    0    0    0    0    0    0    0    0    0    0    0
  6  -0.147    0    0    0    0    0    0    0    0    0    0    0    0    0    0    0    0    0
  7  -0.206    0    0    0    0    0    0    0    0    0    0    0    0    0    0    0    0    0
  8  -0.265    0    0    0    0    0    0    0    0    0    0    0    0    0    0    0    0    0
  9  -0.324    0    0    0    0    0    0    0    0    0    0    0    0    0    0    0    0    0
 10  -0.382    0    0    0    0    0    0    0    0    0    0    0    0    0    0    0    0    0
 11  -0.441    0    0    0    0    0    0    0    0    0    0    0    0    0    0    0    0    0
 12  -0.500    0    0    0    0    0    0    0    0    0    0    0    0    0    0    0    0    0
 13  -0.559    0    0    0    0    0    0    0    0    0    0    0    0    0    0    0    0    0
 14  -0.618    0    0    0    0    0    0    0    0    0    0    0    0    0    0    0    0    0
 15  -0.676    0    0    0    0    0    0    0    0    0    0    0    0    0    0    0    0    0
 16  -0.735    0    0    0    0    0    0    0    0    0    0    0    0    0    0    0    0    0
 17  -0.794    0    0    0    0    0    0    0    0    0    0    0    0    0    0    0    0    0
 18  -0.853    0    0    0    0    0    0    0    0    0    0    0    0    0    0    0    0    0
 19  -0.912    0    0    0    0    0    0    0    0    0    0    0    0    0    0    0    0    0
 20  -0.971    0    0    0    0    0    0    0    0    0    0    0    0    0    0    0    0    0
 21  -1.029    0    0    0    0    0    0    0    0    0    0    0    0    0    0    0    0    0




 Section i = 32

    j =      1    4    7   10   13   16   19   22   25   28   31   34   37   40   43   46   49
        d =    1 4500 4500 4498 4453 4107 2999 1374  552 1373 2999 4106 4452 4498 4500 4500    1
  1  -0.004    0    0    0    0    0    0    0    0    0    0    0    0    0    0    0    0    0
  2  -0.011    0   -2   -2   -1    1   -2   -1  -26  -75  -34   -1    2    2   -2    0   -1    0
  3  -0.022    0   -4   -3   -2    2   -3   -1  -51 -150  -67   -1    4    4   -4    0   -3    0
  4  -0.044    0   -7   -6   -3    4   -6   -2 -101 -299 -134   -1    9    8   -8    0   -5    0
  5  -0.088    0  -13  -11   -4    8  -12   -2 -199 -594 -266   -2   17   17  -15    0  -10    0
  6  -0.147    0  -25  -21   -8   14  -23   -1 -386-1169 -517    0   34   33  -28    0  -18    0
  7  -0.206    0  -35  -28  -12   22  -33    3 -551-1708 -740    8   49   48  -39    1  -25    0
  8  -0.265    0  -44  -33  -18   29  -41   10 -690-2194 -928   20   62   63  -49    2  -32    0
  9  -0.324    0  -53  -35  -23   36  -49   18 -799-2615-1077   33   71   78  -57    4  -38    0
 10  -0.382    0  -60  -37  -30   42  -53   26 -875-2959-1185   48   80   91  -63    5  -43    0
 11  -0.441    0  -65  -38  -35   46  -53   34 -920-3215-1250   61   87  100  -68    6  -46    0
 12  -0.500    0  -68  -40  -36   48  -51   42 -932-3375-1272   74   92  106  -69    6  -47    0
 13  -0.559    0  -68  -40  -34   48  -46   47 -914-3430-1252   84   95  108  -67    6  -47    0
 14  -0.618    0  -66  -39  -31   43  -38   51 -868-3374-1193   91   94  106  -63    5  -44    0
 15  -0.676    0  -61  -36  -28   35  -32   53 -794-3200-1097   95   87   99  -58    4  -40    0
 16  -0.735    0  -54  -32  -23   27  -29   52 -697-2904 -967   97   77   89  -51    2  -35    0
 17  -0.794    0  -46  -29  -16   18  -25   49 -579-2481 -805   91   66   76  -42    0  -29    0
 18  -0.853    0  -36  -25  -10   10  -20   43 -441-1928 -614   80   52   61  -31   -2  -21    0
 19  -0.912    0  -25  -20   -6    6  -12   34 -287-1240 -397   62   36   44  -21   -3  -14    0
 20  -0.971    0  -13  -11   -3    3   -3   22 -119 -417 -157   42   22   24  -10   -1   -6    0
 21  -1.029    0    0    0   -1    0    0    0    0    0    0    0    0    0    0    1    0    0




 Section i = 64

    j =      1    4    7   10   13   16   19   22   25   28   31   34   37   40   43   46   49
        d =    1 4500 4500 4500 4500 4500 4500 4500 4500 4500 4500 4500 4500 4500 4500 4499    1
  1  -0.004    0    0    0    0    0    0    0    0    0    0    0    0    0    0    0    0    0
  2  -0.011    0    7    6    5    4    4    4   -1   -1   -1   -3   -6   -6   -5   -6   -7    0
  3  -0.022    0    7    6    5    3    5    6   -2   -1    1   -2   -8   -7   -4   -6   -8    0
  4  -0.044    0    7    6    5    3    6    9   -6   -1    3   -1  -11   -8   -2   -7   -9    0
  5  -0.088    0    6    6    5    1    9   16  -12   -1    7    0  -18  -11    2   -7  -10    0
  6  -0.147    0    6    7    5   -3   14   27  -23   -2   13    2  -30  -17    8   -7  -13    0
  7  -0.206    0    5    7    4   -7   18   37  -32   -3   20    4  -40  -21   14   -8  -16    0
  8  -0.265    0    4    8    3  -10   22   46  -40   -5   26    6  -49  -25   19   -8  -17    0
  9  -0.324    0    4    8    2  -13   26   52  -48   -8   31    8  -57  -28   23   -8  -19    0
 10  -0.382    0    3    9    1  -15   28   58  -54  -11   36   10  -64  -30   27   -8  -21    0
 11  -0.441    0    3    9    0  -16   30   61  -58  -13   38   11  -69  -32   29   -8  -21    0
 12  -0.500    0    2    9   -1  -17   31   63  -60  -15   40   12  -72  -33   31   -8  -21    0
 13  -0.559    0    1    8   -2  -17   31   63  -61  -16   40   12  -72  -33   33   -8  -21    0
 14  -0.618    0    1    7   -3  -17   29   60  -58  -17   39   12  -69  -33   32   -8  -19    0
 15  -0.676    0    0    6   -5  -16   26   56  -54  -17   36   11  -64  -31   31   -7  -17    0
 16  -0.735    0    0    5   -6  -15   23   50  -49  -17   31    9  -58  -29   28   -7  -15    0
 17  -0.794    0   -1    3   -6  -14   19   42  -43  -16   26    7  -50  -25   24   -7  -12    0
 18  -0.853    0   -1    2   -6  -12   14   33  -35  -15   20    5  -40  -22   19   -6   -9    0
 19  -0.912    0   -1    0   -6  -10    8   22  -27  -13   13    2  -30  -17   14   -5   -6    0
 20  -0.971    0   -1   -1   -5   -8    1    9  -18  -10    4   -2  -18  -11    6   -4   -4    0
 21  -1.029    0    1    1    1    1    1    1    1    1    1    1    1    1    1    1    1    0



 Potential temperature, t                

 Time =    0.0125 days    multiply all values by 1.00E-02

 Section i =  1

    j =      1    4    7   10   13   16   19   22   25   28   31   34   37   40   43   46   49
        d =    1 4501 4500 4500 4500 4500 4500 4500 4500 4500 4500 4500 4500 4500 4500 4500    1
  1  -0.004    0 1975 1975 1975 1975 1975 1975 1975 1975 1975 1975 1975 1975 1975 1975 1975    0
  2  -0.011    0 1927 1927 1927 1927 1927 1927 1927 1927 1927 1927 1927 1927 1927 1927 1927    0
  3  -0.022    0 1858 1858 1858 1858 1858 1858 1858 1858 1858 1858 1858 1858 1858 1858 1858    0
  4  -0.044    0 1730 1730 1730 1730 1730 1730 1730 1730 1730 1730 1730 1730 1730 1730 1730    0
  5  -0.088    0 1508 1508 1508 1508 1508 1508 1508 1508 1508 1508 1508 1508 1508 1508 1508    0
  6  -0.147    0 1274 1274 1274 1274 1274 1274 1274 1274 1274 1274 1274 1274 1274 1274 1274    0
  7  -0.206    0 1094 1094 1094 1094 1094 1094 1094 1094 1094 1094 1094 1094 1094 1094 1094    0
  8  -0.265    0  956  956  956  956  956  956  956  956  956  956  956  956  956  956  956    0
  9  -0.324    0  850  850  850  850  850  850  850  850  850  850  850  850  850  850  850    0
 10  -0.382    0  768  768  768  768  768  768  768  768  768  768  768  768  768  768  768    0
 11  -0.441    0  706  706  706  706  706  706  706  706  706  706  706  706  706  706  706    0
 12  -0.500    0  658  658  658  658  658  658  658  658  658  658  658  658  658  658  658    0
 13  -0.559    0  621  621  621  621  621  621  621  621  621  621  621  621  621  621  621    0
 14  -0.618    0  593  593  593  593  593  593  593  593  593  593  593  593  593  593  593    0
 15  -0.676    0  571  571  571  571  571  571  571  571  571  571  571  571  571  571  571    0
 16  -0.735    0  555  555  555  555  555  555  555  555  555  555  555  555  555  555  555    0
 17  -0.794    0  542  542  542  542  542  542  542  542  542  542  542  542  542  542  542    0
 18  -0.853    0  532  532  532  532  532  532  532  532  532  532  532  532  532  532  532    0
 19  -0.912    0  525  525  525  525  525  525  525  525  525  525  525  525  525  525  525    0
 20  -0.971    0  519  519  519  519  519  519  519  519  519  519  519  519  519  519  519    0
 21  -1.029    0    0    0    0    0    0    0    0    0    0    0    0    0    0    0    0    0




 Section i = 32

    j =      1    4    7   10   13   16   19   22   25   28   31   34   37   40   43   46   49
        d =    1 4500 4500 4498 4453 4107 2999 1374  552 1373 2999 4106 4452 4498 4500 4500    1
  1  -0.004    0 1975 1975 1975 1976 1977 1983 1992 1997 1992 1983 1977 1976 1975 1975 1975    0
  2  -0.011    0 1927 1927 1927 1928 1934 1951 1977 1990 1977 1951 1934 1928 1927 1927 1927    0
  3  -0.022    0 1858 1858 1858 1860 1870 1904 1955 1981 1955 1904 1870 1860 1858 1858 1858    0
  4  -0.044    0 1730 1730 1730 1732 1751 1814 1911 1962 1911 1814 1751 1732 1730 1730 1730    0
  5  -0.088    0 1508 1508 1509 1513 1544 1651 1828 1926 1827 1651 1544 1513 1509 1508 1508    0
  6  -0.147    0 1274 1274 1274 1279 1320 1465 1724 1878 1723 1464 1320 1279 1274 1274 1274    0
  7  -0.206    0 1094 1094 1094 1100 1144 1309 1629 1832 1628 1308 1144 1100 1094 1094 1094    0
  8  -0.265    0  956  956  956  962 1006 1178 1541 1788 1539 1177 1006  962  956  956  956    0
  9  -0.324    0  850  850  850  855  897 1068 1459 1745 1458 1068  897  855  850  850  850    0
 10  -0.382    0  768  768  769  773  812  976 1384 1704 1383  976  812  773  769  768  768    0
 11  -0.441    0  706  706  706  710  745  899 1315 1664 1314  899  745  710  706  706  706    0
 12  -0.500    0  658  658  658  662  692  834 1252 1625 1250  834  692  662  658  658  658    0
 13  -0.559    0  621  621  621  625  651  780 1193 1587 1192  780  651  625  621  621  621    0
 14  -0.618    0  593  593  593  596  619  735 1139 1551 1137  735  619  596  593  593  593    0
 15  -0.676    0  571  571  572  574  593  697 1089 1516 1088  697  593  574  572  571  571    0
 16  -0.735    0  555  555  555  557  573  665 1043 1483 1042  665  573  557  555  555  555    0
 17  -0.794    0  542  542  542  544  558  638 1001 1450  999  638  557  544  542  542  542    0
 18  -0.853    0  532  532  532  534  545  616  962 1418  960  616  545  534  532  532  532    0
 19  -0.912    0  525  525  525  526  535  597  926 1388  924  597  535  526  525  525  525    0
 20  -0.971    0  519  519  519  520  528  581  893 1359  891  581  528  520  519  519  519    0
 21  -1.029    0    0    0    0    0    0    0    0    0    0    0    0    0    0    0    0    0




 Section i = 64

    j =      1    4    7   10   13   16   19   22   25   28   31   34   37   40   43   46   49
        d =    1 4500 4500 4500 4500 4500 4500 4500 4500 4500 4500 4500 4500 4500 4500 4499    1
  1  -0.004    0 1975 1975 1975 1975 1975 1975 1975 1975 1975 1975 1975 1975 1975 1975 1975    0
  2  -0.011    0 1927 1927 1927 1927 1927 1927 1927 1927 1927 1927 1927 1927 1927 1927 1927    0
  3  -0.022    0 1858 1858 1858 1858 1858 1858 1858 1858 1858 1858 1858 1858 1858 1858 1858    0
  4  -0.044    0 1730 1730 1730 1730 1730 1730 1730 1730 1730 1730 1730 1730 1730 1730 1730    0
  5  -0.088    0 1508 1508 1508 1508 1508 1508 1508 1508 1508 1508 1508 1508 1508 1508 1508    0
  6  -0.147    0 1274 1274 1274 1274 1274 1274 1274 1274 1274 1274 1274 1274 1274 1274 1274    0
  7  -0.206    0 1094 1094 1094 1094 1094 1094 1094 1094 1094 1094 1094 1094 1094 1094 1094    0
  8  -0.265    0  956  956  956  956  956  956  956  956  956  956  956  956  956  956  956    0
  9  -0.324    0  850  850  850  850  850  850  850  850  850  850  850  850  850  850  850    0
 10  -0.382    0  768  768  768  768  768  768  768  768  768  768  768  768  768  768  768    0
 11  -0.441    0  706  706  706  706  706  706  706  706  706  706  706  706  706  706  706    0
 12  -0.500    0  658  658  658  658  658  658  658  658  658  658  658  658  658  658  658    0
 13  -0.559    0  621  621  621  621  621  621  621  621  621  621  621  621  621  621  621    0
 14  -0.618    0  593  593  593  593  593  593  593  593  593  593  593  593  593  593  593    0
 15  -0.676    0  571  571  571  571  571  571  571  571  571  571  571  571  571  571  571    0
 16  -0.735    0  555  555  555  555  555  555  555  555  555  555  555  555  555  555  555    0
 17  -0.794    0  542  542  542  542  542  542  542  542  542  542  542  542  542  542  542    0
 18  -0.853    0  532  532  532  532  532  532  532  532  532  532  532  532  532  532  532    0
 19  -0.912    0  525  525  525  525  525  525  525  525  525  525  525  525  525  525  525    0
 20  -0.971    0  519  519  519  519  519  519  519  519  519  519  519  519  519  519  519    0
 21  -1.029    0    0    0    0    0    0    0    0    0    0    0    0    0    0    0    0    0



vtot =    0.3932879E+15   atot =    0.8916713E+11  eaver =  -0.7581447E-02
taver =   0.8340313E+01   saver =   0.3500068E+02  tsalt =   0.1376535E+17

*****************************************************************************************************************************

 time =   0.0250, iint =      12, iext =      31, iprint =       6


 Depth-averaged u, uab                   

 Time =    0.0250 days    multiply all values by 1.00E-04

      1    5    9   13   17   21   25   29   33   37   41   45   49   53   57   61   65
  49    0    0    0    0    0    0    0    0    0    0    0    0    0    0    0    0    0
  46    0 1997 2004 2030 2067 2097 2118 2129 2128 2124 2115 2098 2078 2062 2040 2039 2037
  43    0 1976 1992 2023 2063 2100 2128 2149 2156 2145 2122 2096 2073 2054 2030 2020 2014
  40    0 1967 1986 2011 2046 2092 2140 2189 2212 2186 2131 2084 2053 2035 2019 2006 1999
  37    0 1973 1981 1993 2016 2063 2141 2254 2321 2257 2131 2049 2017 2009 2006 2002 1999
  34    0 1981 1974 1972 1977 2005 2106 2347 2545 2375 2093 1980 1968 1981 1990 2000 2005
  31    0 1987 1968 1953 1934 1917 1992 2414 2985 2525 1977 1876 1916 1956 1978 1996 2007
  28    0 1990 1967 1942 1899 1824 1803 2265 3758 2518 1784 1777 1877 1939 1970 1992 2006
  25    0 1993 1969 1939 1885 1777 1681 1991 4462 2248 1688 1746 1866 1932 1965 1988 2003
  22    0 1997 1973 1946 1896 1804 1757 2212 3742 2563 1845 1807 1887 1938 1964 1985 1999
  19    0 2000 1981 1962 1928 1885 1925 2338 2968 2588 2053 1918 1931 1953 1968 1983 1992
  16    0 2002 1993 1983 1971 1974 2050 2293 2539 2423 2152 2016 1982 1974 1976 1980 1979
  13    0 2003 2005 2007 2013 2039 2107 2227 2322 2287 2167 2073 2024 1995 1985 1974 1966
  10    0 2008 2016 2029 2046 2076 2122 2178 2217 2204 2152 2098 2054 2015 1992 1971 1962
   7    0 2023 2027 2044 2067 2092 2121 2147 2163 2158 2134 2105 2071 2032 1999 1978 1968
   4    0 2042 2038 2052 2076 2096 2117 2132 2135 2134 2126 2106 2078 2043 2007 1993 1981
   1    0    0    0    0    0    0    0    0    0    0    0    0    0    0    0    0    0



 Depth-averaged v, vab                   

 Time =    0.0250 days    multiply all values by 1.00E-04

      1    5    9   13   17   21   25   29   33   37   41   45   49   53   57   61   65
  49    0    0    0    0    0    0    0    0    0    0    0    0    0    0    0    0    0
  46    0    9   28   36   38   33   27   17    2  -13  -20  -20  -20  -17   -9   11    0
  43    0   19   35   45   59   65   59   36    1  -32  -49  -48  -35  -17   -3   16    0
  40    0   23   25   42   70   98  103   68   -5  -73  -98  -80  -45  -11   12   23    0
  37    0   25   25   50   91  147  184  136  -23 -168 -187 -129  -64  -15   15   27    0
  34    0   32   34   59  110  199  304  272  -59 -348 -308 -169  -72  -17   14   28    0
  31    0   39   39   57  103  209  386  463 -149 -627 -381 -160  -56   -8   16   29    0
  28    0   41   36   42   67  138  275  436 -470 -785 -266  -77  -18    7   21   32    0
  25    0   39   30   22   15    6  -61 -405-1039  -58   70   57   33   25   27   35    0
  22    0   35   23    3  -33 -116 -336 -784 -316  514  345  172   81   44   33   36    0
  19    0   32   17  -13  -65 -172 -371 -527 -114  398  371  211  105   55   33   32    0
  16    0   28   13  -19  -72 -160 -269 -282  -51  217  262  181  101   52   28   28    0
  13    0   24   12  -16  -59 -113 -155 -134  -22  105  152  127   80   43   23   24    0
  10    0   23    7  -12  -41  -67  -78  -58   -5   54   87   85   63   38   22   14    0
   7    0   19    0  -13  -27  -36  -37  -24    1   30   48   52   45   31   19    4    0
   4    0   10   -2   -8  -10  -11  -10   -7    2   12   18   18   17   15    9   -2    0
   1    0    0    0    0    0    0    0    0    0    0    0    0    0    0    0    0    0



 Surface elevation, elb                  

 Time =    0.0250 days    multiply all values by 1.00E-04

      1    5    9   13   17   21   25   29   33   37   41   45   49   53   57   61   65
  49    0    0    0    0    0    0    0    0    0    0    0    0    0    0    0    0    0
  46-2007-2266-2436-2795-2861-2588-2116-1627-1322-1087 -688 -153  150   53 -394 -875-1440
  43-1137 -853 -666 -907-1177-1276-1284-1097 -835 -586 -383 -365 -524 -966-1331-1496-1556
  40 -547  -77  252  220    4 -294 -506 -457 -314 -214 -190 -459 -932-1455-1697-1751-1539
  37 -428 -207  151  381  410  150   22  103   75  -97 -215 -500 -998-1374-1259-1184-1185
  34 -484 -374  -33  222  320  221  315  452  211 -259 -449 -543 -785 -945 -711 -594 -750
  31 -451 -273  -14   63  158  294  579  774  269 -541 -704 -589 -487 -439 -360 -329 -421
  28 -310 -137   37  -89   10  354  781 1116  288 -891 -902 -666 -344 -158 -240 -227 -205
  25 -137  -34   85  -80    3  355  751 1138  459-1203 -992 -681 -285  -48 -175 -110  -22
  22   51   27  100   50  102  290  520  619 -186-1123 -897 -600 -313 -128 -136   39  150
  19  294  116  206  318  314  232  251  159 -413 -846 -664 -463 -396 -317 -122  187  248
  16  625  435  565  765  633  253   22 -133 -404 -555 -389 -323 -459 -460 -184  170  240
  13  991 1023 1129 1160  820  305  -67 -197 -221 -177  -55 -171 -456 -588 -479 -136  237
  10 1261 1490 1522 1285  803  345   36  -13  123  303  413  232  -42 -348 -533 -221  451
   7 1313 1235 1132  801  363  154  153  310  538  776 1011 1104 1075  856  535  676  984
   4 1285  702  258 -203 -399 -156  360  837 1091 1287 1703 2276 2713 2810 2352 2075 1723
   1    0    0    0    0    0    0    0    0    0    0    0    0    0    0    0    0    0



 Streamfunction, psi from u              

 Time =    0.0250 days    multiply all values by 1.00E+05

      1    5    9   13   17   21   25   29   33   37   41   45   49   53   57   61   65
  49    0 2262 2259 2265 2273 2275 2269 2259 2256 2257 2264 2272 2274 2270 2261 2260 2259
  46    0 2060 2057 2060 2064 2064 2055 2045 2041 2043 2050 2060 2065 2062 2055 2054 2053
  43    0 1879 1875 1876 1877 1873 1862 1850 1846 1849 1857 1870 1876 1874 1870 1869 1869
  40    0 1719 1713 1712 1709 1702 1688 1673 1668 1672 1684 1699 1708 1708 1705 1705 1705
  37    0 1575 1568 1566 1561 1551 1532 1510 1502 1509 1528 1549 1559 1561 1558 1559 1559
  34    0 1445 1438 1435 1430 1417 1393 1363 1349 1362 1391 1417 1429 1429 1427 1427 1428
  31    0 1325 1319 1317 1313 1300 1274 1239 1220 1239 1276 1302 1312 1311 1308 1307 1307
  28    0 1213 1209 1208 1205 1197 1178 1153 1140 1157 1185 1202 1206 1202 1197 1195 1194
  25    0 1105 1102 1102 1103 1100 1097 1098 1106 1110 1111 1109 1105 1097 1090 1087 1085
  22    0  996  995  997 1000 1004 1014 1037 1060 1054 1032 1014 1003  992  983  979  976
  19    0  884  883  887  892  900  916  943  964  957  931  910  895  882  873  867  864
  16    0  763  764  768  774  783  798  816  829  825  808  790  777  764  754  748  745
  13    0  632  632  636  643  650  660  671  677  675  666  655  644  633  623  618  615
  10    0  485  485  489  494  499  506  511  513  512  508  502  495  486  478  474  472
   7    0  321  320  322  326  329  333  335  336  335  334  331  326  321  315  313  311
   4    0  135  135  136  137  138  140  141  141  141  140  139  137  135  133  132  132
   1    0    0    0    0    0    0    0    0    0    0    0    0    0    0    0    0    0



 Streamfunction, psi from v              

 Time =    0.0250 days    multiply all values by 1.00E+05

      1    5    9   13   17   21   25   29   33   37   41   45   49   53   57   61   65
  49    0 2260 2260 2260 2260 2260 2260 2260 2260 2260 2260 2260 2260 2260 2260 2260 2260
  46    0 2059 2057 2054 2050 2047 2044 2042 2042 2042 2043 2045 2047 2048 2050 2050 2047
  43    0 1878 1875 1871 1866 1861 1855 1852 1850 1851 1854 1858 1862 1864 1865 1865 1861
  40    0 1717 1714 1710 1705 1698 1690 1683 1680 1682 1689 1696 1702 1705 1705 1703 1700
  37    0 1572 1569 1566 1560 1550 1537 1523 1518 1524 1537 1551 1560 1564 1564 1562 1558
  34    0 1441 1438 1433 1426 1413 1394 1372 1361 1373 1398 1418 1430 1434 1435 1432 1429
  31    0 1321 1317 1312 1305 1293 1272 1243 1228 1248 1281 1303 1313 1316 1316 1313 1309
  28    0 1209 1204 1200 1195 1187 1173 1155 1146 1165 1191 1204 1208 1209 1207 1204 1200
  25    0 1100 1096 1093 1091 1090 1091 1098 1110 1116 1115 1110 1106 1103 1100 1097 1091
  22    0  992  988  986  987  992 1006 1034 1060 1055 1031 1010  999  993  989  985  979
  19    0  879  876  875  878  887  905  936  960  953  926  902  887  879  874  870  865
  16    0  759  756  756  760  769  785  806  821  816  798  779  766  758  754  751  746
  13    0  628  625  625  628  635  645  657  664  662  652  640  631  624  621  618  614
  10    0  481  479  479  481  485  491  497  500  498  493  486  479  474  471  468  467
   7    0  317  315  316  318  320  323  326  327  326  323  319  315  311  308  306  307
   4    0  133  133  133  134  135  136  136  137  136  135  134  132  130  129  128  129
   1    0    0    0    0    0    0    0    0    0    0    0    0    0    0    0    0    0



 x-velocity, u                           

 Time =    0.0250 days    multiply all values by 1.00E-04

 Layer k =  1

      1    5    9   13   17   21   25   29   33   37   41   45   49   53   57   61   65
  49    0    0    0    0    0    0    0    0    0    0    0    0    0    0    0    0    0
  46    0 2061 2066 2095 2133 2163 2182 2186 2179 2175 2174 2161 2143 2125 2099 2107 2032
  43    0 2037 2052 2080 2117 2158 2185 2202 2207 2196 2175 2152 2127 2104 2088 2083 2045
  40    0 2015 2040 2060 2089 2142 2191 2239 2264 2237 2179 2134 2100 2079 2073 2058 2053
  37    0 2009 2022 2034 2053 2108 2188 2298 2368 2304 2176 2097 2061 2048 2047 2040 2051
  34    0 2010 2002 2005 2009 2046 2152 2384 2571 2412 2140 2027 2009 2013 2021 2028 2040
  31    0 2007 1991 1978 1957 1955 2054 2456 2949 2548 2042 1925 1947 1981 2003 2019 2026
  28    0 2001 1984 1958 1911 1859 1895 2394 3601 2601 1892 1829 1896 1954 1991 2007 2012
  25    0 1993 1976 1944 1884 1803 1784 2227 4222 2494 1816 1790 1872 1936 1975 1991 2000
  22    0 1985 1964 1937 1884 1815 1823 2304 3511 2593 1917 1829 1880 1927 1956 1972 1991
  19    0 1973 1954 1939 1905 1876 1940 2329 2868 2541 2058 1912 1911 1928 1941 1953 1984
  16    0 1960 1954 1948 1936 1946 2028 2262 2491 2382 2121 1986 1946 1935 1937 1936 1978
  13    0 1952 1962 1963 1964 1996 2064 2182 2279 2243 2120 2029 1975 1945 1941 1925 1970
  10    0 1957 1971 1975 1987 2022 2068 2122 2162 2149 2096 2045 1998 1956 1943 1922 1957
   7    0 1976 1974 1983 2005 2034 2061 2083 2096 2092 2072 2049 2014 1972 1945 1929 1937
   4    0 1991 1979 1990 2019 2039 2059 2065 2062 2063 2064 2051 2025 1988 1951 1936 1917
   1    0    0    0    0    0    0    0    0    0    0    0    0    0    0    0    0    0




 Layer k = 10

      1    5    9   13   17   21   25   29   33   37   41   45   49   53   57   61   65
  49    0    0    0    0    0    0    0    0    0    0    0    0    0    0    0    0    0
  46    0 2000 2004 2033 2071 2101 2120 2124 2117 2113 2112 2099 2081 2063 2037 2045 1977
  43    0 1979 1994 2021 2058 2099 2127 2144 2149 2138 2117 2094 2069 2046 2030 2025 1993
  40    0 1963 1987 2008 2036 2089 2139 2186 2211 2185 2127 2081 2047 2026 2020 2005 2007
  37    0 1964 1977 1989 2009 2063 2142 2254 2325 2260 2130 2052 2016 2003 2003 1995 2011
  34    0 1975 1967 1970 1974 2010 2111 2347 2547 2378 2097 1989 1973 1978 1986 1993 2009
  31    0 1983 1967 1954 1933 1925 2005 2416 2967 2522 1987 1891 1922 1957 1979 1995 2004
  28    0 1988 1972 1946 1898 1835 1828 2295 3670 2527 1809 1796 1882 1942 1979 1995 2001
  25    0 1993 1976 1944 1883 1789 1712 2071 4322 2334 1722 1765 1870 1936 1975 1991 2000
  22    0 1997 1976 1950 1895 1816 1782 2247 3662 2571 1866 1823 1891 1939 1969 1984 2002
  19    0 1997 1978 1963 1929 1895 1940 2347 2957 2582 2059 1927 1934 1952 1965 1977 2005
  16    0 1995 1989 1984 1971 1980 2057 2298 2543 2425 2151 2019 1981 1970 1972 1971 2009
  13    0 1997 2007 2007 2009 2040 2108 2227 2326 2289 2164 2073 2020 1990 1985 1969 2010
  10    0 2010 2023 2027 2039 2074 2120 2174 2214 2201 2148 2098 2050 2008 1995 1975 2003
   7    0 2035 2032 2041 2063 2093 2120 2141 2155 2150 2131 2107 2073 2030 2003 1988 1989
   4    0 2053 2041 2052 2080 2101 2120 2127 2124 2124 2125 2113 2087 2050 2013 1998 1972
   1    0    0    0    0    0    0    0    0    0    0    0    0    0    0    0    0    0




 Layer k = 20

      1    5    9   13   17   21   25   29   33   37   41   45   49   53   57   61   65
  49    0    0    0    0    0    0    0    0    0    0    0    0    0    0    0    0    0
  46    0 1992 1996 2025 2064 2093 2112 2115 2108 2105 2103 2092 2072 2055 2030 2037 1970
  43    0 1972 1986 2013 2050 2091 2118 2135 2140 2130 2108 2086 2060 2038 2022 2017 1987
  40    0 1955 1980 2000 2028 2081 2130 2177 2202 2175 2118 2074 2039 2018 2013 1998 2000
  37    0 1957 1970 1982 2001 2055 2133 2243 2316 2250 2120 2043 2009 1996 1995 1988 2004
  34    0 1967 1959 1962 1966 2001 2097 2336 2546 2369 2083 1980 1966 1971 1978 1986 2002
  31    0 1975 1959 1946 1925 1913 1977 2393 3009 2514 1954 1877 1915 1949 1972 1987 1998
  28    0 1981 1965 1938 1890 1819 1771 2163 3851 2422 1730 1774 1873 1934 1971 1987 1994
  25    0 1986 1969 1937 1876 1771 1635 1770 4305 1922 1610 1739 1862 1928 1968 1983 1993
  22    0 1990 1969 1942 1888 1800 1723 2113 3844 2464 1789 1801 1883 1932 1961 1977 1995
  19    0 1990 1971 1956 1922 1884 1911 2322 2998 2578 2028 1913 1926 1944 1958 1970 1999
  16    0 1987 1981 1976 1964 1971 2044 2286 2542 2417 2138 2009 1973 1963 1965 1964 2002
  13    0 1989 1999 2000 2001 2032 2099 2217 2317 2279 2154 2065 2012 1981 1977 1962 2003
  10    0 2002 2015 2019 2031 2067 2112 2165 2205 2192 2139 2089 2042 2000 1988 1967 1996
   7    0 2027 2025 2034 2055 2085 2111 2133 2145 2141 2122 2098 2065 2022 1995 1980 1982
   4    0 2045 2033 2044 2072 2093 2112 2118 2115 2115 2117 2104 2078 2042 2005 1990 1965
   1    0    0    0    0    0    0    0    0    0    0    0    0    0    0    0    0    0



 y-velocity, v                           

 Time =    0.0250 days    multiply all values by 1.00E-04

 Layer k =  1

      1    5    9   13   17   21   25   29   33   37   41   45   49   53   57   61   65
  49    0    0    0    0    0    0    0    0    0    0    0    0    0    0    0    0    0
  46    0  -19   -2    8   19   21   19   12   -3  -21  -27  -24  -18   -4    8   27    0
  43    0    6   23   33   53   66   61   38   -2  -40  -58  -55  -41  -17   -5   15    0
  40    0   18   31   51   79  105  109   71   -6  -79 -107  -93  -62  -31   -8   13    0
  37    0   29   36   65  103  152  183  131  -24 -165 -190 -141  -85  -44  -11   11    0
  34    0   50   45   67  114  196  282  234  -66 -322 -293 -173  -83  -33   -7    0    0
  31    0   59   44   52   95  195  335  345 -172 -539 -347 -159  -59  -12    0   -4    0
  28    0   46   33   32   56  122  224  254 -525 -635 -241  -81  -24    1    9   13    0
  25    0   24   20   16    9   -1  -65 -374 -999 -137   40   42   23   16   24   42    0
  22    0   10   12    1  -35 -115 -303 -637 -315  331  283  156   74   40   42   61    0
  19    0   11    6  -19  -70 -171 -342 -457 -112  325  334  208  113   67   52   59    0
  16    0   19   -1  -37  -85 -165 -258 -258  -42  206  259  191  119   76   50   44    0
  13    0   21   -3  -33  -71 -119 -155 -129  -14  115  165  143   98   64   42   31    0
  10    0   25    6  -11  -39  -67  -77  -55    3   68  102  100   75   45   28   15    0
   7    0   37   19    9  -12  -27  -32  -22    7   39   57   57   44   21    4  -10    0
   4    0   33   23   16    7    1   -1    1    9   19   21   18   12    1   -9  -14    0
   1    0    0    0    0    0    0    0    0    0    0    0    0    0    0    0    0    0




 Layer k = 10

      1    5    9   13   17   21   25   29   33   37   41   45   49   53   57   61   65
  49    0    0    0    0    0    0    0    0    0    0    0    0    0    0    0    0    0
  46    0  -13    4   14   25   28   25   19    3  -15  -21  -18  -12    2   14   33    0
  43    0   12   28   38   59   71   66   43    4  -34  -52  -49  -35  -11    1   21    0
  40    0   23   36   56   84  110  114   76   -1  -74 -102  -88  -57  -26   -3   18    0
  37    0   33   40   69  107  157  190  140  -19 -165 -188 -137  -81  -39   -6   16    0
  34    0   53   49   71  118  202  300  264  -61 -341 -303 -172  -80  -29   -3    3    0
  31    0   61   47   54   98  203  369  426 -160 -605 -372 -161  -57  -10    2   -2    0
  28    0   47   34   33   58  128  256  366 -502 -736 -263  -83  -22    2   10   14    0
  25    0   24   20   16    9   -1  -67 -398-1028 -100   51   44   22   16   24   42    0
  22    0    8   11    0  -37 -120 -332 -742 -322  445  318  160   73   39   41   60    0
  19    0    9    4  -22  -73 -177 -368 -512 -114  379  358  210  111   64   50   57    0
  16    0   15   -5  -41  -89 -170 -271 -277  -46  219  265  189  115   72   47   40    0
  13    0   17   -7  -37  -76 -124 -161 -136  -18  113  163  138   94   59   37   26    0
  10    0   20    0  -16  -44  -72  -83  -61   -3   63   97   95   70   40   22    9    0
   7    0   32   13    3  -18  -33  -38  -28    1   33   52   52   39   15   -2  -16    0
   4    0   27   17   10    1   -5   -7   -5    3   13   15   11    6   -5  -15  -21    0
   1    0    0    0    0    0    0    0    0    0    0    0    0    0    0    0    0    0




 Layer k = 20

      1    5    9   13   17   21   25   29   33   37   41   45   49   53   57   61   65
  49    0    0    0    0    0    0    0    0    0    0    0    0    0    0    0    0    0
  46    0  -12    5   15   26   28   26   20    3  -14  -20  -17  -10    3   16   34    0
  43    0   12   29   39   59   72   67   44    5  -33  -51  -48  -34  -10    2   22    0
  40    0   24   37   56   85  111  115   77    0  -74 -101  -86  -56  -25   -2   19    0
  37    0   33   41   70  107  158  193  144  -17 -167 -189 -137  -80  -39   -5   16    0
  34    0   54   49   71  118  204  311  287  -57 -358 -311 -172  -79  -28   -2    4    0
  31    0   62   47   54   98  207  397  516 -143 -681 -394 -162  -56   -9    3   -1    0
  28    0   48   34   34   58  132  286  557 -429 -915 -284  -84  -22    3   11   15    0
  25    0   24   20   17   11    0  -67 -439-1036  -21   64   46   23   16   25   43    0
  22    0   10   11    1  -35 -121 -357 -896 -315  629  354  165   73   40   41   61    0
  19    0   10    4  -21  -72 -178 -385 -562 -109  437  382  214  111   65   51   58    0
  16    0   15   -5  -40  -88 -170 -275 -287  -43  233  273  191  115   73   48   41    0
  13    0   17   -6  -36  -74 -123 -161 -136  -17  115  164  139   94   59   38   27    0
  10    0   21    1  -15  -43  -71  -82  -60   -2   63   97   95   70   41   23   10    0
   7    0   33   14    4  -17  -32  -37  -27    1   34   52   52   39   15   -1  -16    0
   4    0   27   18   10    2   -4   -6   -5    4   14   16   12    6   -4  -14  -20    0
   1    0    0    0    0    0    0    0    0    0    0    0    0    0    0    0    0    0



 z-velocity, w                           

 Time =    0.0250 days    multiply all values by 1.00E-06

 Layer k =  2

      1    5    9   13   17   21   25   29   33   37   41   45   49   53   57   61   65
  49    0    0    0    0    0    0    0    0    0    0    0    0    0    0    0    0    0
  46    0    0    0    0    0    0    0    0    0    0    0    0    0    0    0    0    0
  43    0    0    0    0    0    0    0    0    0    0    0    0    0    0    0    0    0
  40    0    0    0    0    0    0    0    0    0    0    0    0    0    0    0    0    0
  37    0    0    0    0    0    0    1    1    0   -1   -1    0    0    0    0    0    0
  34    0    0    0    0   -1    1    3    3    0   -2   -4   -1    0    0    0    0    0
  31    0   -1    0    0    0    2    5   -1    1    2   -5   -4    0    0    0    0    0
  28    0    0    0    0    0    5    3  -23   -3   23   -3   -5   -1   -1    0    0    0
  25    0   -1   -1   -1    0    5    1  -40   -6   42   -2   -5   -1    0    0    0    0
  22    0    0    0    0    0    4    3  -24    0   23   -3   -5   -1    0    0    0    0
  19    0    0   -1    0    0    2    5   -2    0    0   -5   -3    0    0    0    0    0
  16    0    0    0    0    0    1    3    2   -1   -3   -4   -1    0    0    0    0    0
  13    0    0    0    0    0    0    0    1    0   -1   -1   -1    0    0    0    0    0
  10    0    0    0    0    0    0    0    0    0    0    0    0    0    0    0    0    0
   7    0    0    0    0    0    0    0    0    0    0    0    0    0    0    0    0    0
   4    0    0    0    0    0    0    0    0    0    0    0    0    0    0    0    0    0
   1    0    0    0    0    0    0    0    0    0    0    0    0    0    0    0    0    0




 Layer k = 10

      1    5    9   13   17   21   25   29   33   37   41   45   49   53   57   61   65
  49    0    0    0    0    0    0    0    0    0    0    0    0    0    0    0    0    0
  46    0   -8    0    5    0    2  -10   -1    5    4   -5   10   -4    2    3   -4    0
  43    0   -3    0   -4   -2   -2    6  -10    8    3    5    4    3    8    9  -10    0
  40    0   -1   -2    1    2    6    5   12   13   -1    4    7    8   -9    4    3    0
  37    0   -1    4   -9    4   11   37   35    9  -34  -20    4    9    1   -3   -6    0
  34    0    2    2  -12  -17   34  127  108    9  -75  -91  -33   -4    9    5   -4    0
  31    0  -20   -2   -9    9   83  184    4   41   28 -158  -97    2   -1   11   -2    0
  28    0    4    2    0   18  152  138 -736 -111  760 -132 -148  -28  -10    3    1    0
  25    0  -22  -13  -11   21  155  109-1355 -223 1452 -100 -133  -27   -6    4   -1    0
  22    0   -7    2   -8   16  135  118 -762   35  755 -131 -148  -17   -8  -10   -4    0
  19    0    0  -12    0   20   77  172  -13   -8  -36 -164  -72    6    3    3   -6    0
  16    0   -4    2    7   -4   41  122   76   -7 -102  -93  -41   -3   -5    0   -1    0
  13    0   -1    1   13    9   13    2   24   -2  -41  -27  -10   -4  -14   -7   -9    0
  10    0   16   10    6   -2    6    2   10    7    1   -1   -1  -11    9  -14   -4    0
   7    0    5    6   12   -1    1    2   -3    0   -4   -2    6   11    8  -10    3    0
   4    0    1   -4    0   -4    7   -4  -12    8    2   -6   -3    2   -1   -5   -5    0
   1    0    0    0    0    0    0    0    0    0    0    0    0    0    0    0    0    0




 Layer k = 20

      1    5    9   13   17   21   25   29   33   37   41   45   49   53   57   61   65
  49    0    0    0    0    0    0    0    0    0    0    0    0    0    0    0    0    0
  46    0   -2    0    3    0    1   -2    0    2    1   -2    3   -1    1    1   -1    0
  43    0   -1    0   -1   -1    0    2   -1    2    1    1    0    0    2    3   -3    0
  40    0    0   -1    0    2    2    0    4    3    1   -1    1    3   -3    1    1    0
  37    0   -1    2   -2    0    3    6    5   -1   -8   -6    3    2    2    0   -1    0
  34    0    0    0   -3   -6    5   28   23    0  -19  -14   -5   -1    2    1   -1    0
  31    0   -5   -1   -4   -1   16   40   19   11  -13  -30  -14    2   -1    3   -1    0
  28    0    2    1    0    2   26   35 -112  -16  120  -39  -23   -7   -2    3    0    0
  25    0   -7   -4   -4    5   29   42 -252  -37  274  -32  -19   -3   -2    3    1    0
  22    0   -1    0   -2    5   24   29 -122    8  115  -41  -24   -4   -1   -3   -1    0
  19    0    0   -3   -2    3   15   39   17   -3  -26  -29   -8    3    0    0   -2    0
  16    0   -2    0    2   -2    7   30   15   -1  -23  -11   -9   -2   -1    0    1    0
  13    0    0   -1    3    2    2   -4    4    0   -7   -6    1   -2   -5   -2   -2    0
  10    0    5    4    1   -1    2    0    5    2    0   -1    0   -3    2   -4   -1    0
   7    0    2    2    3   -2    1    2   -1    1    1   -1    2    3    2   -3    1    0
   4    0    0   -1    0   -1    2   -2   -3    3    0   -3   -1   -1   -1   -1   -1    0
   1    0    0    0    0    0    0    0    0    0    0    0    0    0    0    0    0    0



 Potential temperature, t                

 Time =    0.0250 days    multiply all values by 1.00E-02

 Layer k =  1

      1    5    9   13   17   21   25   29   33   37   41   45   49   53   57   61   65
  49    0    0    0    0    0    0    0    0    0    0    0    0    0    0    0    0    0
  46 1975 1975 1975 1975 1975 1975 1975 1975 1975 1975 1975 1975 1975 1975 1975 1975 1975
  43 1975 1975 1975 1975 1975 1975 1975 1975 1975 1975 1975 1975 1975 1975 1975 1975 1975
  40 1975 1975 1975 1975 1975 1975 1975 1975 1975 1975 1975 1975 1975 1975 1975 1975 1975
  37 1975 1975 1975 1975 1975 1975 1975 1975 1976 1975 1975 1975 1975 1975 1975 1975 1975
  34 1975 1975 1975 1975 1975 1975 1976 1977 1977 1977 1976 1975 1975 1975 1975 1975 1975
  31 1975 1975 1975 1975 1975 1975 1977 1981 1984 1981 1977 1975 1975 1975 1975 1975 1975
  28 1975 1975 1975 1975 1975 1976 1978 1987 1993 1987 1978 1976 1975 1975 1975 1975 1975
  25 1975 1975 1975 1975 1975 1976 1979 1990 1997 1990 1979 1976 1975 1975 1975 1975 1975
  22 1975 1975 1975 1975 1975 1976 1978 1987 1993 1987 1978 1976 1975 1975 1975 1975 1975
  19 1975 1975 1975 1975 1975 1975 1977 1981 1984 1981 1977 1975 1975 1975 1975 1975 1975
  16 1975 1975 1975 1975 1975 1975 1976 1977 1977 1977 1976 1975 1975 1975 1975 1975 1975
  13 1975 1975 1975 1975 1975 1975 1975 1975 1976 1975 1975 1975 1975 1975 1975 1975 1975
  10 1975 1975 1975 1975 1975 1975 1975 1975 1975 1975 1975 1975 1975 1975 1975 1975 1975
   7 1975 1975 1975 1975 1975 1975 1975 1975 1975 1975 1975 1975 1975 1975 1975 1975 1975
   4 1975 1975 1975 1975 1975 1975 1975 1975 1975 1975 1975 1975 1975 1975 1975 1975 1975
   1    0    0    0    0    0    0    0    0    0    0    0    0    0    0    0    0    0




 Layer k = 10

      1    5    9   13   17   21   25   29   33   37   41   45   49   53   57   61   65
  49    0    0    0    0    0    0    0    0    0    0    0    0    0    0    0    0    0
  46  768  768  768  768  768  768  768  768  768  768  768  768  768  768  768  768  768
  43  768  768  768  768  768  768  768  768  768  768  768  768  768  768  768  768  768
  40  768  768  768  768  768  768  768  769  769  769  768  768  768  768  768  768  768
  37  768  768  768  768  768  769  769  772  773  772  769  769  768  768  768  768  768
  34  768  768  768  768  768  769  776  797  813  798  776  769  768  768  768  768  768
  31  768  768  768  768  768  771  797  893  983  899  799  771  769  768  768  768  768
  28  768  768  768  768  769  774  832 1093 1413 1113  837  774  769  768  768  768  768
  25  768  768  768  768  769  775  851 1230 1760 1263  858  776  769  768  768  768  768
  22  768  768  768  768  769  774  832 1094 1416 1114  837  774  769  768  768  768  768
  19  768  768  768  768  768  771  797  893  984  899  800  771  769  768  768  768  768
  16  768  768  768  768  768  769  776  797  813  798  776  769  768  768  768  768  768
  13  768  768  768  768  768  769  769  772  773  772  769  769  768  768  768  768  768
  10  768  768  768  768  768  768  768  769  769  769  768  768  768  768  768  768  768
   7  768  768  768  768  768  768  768  768  768  768  768  768  768  768  768  768  768
   4  768  768  768  768  768  768  768  768  768  768  768  768  768  768  768  768  768
   1    0    0    0    0    0    0    0    0    0    0    0    0    0    0    0    0    0




 Layer k = 20

      1    5    9   13   17   21   25   29   33   37   41   45   49   53   57   61   65
  49    0    0    0    0    0    0    0    0    0    0    0    0    0    0    0    0    0
  46  519  519  519  519  519  519  519  519  519  519  519  519  519  519  519  519  519
  43  519  519  519  519  519  519  519  519  519  519  519  519  519  519  519  519  519
  40  519  519  519  519  519  519  519  519  519  519  519  519  519  519  519  519  519
  37  519  519  519  519  519  519  519  520  520  520  519  519  519  519  519  519  519
  34  519  519  519  519  519  519  520  525  528  525  520  519  519  519  519  519  519
  31  519  519  519  519  519  519  525  550  585  552  525  520  519  519  519  519  519
  28  519  519  519  519  519  520  533  642  925  655  534  520  519  519  519  519  519
  25  519  519  519  519  519  520  537  741 1465  770  539  520  519  519  519  519  519
  22  519  519  519  519  519  520  533  643  929  655  534  520  519  519  519  519  519
  19  519  519  519  519  519  519  525  550  585  552  525  520  519  519  519  519  519
  16  519  519  519  519  519  519  520  525  528  525  520  519  519  519  519  519  519
  13  519  519  519  519  519  519  519  520  520  520  519  519  519  519  519  519  519
  10  519  519  519  519  519  519  519  519  519  519  519  519  519  519  519  519  519
   7  519  519  519  519  519  519  519  519  519  519  519  519  519  519  519  519  519
   4  519  519  519  519  519  519  519  519  519  519  519  519  519  519  519  519  519
   1    0    0    0    0    0    0    0    0    0    0    0    0    0    0    0    0    0



 Salinity, s                             

 Time =    0.0250 days    multiply all values by 1.00E-02

 Layer k =  1

      1    5    9   13   17   21   25   29   33   37   41   45   49   53   57   61   65
  49    0    0    0    0    0    0    0    0    0    0    0    0    0    0    0    0    0
  46 3500 3500 3500 3500 3500 3500 3500 3500 3500 3500 3500 3500 3500 3500 3500 3500 3500
  43 3500 3500 3500 3500 3500 3500 3500 3500 3500 3500 3500 3500 3500 3500 3500 3500 3500
  40 3500 3500 3500 3500 3500 3500 3500 3500 3500 3500 3500 3500 3500 3500 3500 3500 3500
  37 3500 3500 3500 3500 3500 3500 3500 3500 3500 3500 3500 3500 3500 3500 3500 3500 3500
  34 3500 3500 3500 3500 3500 3500 3500 3500 3500 3500 3500 3500 3500 3500 3500 3500 3500
  31 3500 3500 3500 3500 3500 3500 3500 3500 3500 3500 3500 3500 3500 3500 3500 3500 3500
  28 3500 3500 3500 3500 3500 3500 3500 3500 3500 3500 3500 3500 3500 3500 3500 3500 3500
  25 3500 3500 3500 3500 3500 3500 3500 3500 3500 3500 3500 3500 3500 3500 3500 3500 3500
  22 3500 3500 3500 3500 3500 3500 3500 3500 3500 3500 3500 3500 3500 3500 3500 3500 3500
  19 3500 3500 3500 3500 3500 3500 3500 3500 3500 3500 3500 3500 3500 3500 3500 3500 3500
  16 3500 3500 3500 3500 3500 3500 3500 3500 3500 3500 3500 3500 3500 3500 3500 3500 3500
  13 3500 3500 3500 3500 3500 3500 3500 3500 3500 3500 3500 3500 3500 3500 3500 3500 3500
  10 3500 3500 3500 3500 3500 3500 3500 3500 3500 3500 3500 3500 3500 3500 3500 3500 3500
   7 3500 3500 3500 3500 3500 3500 3500 3500 3500 3500 3500 3500 3500 3500 3500 3500 3500
   4 3500 3500 3500 3500 3500 3500 3500 3500 3500 3500 3500 3500 3500 3500 3500 3500 3500
   1    0    0    0    0    0    0    0    0    0    0    0    0    0    0    0    0    0




 Layer k = 10

      1    5    9   13   17   21   25   29   33   37   41   45   49   53   57   61   65
  49    0    0    0    0    0    0    0    0    0    0    0    0    0    0    0    0    0
  46 3500 3500 3500 3500 3500 3500 3500 3500 3500 3500 3500 3500 3500 3500 3500 3500 3500
  43 3500 3500 3500 3500 3500 3500 3500 3500 3500 3500 3500 3500 3500 3500 3500 3500 3500
  40 3500 3500 3500 3500 3500 3500 3500 3500 3500 3500 3500 3500 3500 3500 3500 3500 3500
  37 3500 3500 3500 3500 3500 3500 3500 3500 3500 3500 3500 3500 3500 3500 3500 3500 3500
  34 3500 3500 3500 3500 3500 3500 3500 3500 3500 3500 3500 3500 3500 3500 3500 3500 3500
  31 3500 3500 3500 3500 3500 3500 3500 3500 3500 3500 3500 3500 3500 3500 3500 3500 3500
  28 3500 3500 3500 3500 3500 3500 3500 3500 3500 3500 3500 3500 3500 3500 3500 3500 3500
  25 3500 3500 3500 3500 3500 3500 3500 3500 3500 3500 3500 3500 3500 3500 3500 3500 3500
  22 3500 3500 3500 3500 3500 3500 3500 3500 3500 3500 3500 3500 3500 3500 3500 3500 3500
  19 3500 3500 3500 3500 3500 3500 3500 3500 3500 3500 3500 3500 3500 3500 3500 3500 3500
  16 3500 3500 3500 3500 3500 3500 3500 3500 3500 3500 3500 3500 3500 3500 3500 3500 3500
  13 3500 3500 3500 3500 3500 3500 3500 3500 3500 3500 3500 3500 3500 3500 3500 3500 3500
  10 3500 3500 3500 3500 3500 3500 3500 3500 3500 3500 3500 3500 3500 3500 3500 3500 3500
   7 3500 3500 3500 3500 3500 3500 3500 3500 3500 3500 3500 3500 3500 3500 3500 3500 3500
   4 3500 3500 3500 3500 3500 3500 3500 3500 3500 3500 3500 3500 3500 3500 3500 3500 3500
   1    0    0    0    0    0    0    0    0    0    0    0    0    0    0    0    0    0




 Layer k = 20

      1    5    9   13   17   21   25   29   33   37   41   45   49   53   57   61   65
  49    0    0    0    0    0    0    0    0    0    0    0    0    0    0    0    0    0
  46 3500 3500 3500 3500 3500 3500 3500 3500 3500 3500 3500 3500 3500 3500 3500 3500 3500
  43 3500 3500 3500 3500 3500 3500 3500 3500 3500 3500 3500 3500 3500 3500 3500 3500 3500
  40 3500 3500 3500 3500 3500 3500 3500 3500 3500 3500 3500 3500 3500 3500 3500 3500 3500
  37 3500 3500 3500 3500 3500 3500 3500 3500 3500 3500 3500 3500 3500 3500 3500 3500 3500
  34 3500 3500 3500 3500 3500 3500 3500 3500 3500 3500 3500 3500 3500 3500 3500 3500 3500
  31 3500 3500 3500 3500 3500 3500 3500 3500 3500 3500 3500 3500 3500 3500 3500 3500 3500
  28 3500 3500 3500 3500 3500 3500 3500 3500 3500 3500 3500 3500 3500 3500 3500 3500 3500
  25 3500 3500 3500 3500 3500 3500 3500 3500 3500 3500 3500 3500 3500 3500 3500 3500 3500
  22 3500 3500 3500 3500 3500 3500 3500 3500 3500 3500 3500 3500 3500 3500 3500 3500 3500
  19 3500 3500 3500 3500 3500 3500 3500 3500 3500 3500 3500 3500 3500 3500 3500 3500 3500
  16 3500 3500 3500 3500 3500 3500 3500 3500 3500 3500 3500 3500 3500 3500 3500 3500 3500
  13 3500 3500 3500 3500 3500 3500 3500 3500 3500 3500 3500 3500 3500 3500 3500 3500 3500
  10 3500 3500 3500 3500 3500 3500 3500 3500 3500 3500 3500 3500 3500 3500 3500 3500 3500
   7 3500 3500 3500 3500 3500 3500 3500 3500 3500 3500 3500 3500 3500 3500 3500 3500 3500
   4 3500 3500 3500 3500 3500 3500 3500 3500 3500 3500 3500 3500 3500 3500 3500 3500 3500
   1    0    0    0    0    0    0    0    0    0    0    0    0    0    0    0    0    0



 (density-1000)/rhoref, rho              

 Time =    0.0250 days    multiply all values by 1.00E-05

 Layer k =  1

      1    5    9   13   17   21   25   29   33   37   41   45   49   53   57   61   65
  49    0    0    0    0    0    0    0    0    0    0    0    0    0    0    0    0    0
  46 2429 2429 2429 2429 2429 2429 2429 2429 2429 2429 2429 2429 2429 2429 2429 2429 2429
  43 2429 2429 2429 2429 2429 2429 2429 2429 2429 2429 2429 2429 2429 2429 2429 2429 2429
  40 2429 2429 2429 2429 2429 2429 2429 2429 2429 2429 2429 2429 2429 2429 2429 2429 2429
  37 2429 2429 2429 2429 2429 2429 2429 2429 2429 2429 2429 2429 2429 2429 2429 2429 2429
  34 2429 2429 2429 2429 2429 2429 2429 2428 2428 2428 2429 2429 2429 2429 2429 2429 2429
  31 2429 2429 2429 2429 2429 2429 2428 2426 2425 2426 2428 2429 2429 2429 2429 2429 2429
  28 2429 2429 2429 2429 2429 2429 2428 2423 2420 2423 2428 2429 2429 2429 2429 2429 2429
  25 2429 2429 2429 2429 2429 2429 2427 2421 2417 2421 2427 2429 2429 2429 2429 2429 2429
  22 2429 2429 2429 2429 2429 2429 2428 2423 2420 2423 2428 2429 2429 2429 2429 2429 2429
  19 2429 2429 2429 2429 2429 2429 2428 2426 2425 2426 2428 2429 2429 2429 2429 2429 2429
  16 2429 2429 2429 2429 2429 2429 2429 2428 2428 2428 2429 2429 2429 2429 2429 2429 2429
  13 2429 2429 2429 2429 2429 2429 2429 2429 2429 2429 2429 2429 2429 2429 2429 2429 2429
  10 2429 2429 2429 2429 2429 2429 2429 2429 2429 2429 2429 2429 2429 2429 2429 2429 2429
   7 2429 2429 2429 2429 2429 2429 2429 2429 2429 2429 2429 2429 2429 2429 2429 2429 2429
   4 2429 2429 2429 2429 2429 2429 2429 2429 2429 2429 2429 2429 2429 2429 2429 2429 2429
   1    0    0    0    0    0    0    0    0    0    0    0    0    0    0    0    0    0




 Layer k = 10

      1    5    9   13   17   21   25   29   33   37   41   45   49   53   57   61   65
  49    0    0    0    0    0    0    0    0    0    0    0    0    0    0    0    0    0
  46 3420 3420 3420 3420 3420 3420 3420 3420 3420 3420 3420 3420 3420 3420 3420 3420 3420
  43 3420 3420 3420 3420 3420 3420 3420 3420 3420 3420 3420 3420 3420 3420 3420 3420 3420
  40 3420 3420 3420 3420 3420 3420 3420 3419 3419 3419 3420 3420 3420 3420 3420 3420 3420
  37 3420 3420 3420 3420 3420 3419 3418 3414 3411 3414 3418 3419 3420 3420 3420 3420 3420
  34 3420 3420 3420 3420 3420 3418 3406 3371 3345 3370 3406 3418 3420 3420 3420 3420 3420
  31 3420 3420 3420 3420 3420 3415 3369 3229 3126 3228 3369 3415 3420 3420 3420 3420 3420
  28 3420 3420 3420 3420 3419 3410 3314 3010 2765 3006 3313 3410 3419 3420 3420 3420 3420
  25 3420 3420 3420 3420 3419 3407 3285 2891 2548 2884 3284 3407 3419 3420 3420 3420 3420
  22 3420 3420 3420 3420 3419 3410 3314 3010 2764 3006 3313 3410 3419 3420 3420 3420 3420
  19 3420 3420 3420 3420 3420 3415 3369 3229 3126 3228 3369 3415 3420 3420 3420 3420 3420
  16 3420 3420 3420 3420 3420 3418 3406 3371 3345 3370 3406 3418 3420 3420 3420 3420 3420
  13 3420 3420 3420 3420 3420 3419 3418 3414 3411 3414 3418 3419 3420 3420 3420 3420 3420
  10 3420 3420 3420 3420 3420 3420 3420 3419 3419 3419 3420 3420 3420 3420 3420 3420 3420
   7 3420 3420 3420 3420 3420 3420 3420 3420 3420 3420 3420 3420 3420 3420 3420 3420 3420
   4 3420 3420 3420 3420 3420 3420 3420 3420 3420 3420 3420 3420 3420 3420 3420 3420 3420
   1    0    0    0    0    0    0    0    0    0    0    0    0    0    0    0    0    0




 Layer k = 20

      1    5    9   13   17   21   25   29   33   37   41   45   49   53   57   61   65
  49    0    0    0    0    0    0    0    0    0    0    0    0    0    0    0    0    0
  46 4582 4582 4582 4582 4582 4582 4582 4582 4582 4582 4582 4582 4582 4582 4582 4582 4582
  43 4582 4582 4582 4582 4582 4582 4582 4582 4582 4582 4582 4582 4582 4582 4582 4582 4582
  40 4582 4582 4582 4582 4582 4582 4581 4581 4581 4581 4581 4582 4582 4582 4582 4582 4582
  37 4582 4582 4582 4582 4582 4581 4578 4569 4562 4569 4578 4581 4582 4582 4582 4582 4582
  34 4582 4582 4582 4582 4582 4579 4553 4474 4418 4474 4552 4579 4582 4582 4582 4582 4582
  31 4582 4582 4582 4582 4581 4571 4470 4166 3945 4165 4470 4571 4581 4582 4582 4582 4582
  28 4582 4582 4582 4582 4581 4560 4349 3696 3190 3693 4348 4560 4581 4582 4582 4582 4582
  25 4582 4582 4582 4582 4581 4555 4287 3446 2729 3441 4286 4555 4581 4582 4582 4582 4582
  22 4582 4582 4582 4582 4581 4560 4349 3696 3189 3693 4348 4560 4581 4582 4582 4582 4582
  19 4582 4582 4582 4582 4581 4571 4470 4166 3945 4165 4470 4571 4581 4582 4582 4582 4582
  16 4582 4582 4582 4582 4582 4579 4553 4474 4418 4474 4552 4579 4582 4582 4582 4582 4582
  13 4582 4582 4582 4582 4582 4581 4578 4569 4562 4569 4578 4581 4582 4582 4582 4582 4582
  10 4582 4582 4582 4582 4582 4582 4581 4581 4581 4581 4581 4582 4582 4582 4582 4582 4582
   7 4582 4582 4582 4582 4582 4582 4582 4582 4582 4582 4582 4582 4582 4582 4582 4582 4582
   4 4582 4582 4582 4582 4582 4582 4582 4582 4582 4582 4582 4582 4582 4582 4582 4582 4582
   1    0    0    0    0    0    0    0    0    0    0    0    0    0    0    0    0    0



 Horizontal kinematic viscosity, aam     

 Time =    0.0250 days    multiply all values by 1.00E-01

 Layer k =  1

      1    5    9   13   17   21   25   29   33   37   41   45   49   53   57   61   65
  49 5000 5000 5000 5000 5000 5000 5000 5000 5000 5000 5000 5000 5000 5000 5000 5000 5000
  46 5000   34   15   14   17   17   13   11    4   11   15   16   21   19   21   21 5000
  43 5000   27   11   14   19   22   19   10    2   11   17   21   20   12    5   31 5000
  40 5000   17   28   27   26   29   30   24   20   24   29   28   23   21   22   23 5000
  37 5000   22   23   21   23   34   44   50   52   49   43   33   20   17   21   25 5000
  34 5000   20   10    9   20   38   62   90  106   91   60   37   18    8   10   25 5000
  31 5000   13   12   11   23   42   76  147  199  154   77   43   25   14   14   18 5000
  28 5000    8   14   16   28   47   90  238  348  242   93   48   29   16   13   12 5000
  25 5000    5   12   17   29   47   97  323   19  321   98   48   29   16   12    8 5000
  22 5000    8   11   14   26   43   87  233  339  227   84   42   24   13   12    5 5000
  19 5000   14    6    9   19   37   73  148  196  142   72   37   17    6    5   10 5000
  16 5000   18    8    7   14   32   58   90  106   89   60   35   16    9   12   15 5000
  13 5000   17   20   16   18   29   42   50   55   51   43   32   21   21   23   11 5000
  10 5000   22   12   16   19   25   28   26   23   25   29   28   24   22   18   18 5000
   7 5000   25    7   10   16   18   16   13    5   12   18   20   17    9   10   30 5000
   4 5000   19   20   15   16   14   11   12    4   10   14   13   17   13   16   38 5000
   1 5000 5000 5000 5000 5000 5000 5000 5000 5000 5000 5000 5000 5000 5000 5000 5000 5000




 Layer k = 10

      1    5    9   13   17   21   25   29   33   37   41   45   49   53   57   61   65
  49 5000 5000 5000 5000 5000 5000 5000 5000 5000 5000 5000 5000 5000 5000 5000 5000 5000
  46 5000   34   15   13   17   17   13   11    3   10   15   16   20   19   21   22 5000
  43 5000   28   11   14   18   21   19   11    2   11   17   21   19   11    4   33 5000
  40 5000   17   27   26   26   29   30   25   22   25   29   28   22   21   22   23 5000
  37 5000   20   23   20   22   33   45   52   55   51   43   32   19   16   21   23 5000
  34 5000   17    8    7   18   38   64   96  115   98   63   37   16    6    8   22 5000
  31 5000   10   10    9   21   43   80  159  223  170   82   44   23   13   12   15 5000
  28 5000    7   13   15   28   49   94  255  394  267   99   50   28   15   11    9 5000
  25 5000    7   12   16   30   52  104  353   19  352  104   53   29   15   11    6 5000
  22 5000   11   12   15   27   49   96  263  388  251   93   48   26   14   12    7 5000
  19 5000   17    9   10   21   42   81  166  221  157   79   42   19    7    7   13 5000
  16 5000   21   10    8   16   35   62   96  114   95   64   38   18   10   13   18 5000
  13 5000   18   20   17   19   30   43   51   55   52   44   34   22   22   24   13 5000
  10 5000   21   13   17   20   26   28   25   22   25   29   29   24   23   18   16 5000
   7 5000   24    8   11   16   19   16   13    5   11   18   20   18    9    9   29 5000
   4 5000   19   21   15   17   14   11   12    4   11   14   13   17   13   16   37 5000
   1 5000 5000 5000 5000 5000 5000 5000 5000 5000 5000 5000 5000 5000 5000 5000 5000 5000




 Layer k = 20

      1    5    9   13   17   21   25   29   33   37   41   45   49   53   57   61   65
  49 5000 5000 5000 5000 5000 5000 5000 5000 5000 5000 5000 5000 5000 5000 5000 5000 5000
  46 5000   35   15   13   17   16   14   11    3   11   14   17   20   19   22   22 5000
  43 5000   28   11   14   18   21   18   11    2   11   17   21   19   11    4   33 5000
  40 5000   17   27   27   26   29   30   25   22   25   29   28   23   21   22   23 5000
  37 5000   20   23   20   22   33   45   53   56   52   44   31   18   16   21   23 5000
  34 5000   17    8    7   17   38   67  101  122  103   66   37   16    6    8   22 5000
  31 5000   11   10    9   21   45   85  177  256  190   89   46   23   12   12   15 5000
  28 5000    6   13   15   28   53  102  283  507  317  109   54   29   14   12    9 5000
  25 5000    8   12   17   30   56  112  383   56  390  115   57   30   15   12    6 5000
  22 5000   11   12   15   27   52  106  307  507  284  102   52   26   14   11    7 5000
  19 5000   17    9   10   21   44   88  186  254  175   86   45   19    7    7   13 5000
  16 5000   21   10    8   16   36   65  101  120  100   66   39   18   11   13   18 5000
  13 5000   18   20   17   19   30   44   52   56   53   45   34   22   22   24   13 5000
  10 5000   22   14   17   20   25   27   25   22   25   30   29   24   22   19   17 5000
   7 5000   24    7   11   16   18   16   13    4   11   18   20   18    9    9   29 5000
   4 5000   19   21   15   17   14   12   13    3   11   14   13   17   13   16   37 5000
   1 5000 5000 5000 5000 5000 5000 5000 5000 5000 5000 5000 5000 5000 5000 5000 5000 5000



 Vertical kinematic viscosity, km        

 Time =    0.0250 days    multiply all values by 1.00E-05

 Layer k =  1

      1    5    9   13   17   21   25   29   33   37   41   45   49   53   57   61   65
  49    0    0    0    0    0    0    0    0    0    0    0    0    0    0    0    0    0
  46 2356 3627 3627 3627 3627 3627 3627 3627 3627 3627 3627 3627 3627 3627 3627 3627 1283
  43 2154 3316 3316 3316 3316 3316 3316 3316 3316 3316 3316 3316 3316 3316 3316 3316 1173
  40 1839 2831 2831 2831 2831 2831 2831 2831 2831 2831 2831 2831 2831 2831 2831 2831 1001
  37 1442 2220 2220 2220 2220 2220 2220 2220 2220 2220 2220 2220 2220 2220 2220 2220  786
  34 1005 1547 1547 1547 1547 1547 1547 1547 1547 1547 1547 1547 1547 1547 1547 1547  547
  31  575  884  884  884  884  884  884  884  884  884  884  884  884  884  884  884  313
  28  210  322  322  322  322  322  322  322  322  322  322  322  322  322  322  322  114
  25    1    1    1    1    1    1    1    0    0    0    1    1    1    1    1    1    1
  22  210  322  322  322  322  322  322  322  322  322  322  322  322  322  322  322  114
  19  575  884  884  884  884  884  884  884  884  884  884  884  884  884  884  884  313
  16 1005 1547 1547 1547 1547 1547 1547 1547 1547 1547 1547 1547 1547 1547 1547 1547  547
  13 1442 2220 2220 2220 2220 2220 2220 2220 2220 2220 2220 2220 2220 2220 2220 2220  786
  10 1839 2831 2831 2831 2831 2831 2831 2831 2831 2831 2831 2831 2831 2831 2831 2831 1001
   7 2154 3316 3316 3316 3316 3316 3316 3316 3316 3316 3316 3316 3316 3316 3316 3316 1173
   4 2356 3627 3627 3627 3627 3627 3627 3627 3627 3627 3627 3627 3627 3627 3627 3627 1283
   1    0    0    0    0    0    0    0    0    0    0    0    0    0    0    0    0    0




 Layer k = 10

      1    5    9   13   17   21   25   29   33   37   41   45   49   53   57   61   65
  49    0    0    0    0    0    0    0    0    0    0    0    0    0    0    0    0    0
  46    1    1    1    1    1    1    1    1    1    1    1    1    1    1    1    1    1
  43    1    1    1    1    1    1    1    1    1    1    1    1    1    1    1    1    1
  40    1    1    1    1    1    1    1    1    1    1    1    1    1    1    1    1    1
  37    1    1    1    1    1    1    1    1    1    1    1    1    1    1    1    1    1
  34    1    1    1    1    1    1    1    1    1    1    1    1    1    1    1    1    1
  31    1    1    1    1    1    1    1    1    0    1    1    1    1    1    1    1    1
  28    1    1    1    1    1    1    1    0    0    0    1    1    1    1    1    1    1
  25    1    1    1    1    1    1    1    0    0    0    1    1    1    1    1    1    1
  22    1    1    1    1    1    1    1    0    0    0    1    1    1    1    1    1    1
  19    1    1    1    1    1    1    1    1    0    1    1    1    1    1    1    1    1
  16    1    1    1    1    1    1    1    1    1    1    1    1    1    1    1    1    1
  13    1    1    1    1    1    1    1    1    1    1    1    1    1    1    1    1    1
  10    1    1    1    1    1    1    1    1    1    1    1    1    1    1    1    1    1
   7    1    1    1    1    1    1    1    1    1    1    1    1    1    1    1    1    1
   4    1    1    1    1    1    1    1    1    1    1    1    1    1    1    1    1    1
   1    0    0    0    0    0    0    0    0    0    0    0    0    0    0    0    0    0




 Layer k = 20

      1    5    9   13   17   21   25   29   33   37   41   45   49   53   57   61   65
  49    0    0    0    0    0    0    0    0    0    0    0    0    0    0    0    0    0
  46    1    1    1    1    1    1    1    1    1    1    1    1    1    1    1    1    1
  43    1    1    1    1    1    1    1    1    1    1    1    1    1    1    1    1    1
  40    1    1    1    1    1    1    1    1    1    1    1    1    1    1    1    1    1
  37    1    1    1    1    1    1    1    1    1    1    1    1    1    1    1    1    1
  34    1    1    1    1    1    1    1    1    1    1    1    1    1    1    1    1    1
  31    1    1    1    1    1    1    1    1    0    1    1    1    1    1    1    1    1
  28    1    1    1    1    1    1    1    0    0    0    1    1    1    1    1    1    1
  25    1    1    1    1    1    1    1    0    0    0    1    1    1    1    1    1    1
  22    1    1    1    1    1    1    1    0    0    0    1    1    1    1    1    1    1
  19    1    1    1    1    1    1    1    1    0    1    1    1    1    1    1    1    1
  16    1    1    1    1    1    1    1    1    1    1    1    1    1    1    1    1    1
  13    1    1    1    1    1    1    1    1    1    1    1    1    1    1    1    1    1
  10    1    1    1    1    1    1    1    1    1    1    1    1    1    1    1    1    1
   7    1    1    1    1    1    1    1    1    1    1    1    1    1    1    1    1    1
   4    1    1    1    1    1    1    1    1    1    1    1    1    1    1    1    1    1
   1    0    0    0    0    0    0    0    0    0    0    0    0    0    0    0    0    0



 x-velocity, u                           

 Time =    0.0250 days    multiply all values by 1.00E-04

 Section j =  1

    i =      1    5    9   13   17   21   25   29   33   37   41   45   49   53   57   61   65
        d =    1    1    1    1    1    1    1    1    1    1    1    1    1    1    1    1    1
  1  -0.004    0    0    0    0    0    0    0    0    0    0    0    0    0    0    0    0    0
  2  -0.011    0    0    0    0    0    0    0    0    0    0    0    0    0    0    0    0    0
  3  -0.022    0    0    0    0    0    0    0    0    0    0    0    0    0    0    0    0    0
  4  -0.044    0    0    0    0    0    0    0    0    0    0    0    0    0    0    0    0    0
  5  -0.088    0    0    0    0    0    0    0    0    0    0    0    0    0    0    0    0    0
  6  -0.147    0    0    0    0    0    0    0    0    0    0    0    0    0    0    0    0    0
  7  -0.206    0    0    0    0    0    0    0    0    0    0    0    0    0    0    0    0    0
  8  -0.265    0    0    0    0    0    0    0    0    0    0    0    0    0    0    0    0    0
  9  -0.324    0    0    0    0    0    0    0    0    0    0    0    0    0    0    0    0    0
 10  -0.382    0    0    0    0    0    0    0    0    0    0    0    0    0    0    0    0    0
 11  -0.441    0    0    0    0    0    0    0    0    0    0    0    0    0    0    0    0    0
 12  -0.500    0    0    0    0    0    0    0    0    0    0    0    0    0    0    0    0    0
 13  -0.559    0    0    0    0    0    0    0    0    0    0    0    0    0    0    0    0    0
 14  -0.618    0    0    0    0    0    0    0    0    0    0    0    0    0    0    0    0    0
 15  -0.676    0    0    0    0    0    0    0    0    0    0    0    0    0    0    0    0    0
 16  -0.735    0    0    0    0    0    0    0    0    0    0    0    0    0    0    0    0    0
 17  -0.794    0    0    0    0    0    0    0    0    0    0    0    0    0    0    0    0    0
 18  -0.853    0    0    0    0    0    0    0    0    0    0    0    0    0    0    0    0    0
 19  -0.912    0    0    0    0    0    0    0    0    0    0    0    0    0    0    0    0    0
 20  -0.971    0    0    0    0    0    0    0    0    0    0    0    0    0    0    0    0    0
 21  -1.029    0    0    0    0    0    0    0    0    0    0    0    0    0    0    0    0    0




 Section j = 24

    i =      1    5    9   13   17   21   25   29   33   37   41   45   49   53   57   61   65
        d = 4500 4500 4500 4500 4499 4435 3793 1892  553 1892 3793 4435 4498 4500 4500 4500 4500
  1  -0.004    0 1991 1973 1941 1881 1799 1781 2234 4075 2513 1833 1795 1871 1932 1969 1985 1997
  2  -0.011    0 1995 1977 1945 1885 1803 1785 2242 4104 2524 1838 1799 1875 1936 1973 1989 2000
  3  -0.022    0 1995 1977 1945 1885 1803 1785 2241 4105 2523 1837 1799 1875 1936 1973 1989 2000
  4  -0.044    0 1995 1977 1945 1885 1803 1783 2238 4106 2521 1835 1798 1875 1936 1973 1989 2000
  5  -0.088    0 1995 1977 1945 1885 1801 1777 2229 4111 2513 1827 1796 1875 1936 1973 1989 2000
  6  -0.147    0 1995 1977 1945 1885 1799 1765 2209 4123 2495 1813 1792 1875 1936 1973 1989 2000
  7  -0.206    0 1995 1977 1945 1885 1796 1752 2185 4139 2472 1797 1788 1875 1936 1973 1989 2000
  8  -0.265    0 1995 1977 1945 1885 1794 1739 2157 4160 2445 1780 1783 1874 1936 1973 1989 2000
  9  -0.324    0 1995 1977 1945 1885 1791 1727 2128 4185 2415 1763 1779 1874 1936 1973 1989 2000
 10  -0.382    0 1995 1977 1945 1885 1789 1715 2098 4213 2383 1748 1775 1874 1936 1973 1989 2000
 11  -0.441    0 1995 1977 1945 1884 1787 1704 2068 4244 2350 1733 1772 1873 1936 1973 1989 2000
 12  -0.500    0 1995 1977 1945 1884 1786 1695 2038 4278 2316 1719 1769 1873 1936 1973 1989 2000
 13  -0.559    0 1995 1977 1945 1884 1784 1686 2009 4315 2282 1707 1766 1873 1936 1973 1989 2000
 14  -0.618    0 1995 1977 1945 1884 1783 1678 1982 4353 2248 1695 1764 1873 1936 1973 1989 2000
 15  -0.676    0 1995 1977 1945 1884 1782 1671 1955 4394 2214 1685 1762 1873 1936 1973 1989 2000
 16  -0.735    0 1995 1977 1945 1884 1781 1665 1929 4436 2181 1676 1760 1872 1936 1973 1989 2000
 17  -0.794    0 1995 1977 1945 1884 1780 1659 1905 4479 2148 1668 1759 1872 1936 1973 1989 2000
 18  -0.853    0 1995 1977 1945 1884 1779 1655 1882 4524 2116 1660 1758 1872 1936 1973 1989 2000
 19  -0.912    0 1995 1977 1945 1884 1779 1650 1860 4570 2085 1654 1757 1872 1936 1973 1989 2000
 20  -0.971    0 1987 1969 1938 1877 1772 1641 1824 4302 2027 1641 1750 1865 1929 1966 1982 1993
 21  -1.029    0    0    0    0    0    0    0    0    0    0    0    0    0    0    0    0    0




 Section j = 48

    i =      1    5    9   13   17   21   25   29   33   37   41   45   49   53   57   61   65
        d = 4500 4500 4500 4500 4500 4500 4500 4500 4500 4500 4500 4500 4500 4500 4500 4500 4500
  1  -0.004    0 2023 2031 2060 2096 2122 2142 2142 2130 2128 2133 2122 2104 2089 2063 2071 1507
  2  -0.011    0 1991 1999 2028 2064 2091 2110 2111 2098 2096 2102 2090 2073 2058 2031 2040 1479
  3  -0.022    0 1991 1999 2028 2064 2091 2110 2111 2098 2096 2102 2090 2073 2058 2031 2040 1479
  4  -0.044    0 1991 1999 2028 2064 2091 2110 2111 2098 2096 2102 2090 2073 2058 2031 2040 1479
  5  -0.088    0 1991 1999 2028 2064 2091 2110 2111 2098 2096 2102 2090 2073 2058 2031 2040 1479
  6  -0.147    0 1991 1999 2028 2064 2091 2110 2111 2098 2096 2102 2090 2073 2058 2032 2040 1479
  7  -0.206    0 1991 1999 2028 2064 2091 2110 2111 2098 2096 2102 2090 2073 2058 2032 2040 1479
  8  -0.265    0 1991 1999 2028 2064 2091 2110 2111 2098 2096 2102 2090 2073 2058 2032 2040 1479
  9  -0.324    0 1991 1999 2028 2064 2091 2110 2111 2098 2096 2102 2090 2073 2058 2032 2040 1479
 10  -0.382    0 1991 1999 2028 2064 2091 2110 2111 2098 2096 2102 2090 2073 2058 2032 2040 1479
 11  -0.441    0 1991 1999 2028 2064 2091 2110 2111 2098 2096 2102 2090 2073 2058 2032 2040 1479
 12  -0.500    0 1991 1999 2028 2064 2091 2110 2111 2098 2096 2102 2090 2073 2058 2032 2040 1479
 13  -0.559    0 1991 1999 2028 2064 2091 2110 2111 2098 2096 2102 2090 2073 2058 2032 2040 1479
 14  -0.618    0 1991 1999 2028 2064 2091 2110 2111 2098 2096 2102 2090 2073 2058 2032 2040 1479
 15  -0.676    0 1991 1999 2028 2064 2091 2110 2111 2098 2096 2102 2090 2073 2058 2032 2040 1479
 16  -0.735    0 1991 1999 2028 2064 2091 2110 2111 2098 2096 2102 2090 2073 2058 2032 2040 1479
 17  -0.794    0 1991 1999 2028 2064 2091 2110 2111 2098 2096 2102 2090 2073 2058 2032 2040 1479
 18  -0.853    0 1991 1999 2028 2064 2091 2110 2111 2098 2096 2102 2090 2073 2058 2032 2040 1479
 19  -0.912    0 1991 1999 2028 2064 2091 2110 2111 2098 2096 2102 2090 2073 2058 2032 2040 1479
 20  -0.971    0 1984 1991 2020 2056 2083 2102 2102 2090 2088 2093 2082 2064 2050 2024 2032 1474
 21  -1.029    0    0    0    0    0    0    0    0    0    0    0    0    0    0    0    0    0



 y-velocity, v                           

 Time =    0.0250 days    multiply all values by 1.00E-05

 Section j =  1

    i =      1    5    9   13   17   21   25   29   33   37   41   45   49   53   57   61   65
        d =    1    1    1    1    1    1    1    1    1    1    1    1    1    1    1    1    1
  1  -0.004    0    0    0    0    0    0    0    0    0    0    0    0    0    0    0    0    0
  2  -0.011    0    0    0    0    0    0    0    0    0    0    0    0    0    0    0    0    0
  3  -0.022    0    0    0    0    0    0    0    0    0    0    0    0    0    0    0    0    0
  4  -0.044    0    0    0    0    0    0    0    0    0    0    0    0    0    0    0    0    0
  5  -0.088    0    0    0    0    0    0    0    0    0    0    0    0    0    0    0    0    0
  6  -0.147    0    0    0    0    0    0    0    0    0    0    0    0    0    0    0    0    0
  7  -0.206    0    0    0    0    0    0    0    0    0    0    0    0    0    0    0    0    0
  8  -0.265    0    0    0    0    0    0    0    0    0    0    0    0    0    0    0    0    0
  9  -0.324    0    0    0    0    0    0    0    0    0    0    0    0    0    0    0    0    0
 10  -0.382    0    0    0    0    0    0    0    0    0    0    0    0    0    0    0    0    0
 11  -0.441    0    0    0    0    0    0    0    0    0    0    0    0    0    0    0    0    0
 12  -0.500    0    0    0    0    0    0    0    0    0    0    0    0    0    0    0    0    0
 13  -0.559    0    0    0    0    0    0    0    0    0    0    0    0    0    0    0    0    0
 14  -0.618    0    0    0    0    0    0    0    0    0    0    0    0    0    0    0    0    0
 15  -0.676    0    0    0    0    0    0    0    0    0    0    0    0    0    0    0    0    0
 16  -0.735    0    0    0    0    0    0    0    0    0    0    0    0    0    0    0    0    0
 17  -0.794    0    0    0    0    0    0    0    0    0    0    0    0    0    0    0    0    0
 18  -0.853    0    0    0    0    0    0    0    0    0    0    0    0    0    0    0    0    0
 19  -0.912    0    0    0    0    0    0    0    0    0    0    0    0    0    0    0    0    0
 20  -0.971    0    0    0    0    0    0    0    0    0    0    0    0    0    0    0    0    0
 21  -1.029    0    0    0    0    0    0    0    0    0    0    0    0    0    0    0    0    0




 Section j = 24

    i =      1    5    9   13   17   21   25   29   33   37   41   45   49   53   57   61   65
        d = 4500 4500 4500 4500 4499 4435 3793 1892  553 1892 3793 4435 4498 4500 4500 4500 4500
  1  -0.004    0  172  170  119  -57 -436-1634-5509-7067  856 1384  846  397  229  305  504    0
  2  -0.011    0  166  163  112  -64 -442-1642-5523-7106  843 1377  839  390  223  299  498    0
  3  -0.022    0  166  163  112  -64 -442-1643-5527-7107  847 1379  840  391  223  299  498    0
  4  -0.044    0  166  163  112  -64 -442-1646-5540-7110  863 1385  841  391  223  299  498    0
  5  -0.088    0  166  164  112  -64 -443-1658-5587-7122  921 1406  844  391  223  299  498    0
  6  -0.147    0  166  164  111  -64 -445-1678-5685-7147 1039 1444  851  391  223  299  498    0
  7  -0.206    0  166  163  111  -64 -446-1702-5809-7183 1191 1487  857  392  223  299  498    0
  8  -0.265    0  166  163  111  -64 -448-1727-5951-7229 1364 1532  864  392  223  298  498    0
  9  -0.324    0  166  163  112  -64 -450-1750-6102-7282 1552 1576  870  392  223  298  498    0
 10  -0.382    0  166  163  112  -64 -452-1772-6259-7342 1746 1617  875  393  223  298  498    0
 11  -0.441    0  166  163  112  -64 -454-1793-6417-7408 1944 1654  880  393  223  298  498    0
 12  -0.500    0  167  163  112  -64 -455-1811-6574-7479 2142 1689  885  393  223  298  498    0
 13  -0.559    0  167  163  112  -64 -456-1828-6727-7555 2337 1720  889  393  223  298  498    0
 14  -0.618    0  167  163  112  -64 -457-1844-6877-7634 2527 1747  893  394  223  298  498    0
 15  -0.676    0  167  163  112  -63 -457-1858-7021-7717 2713 1773  896  394  224  298  499    0
 16  -0.735    0  168  163  112  -63 -457-1870-7160-7802 2892 1795  899  394  224  298  499    0
 17  -0.794    0  168  163  113  -62 -457-1881-7293-7891 3064 1814  903  395  224  298  499    0
 18  -0.853    0  169  164  113  -62 -457-1891-7420-7980 3230 1831  905  395  224  298  499    0
 19  -0.912    0  169  164  113  -62 -457-1900-7540-8072 3389 1846  907  396  224  298  499    0
 20  -0.971    0  177  171  121  -54 -450-1893-7569-7601 3521 1859  911  401  231  305  507    0
 21  -1.029    0    0    0    0    0    0    0    0    0    0    0    0    0    0    0    0    0




 Section j = 48

    i =      1    5    9   13   17   21   25   29   33   37   41   45   49   53   57   61   65
        d = 4500 4500 4500 4500 4500 4500 4500 4500 4500 4500 4500 4500 4500 4500 4500 4500 4500
  1  -0.004    0 -142  -77  -20   12   16   13    5  -39  -93 -104  -88  -71  -12   53  128    0
  2  -0.011    0  -96  -30   26   58   63   60   52    8  -46  -57  -42  -25   34  100  174    0
  3  -0.022    0  -96  -30   26   58   63   60   52    8  -46  -57  -42  -25   34  100  174    0
  4  -0.044    0  -96  -30   26   58   62   60   52    8  -46  -57  -42  -25   34  100  174    0
  5  -0.088    0  -96  -30   26   58   62   60   52    7  -46  -57  -42  -25   34  100  174    0
  6  -0.147    0  -96  -30   26   58   62   60   52    7  -46  -58  -42  -25   34  100  174    0
  7  -0.206    0  -96  -30   26   58   62   60   52    7  -46  -58  -42  -25   34  100  175    0
  8  -0.265    0  -96  -30   26   58   62   60   52    7  -46  -58  -42  -25   34  100  175    0
  9  -0.324    0  -96  -30   26   58   62   60   52    7  -46  -58  -42  -25   34  100  175    0
 10  -0.382    0  -96  -30   26   58   62   60   52    7  -46  -58  -42  -25   34  100  175    0
 11  -0.441    0  -96  -30   26   58   62   60   52    7  -46  -58  -42  -26   34  100  175    0
 12  -0.500    0  -96  -30   26   58   62   60   52    7  -46  -58  -42  -26   35  100  176    0
 13  -0.559    0  -96  -30   26   58   62   60   52    7  -46  -58  -42  -26   35  100  176    0
 14  -0.618    0  -97  -30   26   58   62   60   51    7  -46  -58  -42  -26   35  100  176    0
 15  -0.676    0  -97  -30   26   58   62   60   51    7  -46  -58  -42  -26   35  100  176    0
 16  -0.735    0  -97  -30   26   57   62   60   51    7  -46  -58  -43  -26   35  101  176    0
 17  -0.794    0  -97  -30   26   57   62   60   51    6  -46  -58  -43  -26   35  101  177    0
 18  -0.853    0  -97  -30   25   57   62   60   51    6  -46  -58  -43  -26   35  101  177    0
 19  -0.912    0  -97  -30   25   57   62   60   51    6  -46  -58  -43  -27   35  101  177    0
 20  -0.971    0  -90  -23   33   64   70   68   59   15  -37  -49  -34  -18   44  109  185    0
 21  -1.029    0    0    0    0    0    0    0    0    0    0    0    0    0    0    0    0    0



 z-velocity, w                           

 Time =    0.0250 days    multiply all values by 1.00E-06

 Section j =  1

    i =      1    5    9   13   17   21   25   29   33   37   41   45   49   53   57   61   65
        d =    1    1    1    1    1    1    1    1    1    1    1    1    1    1    1    1    1
  1  -0.000    0    0    0    0    0    0    0    0    0    0    0    0    0    0    0    0    0
  2  -0.007    0    0    0    0    0    0    0    0    0    0    0    0    0    0    0    0    0
  3  -0.015    0    0    0    0    0    0    0    0    0    0    0    0    0    0    0    0    0
  4  -0.029    0    0    0    0    0    0    0    0    0    0    0    0    0    0    0    0    0
  5  -0.059    0    0    0    0    0    0    0    0    0    0    0    0    0    0    0    0    0
  6  -0.118    0    0    0    0    0    0    0    0    0    0    0    0    0    0    0    0    0
  7  -0.176    0    0    0    0    0    0    0    0    0    0    0    0    0    0    0    0    0
  8  -0.235    0    0    0    0    0    0    0    0    0    0    0    0    0    0    0    0    0
  9  -0.294    0    0    0    0    0    0    0    0    0    0    0    0    0    0    0    0    0
 10  -0.353    0    0    0    0    0    0    0    0    0    0    0    0    0    0    0    0    0
 11  -0.412    0    0    0    0    0    0    0    0    0    0    0    0    0    0    0    0    0
 12  -0.471    0    0    0    0    0    0    0    0    0    0    0    0    0    0    0    0    0
 13  -0.529    0    0    0    0    0    0    0    0    0    0    0    0    0    0    0    0    0
 14  -0.588    0    0    0    0    0    0    0    0    0    0    0    0    0    0    0    0    0
 15  -0.647    0    0    0    0    0    0    0    0    0    0    0    0    0    0    0    0    0
 16  -0.706    0    0    0    0    0    0    0    0    0    0    0    0    0    0    0    0    0
 17  -0.765    0    0    0    0    0    0    0    0    0    0    0    0    0    0    0    0    0
 18  -0.824    0    0    0    0    0    0    0    0    0    0    0    0    0    0    0    0    0
 19  -0.882    0    0    0    0    0    0    0    0    0    0    0    0    0    0    0    0    0
 20  -0.941    0    0    0    0    0    0    0    0    0    0    0    0    0    0    0    0    0
 21  -1.000    0    0    0    0    0    0    0    0    0    0    0    0    0    0    0    0    0




 Section j = 24

    i =      1    5    9   13   17   21   25   29   33   37   41   45   49   53   57   61   65
        d = 4500 4500 4500 4500 4499 4435 3793 1892  553 1892 3793 4435 4498 4500 4500 4500 4500
  1  -0.000    0    0    0    0    0    0    0    0    0    0    0    0    0    0    0    0    0
  2  -0.007    0    0   -1    0    0    5    2  -38   -3   40   -2   -5   -1    0    0    0    0
  3  -0.015    0    1   -1   -1    1   11    4  -77   -6   80   -3  -11   -2    0    0    0    0
  4  -0.029    0    2   -1   -1    1   22    9 -153  -12  160   -6  -21   -3    0    0    0    0
  5  -0.059    0    3   -2   -1    3   45   18 -302  -22  318  -13  -40   -6    0    0    1    0
  6  -0.118    0    7   -3   -2    7   86   38 -584  -44  615  -28  -76  -11    0    0    2    0
  7  -0.176    0   11   -4   -2   11  121   57 -830  -64  875  -45 -105  -15    0    1    2    0
  8  -0.235    0   14   -4   -3   14  148   76-1034  -82 1092  -64 -127  -19    0    1    3    0
  9  -0.294    0   18   -4   -4   16  167   94-1191  -97 1259  -82 -143  -23    0    1    2    0
 10  -0.353    0   21   -5   -4   18  179  109-1301 -109 1377  -99 -152  -25    1    1    2    0
 11  -0.412    0   23   -5   -4   19  185  120-1365 -119 1446 -113 -155  -27    2    1    2    0
 12  -0.471    0   25   -5   -4   19  185  127-1383 -125 1467 -125 -153  -29    2    1    2    0
 13  -0.529    0   26   -5   -4   19  180  129-1359 -127 1443 -132 -147  -29    2    1    1    0
 14  -0.588    0   26   -4   -4   18  170  127-1295 -125 1376 -135 -137  -29    2    1    1    0
 15  -0.647    0   25   -4   -4   16  155  121-1195 -119 1270 -132 -123  -27    2    0    0    0
 16  -0.706    0   23   -3   -4   15  137  111-1061 -109 1128 -124 -106  -25    2    0   -1    0
 17  -0.765    0   20   -3   -3   13  116   96 -895  -95  953 -111  -87  -21    1    0   -1    0
 18  -0.824    0   17   -2   -3   10   90   78 -702  -76  747  -92  -68  -17    1    0   -1    0
 19  -0.882    0   12   -1   -2    7   61   56 -483  -53  515  -68  -47  -11    1    0   -1    0
 20  -0.941    0    6   -1   -1    4   31   31 -241  -27  257  -38  -24   -6    1    0   -1    0
 21  -1.000    0    0    0    0    0    0    0    0    0    0    0    0    0    0    0    0    0




 Section j = 48

    i =      1    5    9   13   17   21   25   29   33   37   41   45   49   53   57   61   65
        d = 4500 4500 4500 4500 4500 4500 4500 4500 4500 4500 4500 4500 4500 4500 4500 4500 4500
  1  -0.000    0    0    0    0    0    0    0    0    0    0    0    0    0    0    0    0    0
  2  -0.007    0    2    2    2    2    2    2    2    2    2    2    2    2    2    2    2    0
  3  -0.015    0    2    2    2    2    2    2    2    2    2    2    2    2    2    2    2    0
  4  -0.029    0    2    2    1    2    1    2    3    2    2    2    2    2    2    1    3    0
  5  -0.059    0    2    2    1    3    1    2    4    2    2    2    3    2    2    1    3    0
  6  -0.118    0    2    3    0    4    0    1    5    2    3    3    4    1    2    0    5    0
  7  -0.176    0    2    4   -1    6    0    1    7    2    3    3    5    1    3    0    6    0
  8  -0.235    0    2    4   -2    7   -1    1    8    2    4    3    5    1    3   -1    7    0
  9  -0.294    0    2    5   -3    7   -1    1   10    2    5    4    5    0    4   -1    8    0
 10  -0.353    0    2    5   -4    8   -1    1   11    3    5    4    5    0    4   -2    9    0
 11  -0.412    0    2    5   -4    9   -1    0   12    3    5    4    5    0    4   -2    9    0
 12  -0.471    0    2    5   -4    9   -1    0   12    3    5    4    5    0    5   -2    9    0
 13  -0.529    0    2    5   -4    9   -1    0   13    3    5    4    4   -1    5   -2   10    0
 14  -0.588    0    2    5   -4    9    0    0   13    3    5    4    4   -1    5   -2    9    0
 15  -0.647    0    2    5   -4    9    0    0   12    3    5    4    3    0    5   -1    9    0
 16  -0.706    0    2    5   -3    8    0    1   11    3    5    4    3    0    5   -1    8    0
 17  -0.765    0    2    5   -2    7    1    1   10    3    4    4    3    0    5    0    7    0
 18  -0.824    0    2    4   -2    7    1    1    9    3    4    4    2    0    4    0    6    0
 19  -0.882    0    2    4    0    5    2    1    7    3    4    4    2    1    4    1    5    0
 20  -0.941    0    2    3    1    4    2    2    5    3    3    3    2    1    3    2    4    0
 21  -1.000    0    0    0    0    0    0    0    0    0    0    0    0    0    0    0    0    0



 Potential temperature, t                

 Time =    0.0250 days    multiply all values by 1.00E-02

 Section j =  1

    i =      1    5    9   13   17   21   25   29   33   37   41   45   49   53   57   61   65
        d =    1    1    1    1    1    1    1    1    1    1    1    1    1    1    1    1    1
  1  -0.004    0    0    0    0    0    0    0    0    0    0    0    0    0    0    0    0    0
  2  -0.011    0    0    0    0    0    0    0    0    0    0    0    0    0    0    0    0    0
  3  -0.022    0    0    0    0    0    0    0    0    0    0    0    0    0    0    0    0    0
  4  -0.044    0    0    0    0    0    0    0    0    0    0    0    0    0    0    0    0    0
  5  -0.088    0    0    0    0    0    0    0    0    0    0    0    0    0    0    0    0    0
  6  -0.147    0    0    0    0    0    0    0    0    0    0    0    0    0    0    0    0    0
  7  -0.206    0    0    0    0    0    0    0    0    0    0    0    0    0    0    0    0    0
  8  -0.265    0    0    0    0    0    0    0    0    0    0    0    0    0    0    0    0    0
  9  -0.324    0    0    0    0    0    0    0    0    0    0    0    0    0    0    0    0    0
 10  -0.382    0    0    0    0    0    0    0    0    0    0    0    0    0    0    0    0    0
 11  -0.441    0    0    0    0    0    0    0    0    0    0    0    0    0    0    0    0    0
 12  -0.500    0    0    0    0    0    0    0    0    0    0    0    0    0    0    0    0    0
 13  -0.559    0    0    0    0    0    0    0    0    0    0    0    0    0    0    0    0    0
 14  -0.618    0    0    0    0    0    0    0    0    0    0    0    0    0    0    0    0    0
 15  -0.676    0    0    0    0    0    0    0    0    0    0    0    0    0    0    0    0    0
 16  -0.735    0    0    0    0    0    0    0    0    0    0    0    0    0    0    0    0    0
 17  -0.794    0    0    0    0    0    0    0    0    0    0    0    0    0    0    0    0    0
 18  -0.853    0    0    0    0    0    0    0    0    0    0    0    0    0    0    0    0    0
 19  -0.912    0    0    0    0    0    0    0    0    0    0    0    0    0    0    0    0    0
 20  -0.971    0    0    0    0    0    0    0    0    0    0    0    0    0    0    0    0    0
 21  -1.029    0    0    0    0    0    0    0    0    0    0    0    0    0    0    0    0    0




 Section j = 24

    i =      1    5    9   13   17   21   25   29   33   37   41   45   49   53   57   61   65
        d = 4500 4500 4500 4500 4499 4435 3793 1892  553 1892 3793 4435 4498 4500 4500 4500 4500
  1  -0.004 1975 1975 1975 1975 1975 1976 1979 1989 1997 1990 1979 1976 1975 1975 1975 1975 1975
  2  -0.011 1927 1927 1927 1927 1927 1928 1938 1968 1991 1970 1939 1928 1927 1927 1927 1927 1927
  3  -0.022 1858 1858 1858 1858 1858 1860 1879 1937 1982 1940 1880 1860 1858 1858 1858 1858 1858
  4  -0.044 1730 1730 1730 1730 1730 1733 1767 1877 1964 1883 1770 1734 1730 1730 1730 1730 1730
  5  -0.088 1508 1508 1508 1508 1509 1514 1571 1763 1929 1776 1576 1515 1509 1508 1508 1508 1508
  6  -0.147 1274 1274 1274 1274 1274 1281 1355 1626 1883 1645 1362 1282 1274 1274 1274 1274 1274
  7  -0.206 1094 1094 1094 1094 1094 1101 1183 1504 1839 1528 1191 1103 1094 1094 1094 1094 1094
  8  -0.265  956  956  956  956  956  963 1046 1396 1796 1423 1053  964  956  956  956  956  956
  9  -0.324  850  850  850  850  850  857  936 1299 1755 1328  944  858  850  850  850  850  850
 10  -0.382  768  768  768  768  769  775  848 1212 1715 1244  855  776  769  768  768  768  768
 11  -0.441  706  706  706  706  706  712  778 1135 1676 1167  785  712  706  706  706  706  706
 12  -0.500  658  658  658  658  658  663  722 1066 1638 1099  728  664  658  658  658  658  658
 13  -0.559  621  621  621  621  621  626  677 1005 1602 1038  683  626  621  621  621  621  621
 14  -0.618  593  593  593  593  593  597  642  950 1567  983  646  597  593  593  593  593  593
 15  -0.676  571  571  571  571  572  574  613  902 1533  933  617  575  572  571  571  571  571
 16  -0.735  555  555  555  555  555  557  590  858 1500  889  594  558  555  555  555  555  555
 17  -0.794  542  542  542  542  542  544  572  819 1468  849  575  544  542  542  542  542  542
 18  -0.853  532  532  532  532  532  534  558  785 1437  814  560  534  532  532  532  532  532
 19  -0.912  525  525  525  525  525  526  546  754 1407  782  548  526  525  525  525  525  525
 20  -0.971  519  519  519  519  519  520  537  726 1378  753  539  520  519  519  519  519  519
 21  -1.029    0    0    0    0    0    0    0    0    0    0    0    0    0    0    0    0    0




 Section j = 48

    i =      1    5    9   13   17   21   25   29   33   37   41   45   49   53   57   61   65
        d = 4500 4500 4500 4500 4500 4500 4500 4500 4500 4500 4500 4500 4500 4500 4500 4500 4500
  1  -0.004 1975 1975 1975 1975 1975 1975 1975 1975 1975 1975 1975 1975 1975 1975 1975 1975 1975
  2  -0.011 1927 1927 1927 1927 1927 1927 1927 1927 1927 1927 1927 1927 1927 1927 1927 1927 1927
  3  -0.022 1858 1858 1858 1858 1858 1858 1858 1858 1858 1858 1858 1858 1858 1858 1858 1858 1858
  4  -0.044 1730 1730 1730 1730 1730 1730 1730 1730 1730 1730 1730 1730 1730 1730 1730 1730 1730
  5  -0.088 1508 1508 1508 1508 1508 1508 1508 1508 1508 1508 1508 1508 1508 1508 1508 1508 1508
  6  -0.147 1274 1274 1274 1274 1274 1274 1274 1274 1274 1274 1274 1274 1274 1274 1274 1274 1274
  7  -0.206 1094 1094 1094 1094 1094 1094 1094 1094 1094 1094 1094 1094 1094 1094 1094 1094 1094
  8  -0.265  956  956  956  956  956  956  956  956  956  956  956  956  956  956  956  956  956
  9  -0.324  850  850  850  850  850  850  850  850  850  850  850  850  850  850  850  850  850
 10  -0.382  768  768  768  768  768  768  768  768  768  768  768  768  768  768  768  768  768
 11  -0.441  706  706  706  706  706  706  706  706  706  706  706  706  706  706  706  706  706
 12  -0.500  658  658  658  658  658  658  658  658  658  658  658  658  658  658  658  658  658
 13  -0.559  621  621  621  621  621  621  621  621  621  621  621  621  621  621  621  621  621
 14  -0.618  593  593  593  593  593  593  593  593  593  593  593  593  593  593  593  593  593
 15  -0.676  571  571  571  571  571  571  571  571  571  571  571  571  571  571  571  571  571
 16  -0.735  555  555  555  555  555  555  555  555  555  555  555  555  555  555  555  555  555
 17  -0.794  542  542  542  542  542  542  542  542  542  542  542  542  542  542  542  542  542
 18  -0.853  532  532  532  532  532  532  532  532  532  532  532  532  532  532  532  532  532
 19  -0.912  525  525  525  525  525  525  525  525  525  525  525  525  525  525  525  525  525
 20  -0.971  519  519  519  519  519  519  519  519  519  519  519  519  519  519  519  519  519
 21  -1.029    0    0    0    0    0    0    0    0    0    0    0    0    0    0    0    0    0



 Salinity, s                             

 Time =    0.0250 days    multiply all values by 1.00E-02

 Section j =  1

    i =      1    5    9   13   17   21   25   29   33   37   41   45   49   53   57   61   65
        d =    1    1    1    1    1    1    1    1    1    1    1    1    1    1    1    1    1
  1  -0.004    0    0    0    0    0    0    0    0    0    0    0    0    0    0    0    0    0
  2  -0.011    0    0    0    0    0    0    0    0    0    0    0    0    0    0    0    0    0
  3  -0.022    0    0    0    0    0    0    0    0    0    0    0    0    0    0    0    0    0
  4  -0.044    0    0    0    0    0    0    0    0    0    0    0    0    0    0    0    0    0
  5  -0.088    0    0    0    0    0    0    0    0    0    0    0    0    0    0    0    0    0
  6  -0.147    0    0    0    0    0    0    0    0    0    0    0    0    0    0    0    0    0
  7  -0.206    0    0    0    0    0    0    0    0    0    0    0    0    0    0    0    0    0
  8  -0.265    0    0    0    0    0    0    0    0    0    0    0    0    0    0    0    0    0
  9  -0.324    0    0    0    0    0    0    0    0    0    0    0    0    0    0    0    0    0
 10  -0.382    0    0    0    0    0    0    0    0    0    0    0    0    0    0    0    0    0
 11  -0.441    0    0    0    0    0    0    0    0    0    0    0    0    0    0    0    0    0
 12  -0.500    0    0    0    0    0    0    0    0    0    0    0    0    0    0    0    0    0
 13  -0.559    0    0    0    0    0    0    0    0    0    0    0    0    0    0    0    0    0
 14  -0.618    0    0    0    0    0    0    0    0    0    0    0    0    0    0    0    0    0
 15  -0.676    0    0    0    0    0    0    0    0    0    0    0    0    0    0    0    0    0
 16  -0.735    0    0    0    0    0    0    0    0    0    0    0    0    0    0    0    0    0
 17  -0.794    0    0    0    0    0    0    0    0    0    0    0    0    0    0    0    0    0
 18  -0.853    0    0    0    0    0    0    0    0    0    0    0    0    0    0    0    0    0
 19  -0.912    0    0    0    0    0    0    0    0    0    0    0    0    0    0    0    0    0
 20  -0.971    0    0    0    0    0    0    0    0    0    0    0    0    0    0    0    0    0
 21  -1.029    0    0    0    0    0    0    0    0    0    0    0    0    0    0    0    0    0




 Section j = 24

    i =      1    5    9   13   17   21   25   29   33   37   41   45   49   53   57   61   65
        d = 4500 4500 4500 4500 4499 4435 3793 1892  553 1892 3793 4435 4498 4500 4500 4500 4500
  1  -0.004 3500 3500 3500 3500 3500 3500 3500 3500 3500 3500 3500 3500 3500 3500 3500 3500 3500
  2  -0.011 3500 3500 3500 3500 3500 3500 3500 3500 3500 3500 3500 3500 3500 3500 3500 3500 3500
  3  -0.022 3500 3500 3500 3500 3500 3500 3500 3500 3500 3500 3500 3500 3500 3500 3500 3500 3500
  4  -0.044 3500 3500 3500 3500 3500 3500 3500 3500 3500 3500 3500 3500 3500 3500 3500 3500 3500
  5  -0.088 3500 3500 3500 3500 3500 3500 3500 3500 3500 3500 3500 3500 3500 3500 3500 3500 3500
  6  -0.147 3500 3500 3500 3500 3500 3500 3500 3500 3500 3500 3500 3500 3500 3500 3500 3500 3500
  7  -0.206 3500 3500 3500 3500 3500 3500 3500 3500 3500 3500 3500 3500 3500 3500 3500 3500 3500
  8  -0.265 3500 3500 3500 3500 3500 3500 3500 3500 3500 3500 3500 3500 3500 3500 3500 3500 3500
  9  -0.324 3500 3500 3500 3500 3500 3500 3500 3500 3500 3500 3500 3500 3500 3500 3500 3500 3500
 10  -0.382 3500 3500 3500 3500 3500 3500 3500 3500 3500 3500 3500 3500 3500 3500 3500 3500 3500
 11  -0.441 3500 3500 3500 3500 3500 3500 3500 3500 3500 3500 3500 3500 3500 3500 3500 3500 3500
 12  -0.500 3500 3500 3500 3500 3500 3500 3500 3500 3500 3500 3500 3500 3500 3500 3500 3500 3500
 13  -0.559 3500 3500 3500 3500 3500 3500 3500 3500 3500 3500 3500 3500 3500 3500 3500 3500 3500
 14  -0.618 3500 3500 3500 3500 3500 3500 3500 3500 3500 3500 3500 3500 3500 3500 3500 3500 3500
 15  -0.676 3500 3500 3500 3500 3500 3500 3500 3500 3500 3500 3500 3500 3500 3500 3500 3500 3500
 16  -0.735 3500 3500 3500 3500 3500 3500 3500 3500 3500 3500 3500 3500 3500 3500 3500 3500 3500
 17  -0.794 3500 3500 3500 3500 3500 3500 3500 3500 3500 3500 3500 3500 3500 3500 3500 3500 3500
 18  -0.853 3500 3500 3500 3500 3500 3500 3500 3500 3500 3500 3500 3500 3500 3500 3500 3500 3500
 19  -0.912 3500 3500 3500 3500 3500 3500 3500 3500 3500 3500 3500 3500 3500 3500 3500 3500 3500
 20  -0.971 3500 3500 3500 3500 3500 3500 3500 3500 3500 3500 3500 3500 3500 3500 3500 3500 3500
 21  -1.029    0    0    0    0    0    0    0    0    0    0    0    0    0    0    0    0    0




 Section j = 48

    i =      1    5    9   13   17   21   25   29   33   37   41   45   49   53   57   61   65
        d = 4500 4500 4500 4500 4500 4500 4500 4500 4500 4500 4500 4500 4500 4500 4500 4500 4500
  1  -0.004 3500 3500 3500 3500 3500 3500 3500 3500 3500 3500 3500 3500 3500 3500 3500 3500 3500
  2  -0.011 3500 3500 3500 3500 3500 3500 3500 3500 3500 3500 3500 3500 3500 3500 3500 3500 3500
  3  -0.022 3500 3500 3500 3500 3500 3500 3500 3500 3500 3500 3500 3500 3500 3500 3500 3500 3500
  4  -0.044 3500 3500 3500 3500 3500 3500 3500 3500 3500 3500 3500 3500 3500 3500 3500 3500 3500
  5  -0.088 3500 3500 3500 3500 3500 3500 3500 3500 3500 3500 3500 3500 3500 3500 3500 3500 3500
  6  -0.147 3500 3500 3500 3500 3500 3500 3500 3500 3500 3500 3500 3500 3500 3500 3500 3500 3500
  7  -0.206 3500 3500 3500 3500 3500 3500 3500 3500 3500 3500 3500 3500 3500 3500 3500 3500 3500
  8  -0.265 3500 3500 3500 3500 3500 3500 3500 3500 3500 3500 3500 3500 3500 3500 3500 3500 3500
  9  -0.324 3500 3500 3500 3500 3500 3500 3500 3500 3500 3500 3500 3500 3500 3500 3500 3500 3500
 10  -0.382 3500 3500 3500 3500 3500 3500 3500 3500 3500 3500 3500 3500 3500 3500 3500 3500 3500
 11  -0.441 3500 3500 3500 3500 3500 3500 3500 3500 3500 3500 3500 3500 3500 3500 3500 3500 3500
 12  -0.500 3500 3500 3500 3500 3500 3500 3500 3500 3500 3500 3500 3500 3500 3500 3500 3500 3500
 13  -0.559 3500 3500 3500 3500 3500 3500 3500 3500 3500 3500 3500 3500 3500 3500 3500 3500 3500
 14  -0.618 3500 3500 3500 3500 3500 3500 3500 3500 3500 3500 3500 3500 3500 3500 3500 3500 3500
 15  -0.676 3500 3500 3500 3500 3500 3500 3500 3500 3500 3500 3500 3500 3500 3500 3500 3500 3500
 16  -0.735 3500 3500 3500 3500 3500 3500 3500 3500 3500 3500 3500 3500 3500 3500 3500 3500 3500
 17  -0.794 3500 3500 3500 3500 3500 3500 3500 3500 3500 3500 3500 3500 3500 3500 3500 3500 3500
 18  -0.853 3500 3500 3500 3500 3500 3500 3500 3500 3500 3500 3500 3500 3500 3500 3500 3500 3500
 19  -0.912 3500 3500 3500 3500 3500 3500 3500 3500 3500 3500 3500 3500 3500 3500 3500 3500 3500
 20  -0.971 3500 3500 3500 3500 3500 3500 3500 3500 3500 3500 3500 3500 3500 3500 3500 3500 3500
 21  -1.029    0    0    0    0    0    0    0    0    0    0    0    0    0    0    0    0    0



 (density-1000)/rhoref, rho              

 Time =    0.0250 days    multiply all values by 1.00E-05

 Section j =  1

    i =      1    5    9   13   17   21   25   29   33   37   41   45   49   53   57   61   65
        d =    1    1    1    1    1    1    1    1    1    1    1    1    1    1    1    1    1
  1  -0.004    0    0    0    0    0    0    0    0    0    0    0    0    0    0    0    0    0
  2  -0.011    0    0    0    0    0    0    0    0    0    0    0    0    0    0    0    0    0
  3  -0.022    0    0    0    0    0    0    0    0    0    0    0    0    0    0    0    0    0
  4  -0.044    0    0    0    0    0    0    0    0    0    0    0    0    0    0    0    0    0
  5  -0.088    0    0    0    0    0    0    0    0    0    0    0    0    0    0    0    0    0
  6  -0.147    0    0    0    0    0    0    0    0    0    0    0    0    0    0    0    0    0
  7  -0.206    0    0    0    0    0    0    0    0    0    0    0    0    0    0    0    0    0
  8  -0.265    0    0    0    0    0    0    0    0    0    0    0    0    0    0    0    0    0
  9  -0.324    0    0    0    0    0    0    0    0    0    0    0    0    0    0    0    0    0
 10  -0.382    0    0    0    0    0    0    0    0    0    0    0    0    0    0    0    0    0
 11  -0.441    0    0    0    0    0    0    0    0    0    0    0    0    0    0    0    0    0
 12  -0.500    0    0    0    0    0    0    0    0    0    0    0    0    0    0    0    0    0
 13  -0.559    0    0    0    0    0    0    0    0    0    0    0    0    0    0    0    0    0
 14  -0.618    0    0    0    0    0    0    0    0    0    0    0    0    0    0    0    0    0
 15  -0.676    0    0    0    0    0    0    0    0    0    0    0    0    0    0    0    0    0
 16  -0.735    0    0    0    0    0    0    0    0    0    0    0    0    0    0    0    0    0
 17  -0.794    0    0    0    0    0    0    0    0    0    0    0    0    0    0    0    0    0
 18  -0.853    0    0    0    0    0    0    0    0    0    0    0    0    0    0    0    0    0
 19  -0.912    0    0    0    0    0    0    0    0    0    0    0    0    0    0    0    0    0
 20  -0.971    0    0    0    0    0    0    0    0    0    0    0    0    0    0    0    0    0
 21  -1.029    0    0    0    0    0    0    0    0    0    0    0    0    0    0    0    0    0




 Section j = 24

    i =      1    5    9   13   17   21   25   29   33   37   41   45   49   53   57   61   65
        d = 4500 4500 4500 4500 4499 4435 3793 1892  553 1892 3793 4435 4498 4500 4500 4500 4500
  1  -0.004 2429 2429 2429 2429 2429 2429 2427 2422 2418 2421 2427 2429 2429 2429 2429 2429 2429
  2  -0.011 2455 2455 2455 2455 2455 2455 2449 2433 2421 2432 2449 2455 2455 2455 2455 2455 2455
  3  -0.022 2494 2494 2494 2494 2494 2493 2482 2450 2426 2449 2482 2493 2494 2494 2494 2494 2494
  4  -0.044 2567 2567 2567 2567 2567 2565 2545 2482 2435 2481 2544 2565 2567 2567 2567 2567 2567
  5  -0.088 2703 2703 2703 2703 2703 2699 2662 2546 2455 2543 2661 2699 2703 2703 2703 2703 2703
  6  -0.147 2866 2866 2866 2866 2866 2861 2805 2625 2480 2621 2803 2861 2866 2866 2866 2866 2866
  7  -0.206 3017 3017 3017 3017 3016 3009 2936 2700 2505 2695 2935 3009 3016 3017 3017 3017 3017
  8  -0.265 3157 3157 3157 3157 3157 3148 3059 2772 2529 2766 3058 3148 3157 3157 3157 3157 3157
  9  -0.324 3291 3291 3291 3291 3291 3280 3176 2840 2553 2834 3175 3280 3291 3291 3291 3291 3291
 10  -0.382 3420 3420 3420 3420 3419 3408 3289 2906 2576 2899 3287 3408 3419 3420 3420 3420 3420
 11  -0.441 3545 3545 3545 3545 3544 3531 3398 2969 2599 2963 3396 3531 3544 3545 3545 3545 3545
 12  -0.500 3667 3667 3667 3667 3666 3652 3504 3030 2622 3024 3503 3652 3666 3667 3667 3667 3667
 13  -0.559 3786 3786 3786 3786 3786 3770 3607 3090 2644 3084 3606 3770 3786 3786 3786 3786 3786
 14  -0.618 3904 3904 3904 3904 3904 3886 3709 3148 2666 3142 3709 3886 3904 3904 3904 3904 3904
 15  -0.676 4020 4020 4020 4020 4020 4001 3810 3206 2687 3200 3809 4001 4020 4020 4020 4020 4020
 16  -0.735 4135 4135 4135 4135 4134 4114 3909 3262 2709 3256 3908 4114 4134 4135 4135 4135 4135
 17  -0.794 4248 4248 4248 4248 4248 4226 4007 3317 2730 3311 4006 4226 4248 4248 4248 4248 4248
 18  -0.853 4360 4360 4360 4360 4360 4337 4103 3371 2750 3366 4103 4337 4360 4360 4360 4360 4360
 19  -0.912 4471 4471 4471 4471 4471 4447 4199 3424 2771 3419 4199 4447 4471 4471 4471 4471 4471
 20  -0.971 4582 4582 4582 4582 4581 4555 4294 3477 2791 3472 4294 4555 4581 4582 4582 4582 4582
 21  -1.029    0    0    0    0    0    0    0    0    0    0    0    0    0    0    0    0    0




 Section j = 48

    i =      1    5    9   13   17   21   25   29   33   37   41   45   49   53   57   61   65
        d = 4500 4500 4500 4500 4500 4500 4500 4500 4500 4500 4500 4500 4500 4500 4500 4500 4500
  1  -0.004 2429 2429 2429 2429 2429 2429 2429 2429 2429 2429 2429 2429 2429 2429 2429 2429 2429
  2  -0.011 2455 2455 2455 2455 2455 2455 2455 2455 2455 2455 2455 2455 2455 2455 2455 2455 2455
  3  -0.022 2494 2494 2494 2494 2494 2494 2494 2494 2494 2494 2494 2494 2494 2494 2494 2494 2494
  4  -0.044 2567 2567 2567 2567 2567 2567 2567 2567 2567 2567 2567 2567 2567 2567 2567 2567 2567
  5  -0.088 2703 2703 2703 2703 2703 2703 2703 2703 2703 2703 2703 2703 2703 2703 2703 2703 2703
  6  -0.147 2866 2866 2866 2866 2866 2866 2866 2866 2866 2866 2866 2866 2866 2866 2866 2866 2866
  7  -0.206 3017 3017 3017 3017 3017 3017 3017 3017 3017 3017 3017 3017 3017 3017 3017 3017 3017
  8  -0.265 3157 3157 3157 3157 3157 3157 3157 3157 3157 3157 3157 3157 3157 3157 3157 3157 3157
  9  -0.324 3291 3291 3291 3291 3291 3291 3291 3291 3291 3291 3291 3291 3291 3291 3291 3291 3291
 10  -0.382 3420 3420 3420 3420 3420 3420 3420 3420 3420 3420 3420 3420 3420 3420 3420 3420 3420
 11  -0.441 3545 3545 3545 3545 3545 3545 3545 3545 3545 3545 3545 3545 3545 3545 3545 3545 3545
 12  -0.500 3667 3667 3667 3667 3667 3667 3667 3667 3667 3667 3667 3667 3667 3667 3667 3667 3667
 13  -0.559 3786 3786 3786 3786 3786 3786 3786 3786 3786 3786 3786 3786 3786 3786 3786 3786 3786
 14  -0.618 3904 3904 3904 3904 3904 3904 3904 3904 3904 3904 3904 3904 3904 3904 3904 3904 3904
 15  -0.676 4020 4020 4020 4020 4020 4020 4020 4020 4020 4020 4020 4020 4020 4020 4020 4020 4020
 16  -0.735 4135 4135 4135 4135 4135 4135 4135 4135 4135 4135 4135 4135 4135 4135 4135 4135 4135
 17  -0.794 4248 4248 4248 4248 4248 4248 4248 4248 4248 4248 4248 4248 4248 4248 4248 4248 4248
 18  -0.853 4360 4360 4360 4360 4360 4360 4360 4360 4360 4360 4360 4360 4360 4360 4360 4360 4360
 19  -0.912 4471 4471 4471 4471 4471 4471 4471 4471 4471 4471 4471 4471 4471 4471 4471 4471 4471
 20  -0.971 4582 4582 4582 4582 4582 4582 4582 4582 4582 4582 4582 4582 4582 4582 4582 4582 4582
 21  -1.029    0    0    0    0    0    0    0    0    0    0    0    0    0    0    0    0    0



 x-velocity, u                           

 Time =    0.0250 days    multiply all values by 1.00E-04

 Section i =  1

    j =      1    4    7   10   13   16   19   22   25   28   31   34   37   40   43   46   49
        d =    1 4500 4500 4500 4500 4500 4500 4500 4500 4500 4500 4500 4500 4500 4500 4500    1
  1  -0.004    0    0    0    0    0    0    0    0    0    0    0    0    0    0    0    0    0
  2  -0.011    0    0    0    0    0    0    0    0    0    0    0    0    0    0    0    0    0
  3  -0.022    0    0    0    0    0    0    0    0    0    0    0    0    0    0    0    0    0
  4  -0.044    0    0    0    0    0    0    0    0    0    0    0    0    0    0    0    0    0
  5  -0.088    0    0    0    0    0    0    0    0    0    0    0    0    0    0    0    0    0
  6  -0.147    0    0    0    0    0    0    0    0    0    0    0    0    0    0    0    0    0
  7  -0.206    0    0    0    0    0    0    0    0    0    0    0    0    0    0    0    0    0
  8  -0.265    0    0    0    0    0    0    0    0    0    0    0    0    0    0    0    0    0
  9  -0.324    0    0    0    0    0    0    0    0    0    0    0    0    0    0    0    0    0
 10  -0.382    0    0    0    0    0    0    0    0    0    0    0    0    0    0    0    0    0
 11  -0.441    0    0    0    0    0    0    0    0    0    0    0    0    0    0    0    0    0
 12  -0.500    0    0    0    0    0    0    0    0    0    0    0    0    0    0    0    0    0
 13  -0.559    0    0    0    0    0    0    0    0    0    0    0    0    0    0    0    0    0
 14  -0.618    0    0    0    0    0    0    0    0    0    0    0    0    0    0    0    0    0
 15  -0.676    0    0    0    0    0    0    0    0    0    0    0    0    0    0    0    0    0
 16  -0.735    0    0    0    0    0    0    0    0    0    0    0    0    0    0    0    0    0
 17  -0.794    0    0    0    0    0    0    0    0    0    0    0    0    0    0    0    0    0
 18  -0.853    0    0    0    0    0    0    0    0    0    0    0    0    0    0    0    0    0
 19  -0.912    0    0    0    0    0    0    0    0    0    0    0    0    0    0    0    0    0
 20  -0.971    0    0    0    0    0    0    0    0    0    0    0    0    0    0    0    0    0
 21  -1.029    0    0    0    0    0    0    0    0    0    0    0    0    0    0    0    0    0




 Section i = 32

    j =      1    4    7   10   13   16   19   22   25   28   31   34   37   40   43   46   49
        d =    1 4500 4500 4498 4453 4106 2999 1373  553 1374 2999 4106 4453 4498 4500 4500    1
  1  -0.004    0 2063 2094 2156 2265 2457 2783 3274 3627 3352 2881 2551 2361 2262 2207 2181    0
  2  -0.011    0 2125 2153 2208 2310 2496 2819 3310 3627 3316 2845 2512 2316 2209 2149 2119    0
  3  -0.022    0 2125 2153 2208 2310 2496 2819 3311 3627 3316 2846 2512 2316 2209 2149 2119    0
  4  -0.044    0 2125 2153 2208 2310 2496 2820 3312 3626 3317 2847 2513 2316 2209 2149 2119    0
  5  -0.088    0 2125 2153 2208 2310 2497 2823 3315 3624 3320 2850 2514 2317 2209 2149 2119    0
  6  -0.147    0 2125 2153 2208 2310 2499 2829 3321 3620 3327 2856 2516 2317 2209 2149 2119    0
  7  -0.206    0 2125 2153 2208 2310 2501 2837 3331 3615 3336 2864 2518 2317 2209 2149 2119    0
  8  -0.265    0 2125 2153 2208 2311 2503 2845 3341 3608 3346 2873 2520 2317 2209 2149 2119    0
  9  -0.324    0 2125 2153 2208 2311 2505 2853 3354 3599 3358 2881 2523 2318 2209 2149 2119    0
 10  -0.382    0 2125 2153 2208 2311 2507 2860 3367 3590 3371 2889 2525 2318 2209 2149 2119    0
 11  -0.441    0 2125 2153 2208 2311 2508 2868 3381 3581 3385 2897 2526 2318 2209 2149 2119    0
 12  -0.500    0 2125 2153 2208 2312 2510 2874 3395 3570 3399 2904 2528 2318 2209 2149 2119    0
 13  -0.559    0 2125 2153 2208 2312 2511 2881 3409 3559 3413 2911 2529 2319 2209 2149 2119    0
 14  -0.618    0 2125 2153 2208 2312 2512 2887 3424 3547 3427 2917 2531 2319 2209 2149 2119    0
 15  -0.676    0 2125 2153 2208 2312 2513 2892 3439 3535 3441 2922 2532 2319 2209 2149 2119    0
 16  -0.735    0 2125 2153 2208 2312 2514 2897 3453 3522 3455 2928 2533 2319 2209 2149 2119    0
 17  -0.794    0 2125 2153 2208 2312 2515 2902 3467 3510 3469 2932 2533 2319 2209 2149 2119    0
 18  -0.853    0 2125 2153 2208 2312 2516 2906 3481 3496 3483 2937 2534 2319 2209 2149 2119    0
 19  -0.912    0 2125 2153 2208 2312 2516 2910 3495 3483 3496 2940 2535 2319 2209 2149 2119    0
 20  -0.971    0 2116 2144 2199 2302 2504 2890 3443 3318 3442 2920 2522 2309 2200 2141 2110    0
 21  -1.029    0    0    0    0    0    0    0    0    0    0    0    0    0    0    0    0    0




 Section i = 64

    j =      1    4    7   10   13   16   19   22   25   28   31   34   37   40   43   46   49
        d =    1 4500 4500 4500 4500 4500 4500 4500 4500 4500 4500 4500 4500 4500 4500 4500    1
  1  -0.004    0 1936 1932 1922 1931 1954 1971 1978 1985 1999 2017 2030 2033 2042 2076 2099    0
  2  -0.011    0 1998 1990 1974 1975 1989 1995 1991 1985 1986 1993 1995 1988 1990 2017 2037    0
  3  -0.022    0 1998 1990 1975 1975 1989 1995 1991 1985 1986 1993 1995 1988 1990 2017 2037    0
  4  -0.044    0 1998 1990 1974 1975 1989 1995 1991 1985 1986 1993 1995 1988 1990 2017 2037    0
  5  -0.088    0 1998 1990 1974 1975 1989 1995 1991 1985 1986 1993 1995 1988 1990 2017 2037    0
  6  -0.147    0 1998 1990 1974 1975 1989 1995 1991 1985 1986 1993 1995 1988 1990 2017 2037    0
  7  -0.206    0 1998 1990 1974 1975 1989 1995 1991 1985 1986 1993 1995 1988 1990 2017 2037    0
  8  -0.265    0 1998 1990 1974 1975 1989 1995 1991 1985 1986 1993 1995 1988 1990 2017 2037    0
  9  -0.324    0 1998 1990 1974 1975 1989 1995 1991 1985 1986 1993 1995 1988 1990 2017 2037    0
 10  -0.382    0 1998 1990 1974 1975 1989 1995 1991 1985 1986 1993 1995 1988 1990 2017 2037    0
 11  -0.441    0 1998 1990 1974 1975 1989 1995 1991 1985 1986 1993 1995 1988 1990 2017 2037    0
 12  -0.500    0 1998 1990 1974 1975 1989 1995 1991 1985 1986 1994 1995 1988 1990 2017 2037    0
 13  -0.559    0 1998 1990 1974 1975 1989 1995 1991 1985 1986 1994 1995 1988 1990 2017 2037    0
 14  -0.618    0 1998 1990 1974 1975 1989 1995 1991 1985 1986 1994 1995 1988 1990 2017 2037    0
 15  -0.676    0 1998 1990 1974 1975 1989 1995 1991 1985 1986 1994 1995 1988 1990 2017 2037    0
 16  -0.735    0 1998 1990 1974 1975 1989 1995 1991 1985 1986 1994 1995 1988 1990 2017 2037    0
 17  -0.794    0 1998 1990 1974 1975 1989 1995 1991 1985 1986 1994 1995 1988 1990 2017 2037    0
 18  -0.853    0 1998 1990 1974 1975 1989 1995 1991 1985 1986 1994 1995 1988 1990 2017 2037    0
 19  -0.912    0 1998 1990 1974 1975 1989 1995 1991 1985 1986 1994 1995 1988 1990 2017 2037    0
 20  -0.971    0 1990 1982 1966 1967 1981 1988 1983 1977 1979 1986 1988 1981 1983 2010 2029    0
 21  -1.029    0    0    0    0    0    0    0    0    0    0    0    0    0    0    0    0    0



 y-velocity, v                           

 Time =    0.0250 days    multiply all values by 1.00E-04

 Section i =  1

    j =      1    4    7   10   13   16   19   22   25   28   31   34   37   40   43   46   49
        d =    1 4500 4500 4500 4500 4500 4500 4500 4500 4500 4500 4500 4500 4500 4500 4500    1
  1  -0.004    0    0    0    0    0    0    0    0    0    0    0    0    0    0    0    0    0
  2  -0.011    0    0    0    0    0    0    0    0    0    0    0    0    0    0    0    0    0
  3  -0.022    0    0    0    0    0    0    0    0    0    0    0    0    0    0    0    0    0
  4  -0.044    0    0    0    0    0    0    0    0    0    0    0    0    0    0    0    0    0
  5  -0.088    0    0    0    0    0    0    0    0    0    0    0    0    0    0    0    0    0
  6  -0.147    0    0    0    0    0    0    0    0    0    0    0    0    0    0    0    0    0
  7  -0.206    0    0    0    0    0    0    0    0    0    0    0    0    0    0    0    0    0
  8  -0.265    0    0    0    0    0    0    0    0    0    0    0    0    0    0    0    0    0
  9  -0.324    0    0    0    0    0    0    0    0    0    0    0    0    0    0    0    0    0
 10  -0.382    0    0    0    0    0    0    0    0    0    0    0    0    0    0    0    0    0
 11  -0.441    0    0    0    0    0    0    0    0    0    0    0    0    0    0    0    0    0
 12  -0.500    0    0    0    0    0    0    0    0    0    0    0    0    0    0    0    0    0
 13  -0.559    0    0    0    0    0    0    0    0    0    0    0    0    0    0    0    0    0
 14  -0.618    0    0    0    0    0    0    0    0    0    0    0    0    0    0    0    0    0
 15  -0.676    0    0    0    0    0    0    0    0    0    0    0    0    0    0    0    0    0
 16  -0.735    0    0    0    0    0    0    0    0    0    0    0    0    0    0    0    0    0
 17  -0.794    0    0    0    0    0    0    0    0    0    0    0    0    0    0    0    0    0
 18  -0.853    0    0    0    0    0    0    0    0    0    0    0    0    0    0    0    0    0
 19  -0.912    0    0    0    0    0    0    0    0    0    0    0    0    0    0    0    0    0
 20  -0.971    0    0    0    0    0    0    0    0    0    0    0    0    0    0    0    0    0
 21  -1.029    0    0    0    0    0    0    0    0    0    0    0    0    0    0    0    0    0




 Section i = 32

    j =      1    4    7   10   13   16   19   22   25   28   31   34   37   40   43   46   49
        d =    1 4500 4500 4498 4453 4106 2999 1373  553 1374 2999 4106 4453 4498 4500 4500    1
  1  -0.004    0    7   -2  -14  -48 -113 -249 -549 -988 -199    7   24   20   15    9    1    0
  2  -0.011    0    1   -8  -20  -53 -117 -253 -553 -989 -196   10   28   24   20   15    7    0
  3  -0.022    0    1   -8  -20  -53 -117 -253 -553 -990 -195   11   28   24   20   15    7    0
  4  -0.044    0    1   -8  -20  -53 -117 -253 -554 -990 -194   12   29   25   20   15    7    0
  5  -0.088    0    1   -8  -20  -53 -118 -255 -559 -993 -188   15   30   25   20   15    7    0
  6  -0.147    0    1   -8  -20  -53 -119 -259 -568 -999 -176   21   31   25   20   15    7    0
  7  -0.206    0    1   -8  -20  -53 -120 -262 -580-1008 -159   29   33   25   20   15    7    0
  8  -0.265    0    1   -8  -20  -54 -120 -267 -595-1020 -138   37   36   26   20   15    7    0
  9  -0.324    0    0   -8  -20  -54 -121 -271 -611-1033 -115   45   38   26   20   15    7    0
 10  -0.382    0    0   -8  -20  -54 -122 -275 -628-1048  -89   54   39   26   20   15    7    0
 11  -0.441    0    0   -8  -20  -54 -123 -278 -645-1065  -62   62   41   27   20   15    7    0
 12  -0.500    0    0   -8  -20  -54 -124 -281 -663-1083  -34   69   43   27   20   15    7    0
 13  -0.559    0    0   -8  -20  -54 -124 -284 -680-1102   -4   76   44   27   20   15    7    0
 14  -0.618    0    0   -8  -20  -54 -125 -287 -697-1123   26   83   45   28   20   15    7    0
 15  -0.676    0    0   -8  -20  -54 -125 -290 -714-1144   56   89   46   28   20   15    7    0
 16  -0.735    0    0   -8  -20  -54 -125 -292 -731-1167   86   94   47   28   20   15    7    0
 17  -0.794    0    0   -8  -20  -54 -126 -294 -746-1190  117   99   48   28   20   15    7    0
 18  -0.853    0    0   -8  -20  -54 -126 -295 -762-1213  147  104   48   28   20   15    7    0
 19  -0.912    0    0   -8  -20  -54 -126 -297 -776-1238  177  108   49   28   20   15    7    0
 20  -0.971    0    1   -7  -19  -53 -124 -294 -772-1183  204  113   50   29   21   16    8    0
 21  -1.029    0    0    0    0    0    0    0    0    0    0    0    0    0    0    0    0    0




 Section i = 64

    j =      1    4    7   10   13   16   19   22   25   28   31   34   37   40   43   46   49
        d =    1 4500 4500 4500 4500 4500 4500 4500 4500 4500 4500 4500 4500 4500 4500 4500    1
  1  -0.004    0  -14  -26   -1   38   63   68   60   42   22    4   -5    3   29   53   40    0
  2  -0.011    0  -19  -32   -6   34   60   66   58   42   23    6   -2    7   34   59   46    0
  3  -0.022    0  -19  -32   -6   34   60   66   58   42   23    6   -2    7   34   59   46    0
  4  -0.044    0  -19  -32   -6   34   60   66   58   42   23    6   -2    7   34   59   46    0
  5  -0.088    0  -19  -32   -6   34   60   66   58   42   23    6   -2    7   34   59   46    0
  6  -0.147    0  -19  -32   -6   34   60   66   58   42   23    6   -2    7   34   59   46    0
  7  -0.206    0  -19  -32   -6   34   60   66   58   42   23    6   -2    7   34   59   46    0
  8  -0.265    0  -19  -32   -6   34   60   66   58   42   23    6   -2    7   34   59   46    0
  9  -0.324    0  -19  -32   -6   34   60   66   59   42   23    6   -2    7   34   59   46    0
 10  -0.382    0  -19  -32   -6   34   60   66   59   42   23    6   -2    7   34   59   46    0
 11  -0.441    0  -19  -32   -6   34   60   66   59   42   23    6   -2    7   34   59   46    0
 12  -0.500    0  -19  -32   -6   34   60   66   59   42   23    6   -2    7   34   59   46    0
 13  -0.559    0  -19  -32   -6   34   60   66   59   42   23    6   -2    7   34   59   46    0
 14  -0.618    0  -19  -32   -6   34   60   66   59   42   23    6   -2    7   34   59   46    0
 15  -0.676    0  -19  -32   -6   34   60   66   58   42   23    6   -2    7   34   59   46    0
 16  -0.735    0  -19  -32   -6   34   60   66   58   42   23    6   -2    7   34   59   46    0
 17  -0.794    0  -19  -32   -6   34   60   66   58   42   23    6   -2    7   34   58   46    0
 18  -0.853    0  -19  -32   -6   34   60   66   58   43   23    6   -2    7   34   58   46    0
 19  -0.912    0  -19  -32   -6   34   60   66   59   43   23    6   -2    7   34   58   46    0
 20  -0.971    0  -18  -31   -5   34   60   67   59   43   23    7   -1    8   35   59   47    0
 21  -1.029    0    0    0    0    0    0    0    0    0    0    0    0    0    0    0    0    0



 z-velocity, w                           

 Time =    0.0250 days    multiply all values by 1.00E-06

 Section i =  1

    j =      1    4    7   10   13   16   19   22   25   28   31   34   37   40   43   46   49
        d =    1 4500 4500 4500 4500 4500 4500 4500 4500 4500 4500 4500 4500 4500 4500 4500    1
  1  -0.004    0    0    0    0    0    0    0    0    0    0    0    0    0    0    0    0    0
  2  -0.011    0    0    0    0    0    0    0    0    0    0    0    0    0    0    0    0    0
  3  -0.022    0    0    0    0    0    0    0    0    0    0    0    0    0    0    0    0    0
  4  -0.044    0    0    0    0    0    0    0    0    0    0    0    0    0    0    0    0    0
  5  -0.088    0    0    0    0    0    0    0    0    0    0    0    0    0    0    0    0    0
  6  -0.147    0    0    0    0    0    0    0    0    0    0    0    0    0    0    0    0    0
  7  -0.206    0    0    0    0    0    0    0    0    0    0    0    0    0    0    0    0    0
  8  -0.265    0    0    0    0    0    0    0    0    0    0    0    0    0    0    0    0    0
  9  -0.324    0    0    0    0    0    0    0    0    0    0    0    0    0    0    0    0    0
 10  -0.382    0    0    0    0    0    0    0    0    0    0    0    0    0    0    0    0    0
 11  -0.441    0    0    0    0    0    0    0    0    0    0    0    0    0    0    0    0    0
 12  -0.500    0    0    0    0    0    0    0    0    0    0    0    0    0    0    0    0    0
 13  -0.559    0    0    0    0    0    0    0    0    0    0    0    0    0    0    0    0    0
 14  -0.618    0    0    0    0    0    0    0    0    0    0    0    0    0    0    0    0    0
 15  -0.676    0    0    0    0    0    0    0    0    0    0    0    0    0    0    0    0    0
 16  -0.735    0    0    0    0    0    0    0    0    0    0    0    0    0    0    0    0    0
 17  -0.794    0    0    0    0    0    0    0    0    0    0    0    0    0    0    0    0    0
 18  -0.853    0    0    0    0    0    0    0    0    0    0    0    0    0    0    0    0    0
 19  -0.912    0    0    0    0    0    0    0    0    0    0    0    0    0    0    0    0    0
 20  -0.971    0    0    0    0    0    0    0    0    0    0    0    0    0    0    0    0    0
 21  -1.029    0    0    0    0    0    0    0    0    0    0    0    0    0    0    0    0    0




 Section i = 32

    j =      1    4    7   10   13   16   19   22   25   28   31   34   37   40   43   46   49
        d =    1 4500 4500 4498 4453 4106 2999 1373  553 1374 2999 4106 4453 4498 4500 4500    1
  1  -0.004    0    0    0    0    0    0    0    0    0    0    0    0    0    0    0    0    0
  2  -0.011    0    0    0    0    0    1   -1  -14  -38  -18   -1    1    0    0    0    0    0
  3  -0.022    0    0    0    1    0    1   -2  -28  -76  -36   -1    3    1    0   -1    0    0
  4  -0.044    0   -1    0    2    0    3   -4  -56 -152  -71   -2    5    2    0   -1   -1    0
  5  -0.088    0   -1    0    4    0    6   -8 -111 -303 -141   -4   11    5    1   -2   -1    0
  6  -0.147    0   -2    0    8   -1   11  -14 -215 -596 -274   -6   21    9    2   -3   -2    0
  7  -0.206    0   -3    0   12   -1   15  -17 -307 -872 -392   -5   30   14    2   -5   -3    0
  8  -0.265    0   -4    1   14   -1   18  -18 -385-1122 -492   -2   37   19    1   -6   -4    0
  9  -0.324    0   -5    1   16   -1   20  -18 -445-1339 -572    2   43   23    0   -6   -5    0
 10  -0.382    0   -6    1   17   -1   22  -15 -488-1518 -629    8   47   27   -1   -6   -6    0
 11  -0.441    0   -7    0   17   -1   22  -12 -513-1654 -664   14   50   30   -2   -7   -6    0
 12  -0.500    0   -7    0   17   -2   22   -8 -521-1743 -677   19   52   32   -3   -7   -6    0
 13  -0.559    0   -8   -1   18   -2   22   -4 -512-1779 -668   24   52   33   -3   -7   -6    0
 14  -0.618    0   -8   -2   17   -4   21    0 -486-1759 -638   27   51   33   -3   -7   -6    0
 15  -0.676    0   -7   -2   16   -6   19    3 -447-1681 -589   30   47   31   -3   -7   -6    0
 16  -0.735    0   -7   -2   15   -6   16    6 -394-1541 -522   31   42   28   -3   -6   -5    0
 17  -0.794    0   -6   -2   13   -7   13    7 -329-1337 -438   29   35   25   -3   -6   -4    0
 18  -0.853    0   -5   -2   11   -6   10    8 -254-1066 -340   26   28   21   -2   -5   -3    0
 19  -0.912    0   -3   -2    8   -4    7    7 -170 -727 -228   20   20   15   -1   -4   -2    0
 20  -0.971    0   -2   -1    4   -2    5    5  -79 -319 -105   13   11    8    0   -2   -1    0
 21  -1.029    0    0    0    0    0    0    0    0    0    0    0    0    0    0    0    0    0




 Section i = 64

    j =      1    4    7   10   13   16   19   22   25   28   31   34   37   40   43   46   49
        d =    1 4500 4500 4500 4500 4500 4500 4500 4500 4500 4500 4500 4500 4500 4500 4500    1
  1  -0.004    0    0    0    0    0    0    0    0    0    0    0    0    0    0    0    0    0
  2  -0.011    0    2    1    1    1    1    1    0    0   -1   -1   -1   -1   -1   -2   -2    0
  3  -0.022    0    2    1    1    1    1    1    0    0   -1   -1   -1   -1   -1   -2   -2    0
  4  -0.044    0    2    1    1    0    1    1    0    1   -2   -2   -2   -2   -1   -2   -2    0
  5  -0.088    0    2    1    1    0    2    3    0    2   -3   -3   -2   -2   -1   -2   -2    0
  6  -0.147    0    3    1    1   -1    4    5   -1    4   -4   -5   -3   -3   -1   -3   -3    0
  7  -0.206    0    3    1    1   -2    6    6   -2    6   -6   -7   -3   -4    0   -3   -4    0
  8  -0.265    0    4    1    1   -3    8    8   -3    7   -7   -9   -4   -4    0   -4   -5    0
  9  -0.324    0    4    1    1   -4    9   10   -4    8   -8  -10   -5   -5    1   -4   -5    0
 10  -0.382    0    4    1    1   -4   11   11   -5    9   -9  -12   -5   -6    1   -4   -5    0
 11  -0.441    0    4    1    1   -5   12   12   -6    9   -9  -13   -6   -6    2   -4   -6    0
 12  -0.500    0    4    1    0   -6   12   13   -7    9   -9  -13   -7   -6    2   -4   -6    0
 13  -0.559    0    4    0    0   -6   12   13   -7    9   -9  -14   -7   -7    2   -4   -6    0
 14  -0.618    0    4    0    0   -6   12   13   -7    9   -8  -13   -7   -7    3   -4   -6    0
 15  -0.676    0    3    0   -1   -6   11   13   -7    8   -7  -13   -7   -7    2   -4   -6    0
 16  -0.735    0    3   -1   -1   -6   10   12   -7    7   -6  -12   -7   -6    2   -4   -5    0
 17  -0.794    0    2   -1   -1   -6    8   10   -7    6   -5  -10   -7   -6    2   -3   -5    0
 18  -0.853    0    2   -1   -1   -5    7    8   -6    5   -4   -9   -6   -5    2   -3   -4    0
 19  -0.912    0    1   -1   -2   -4    4    6   -5    3   -3   -7   -5   -4    1   -3   -3    0
 20  -0.971    0    0   -1   -2   -3    1    2   -3    1   -2   -4   -3   -3    0   -2   -2    0
 21  -1.029    0    0    0    0    0    0    0    0    0    0    0    0    0    0    0    0    0



 Potential temperature, t                

 Time =    0.0250 days    multiply all values by 1.00E-02

 Section i =  1

    j =      1    4    7   10   13   16   19   22   25   28   31   34   37   40   43   46   49
        d =    1 4500 4500 4500 4500 4500 4500 4500 4500 4500 4500 4500 4500 4500 4500 4500    1
  1  -0.004    0 1975 1975 1975 1975 1975 1975 1975 1975 1975 1975 1975 1975 1975 1975 1975    0
  2  -0.011    0 1927 1927 1927 1927 1927 1927 1927 1927 1927 1927 1927 1927 1927 1927 1927    0
  3  -0.022    0 1858 1858 1858 1858 1858 1858 1858 1858 1858 1858 1858 1858 1858 1858 1858    0
  4  -0.044    0 1730 1730 1730 1730 1730 1730 1730 1730 1730 1730 1730 1730 1730 1730 1730    0
  5  -0.088    0 1508 1508 1508 1508 1508 1508 1508 1508 1508 1508 1508 1508 1508 1508 1508    0
  6  -0.147    0 1274 1274 1274 1274 1274 1274 1274 1274 1274 1274 1274 1274 1274 1274 1274    0
  7  -0.206    0 1094 1094 1094 1094 1094 1094 1094 1094 1094 1094 1094 1094 1094 1094 1094    0
  8  -0.265    0  956  956  956  956  956  956  956  956  956  956  956  956  956  956  956    0
  9  -0.324    0  850  850  850  850  850  850  850  850  850  850  850  850  850  850  850    0
 10  -0.382    0  768  768  768  768  768  768  768  768  768  768  768  768  768  768  768    0
 11  -0.441    0  706  706  706  706  706  706  706  706  706  706  706  706  706  706  706    0
 12  -0.500    0  658  658  658  658  658  658  658  658  658  658  658  658  658  658  658    0
 13  -0.559    0  621  621  621  621  621  621  621  621  621  621  621  621  621  621  621    0
 14  -0.618    0  593  593  593  593  593  593  593  593  593  593  593  593  593  593  593    0
 15  -0.676    0  571  571  571  571  571  571  571  571  571  571  571  571  571  571  571    0
 16  -0.735    0  555  555  555  555  555  555  555  555  555  555  555  555  555  555  555    0
 17  -0.794    0  542  542  542  542  542  542  542  542  542  542  542  542  542  542  542    0
 18  -0.853    0  532  532  532  532  532  532  532  532  532  532  532  532  532  532  532    0
 19  -0.912    0  525  525  525  525  525  525  525  525  525  525  525  525  525  525  525    0
 20  -0.971    0  519  519  519  519  519  519  519  519  519  519  519  519  519  519  519    0
 21  -1.029    0    0    0    0    0    0    0    0    0    0    0    0    0    0    0    0    0




 Section i = 32

    j =      1    4    7   10   13   16   19   22   25   28   31   34   37   40   43   46   49
        d =    1 4500 4500 4498 4453 4106 2999 1373  553 1374 2999 4106 4453 4498 4500 4500    1
  1  -0.004    0 1975 1975 1975 1976 1977 1983 1992 1997 1992 1983 1977 1976 1975 1975 1975    0
  2  -0.011    0 1927 1927 1927 1928 1934 1951 1977 1990 1977 1951 1934 1928 1927 1927 1927    0
  3  -0.022    0 1858 1858 1858 1860 1870 1904 1955 1980 1954 1904 1870 1860 1858 1858 1858    0
  4  -0.044    0 1730 1730 1730 1732 1751 1814 1911 1961 1910 1814 1751 1732 1730 1730 1730    0
  5  -0.088    0 1508 1508 1509 1513 1544 1651 1827 1923 1826 1650 1544 1513 1509 1508 1508    0
  6  -0.147    0 1274 1274 1274 1279 1320 1464 1723 1874 1721 1464 1320 1279 1274 1274 1274    0
  7  -0.206    0 1094 1094 1094 1100 1144 1308 1627 1826 1625 1307 1144 1100 1094 1094 1094    0
  8  -0.265    0  956  956  956  962 1006 1177 1538 1780 1536 1177 1006  961  956  956  956    0
  9  -0.324    0  850  850  850  855  897 1068 1457 1736 1454 1067  897  855  850  850  850    0
 10  -0.382    0  768  768  769  773  812  976 1382 1694 1379  975  812  773  769  768  768    0
 11  -0.441    0  706  706  706  710  745  899 1313 1652 1309  898  745  710  706  706  706    0
 12  -0.500    0  658  658  658  662  692  834 1249 1613 1245  833  692  662  658  658  658    0
 13  -0.559    0  621  621  621  625  651  780 1190 1574 1187  779  651  625  621  621  621    0
 14  -0.618    0  593  593  593  596  619  735 1136 1537 1132  734  619  596  593  593  593    0
 15  -0.676    0  571  571  572  574  593  697 1086 1501 1083  696  593  574  572  571  571    0
 16  -0.735    0  555  555  555  557  573  665 1040 1466 1037  664  573  557  555  555  555    0
 17  -0.794    0  542  542  542  544  557  638  998 1433  994  638  557  544  542  542  542    0
 18  -0.853    0  532  532  532  534  545  616  959 1400  955  615  545  534  532  532  532    0
 19  -0.912    0  525  525  525  526  535  597  923 1369  919  597  535  526  525  525  525    0
 20  -0.971    0  519  519  519  520  528  581  890 1340  886  581  528  520  519  519  519    0
 21  -1.029    0    0    0    0    0    0    0    0    0    0    0    0    0    0    0    0    0




 Section i = 64

    j =      1    4    7   10   13   16   19   22   25   28   31   34   37   40   43   46   49
        d =    1 4500 4500 4500 4500 4500 4500 4500 4500 4500 4500 4500 4500 4500 4500 4500    1
  1  -0.004    0 1975 1975 1975 1975 1975 1975 1975 1975 1975 1975 1975 1975 1975 1975 1975    0
  2  -0.011    0 1927 1927 1927 1927 1927 1927 1927 1927 1927 1927 1927 1927 1927 1927 1927    0
  3  -0.022    0 1858 1858 1858 1858 1858 1858 1858 1858 1858 1858 1858 1858 1858 1858 1858    0
  4  -0.044    0 1730 1730 1730 1730 1730 1730 1730 1730 1730 1730 1730 1730 1730 1730 1730    0
  5  -0.088    0 1508 1508 1508 1508 1508 1508 1508 1508 1508 1508 1508 1508 1508 1508 1508    0
  6  -0.147    0 1274 1274 1274 1274 1274 1274 1274 1274 1274 1274 1274 1274 1274 1274 1274    0
  7  -0.206    0 1094 1094 1094 1094 1094 1094 1094 1094 1094 1094 1094 1094 1094 1094 1094    0
  8  -0.265    0  956  956  956  956  956  956  956  956  956  956  956  956  956  956  956    0
  9  -0.324    0  850  850  850  850  850  850  850  850  850  850  850  850  850  850  850    0
 10  -0.382    0  768  768  768  768  768  768  768  768  768  768  768  768  768  768  768    0
 11  -0.441    0  706  706  706  706  706  706  706  706  706  706  706  706  706  706  706    0
 12  -0.500    0  658  658  658  658  658  658  658  658  658  658  658  658  658  658  658    0
 13  -0.559    0  621  621  621  621  621  621  621  621  621  621  621  621  621  621  621    0
 14  -0.618    0  593  593  593  593  593  593  593  593  593  593  593  593  593  593  593    0
 15  -0.676    0  571  571  571  571  571  571  571  571  571  571  571  571  571  571  571    0
 16  -0.735    0  555  555  555  555  555  555  555  555  555  555  555  555  555  555  555    0
 17  -0.794    0  542  542  542  542  542  542  542  542  542  542  542  542  542  542  542    0
 18  -0.853    0  532  532  532  532  532  532  532  532  532  532  532  532  532  532  532    0
 19  -0.912    0  525  525  525  525  525  525  525  525  525  525  525  525  525  525  525    0
 20  -0.971    0  519  519  519  519  519  519  519  519  519  519  519  519  519  519  519    0
 21  -1.029    0    0    0    0    0    0    0    0    0    0    0    0    0    0    0    0    0



vtot =    0.3932882E+15   atot =    0.8916713E+11  eaver =  -0.1054320E-01
taver =   0.8340318E+01   saver =   0.3500061E+02  tsalt =   0.1376533E+17

*****************************************************************************************************************************

 time =   0.0250, iint =      13, iext =      31, iprint =       6


